Project,IFPUG,COSMIC,Tran_Num,UseCase_Num,LOG_SLOC,SLOC,SLOC1,KSLOC,, UUCP,SWTIII,Log_Effort,Effort,Effort1,Effort2,Component_Num,Precedence_Num,Stimulus_Num,Response_Num,Tran_Num,UseCase_Num,Activity_Num,Actor_Num,Boundary_Num,ControlNum,Entity_Num,EI,EQ,INT,DM,CTRL,EXTIVK,EXTCLL,TRAN_NA,NT,Avg_TL,Avg_TD,Arch_Diff,DET,RET,ILF,EIF,EI,EO,EQ,FN,IFPUG,NI,NE,MKII,EXT,ERY,RED,WRT,COSMIC,COSMIC,UAW,TCF,EF,Simple_UC,Average_UC,Complex_UC, UUCP, UCP,NOET,NOAAE,NORT,NEM,NSR,NOS,WMC,MPC,DIT,NIVPC,NUMS,NCI,NCIF,RR,NTLC,NOCPBC,NT,NOA,NOUC,NOR,ANAPUC,ANRPUC,NOC,NOIR,NOUR,NORR,NOM,NOP,NOCA,NOASSOC,ANMC,ANPC,ANCAC,ANASSOCC,ANRELC,NOAPC,NODET,NORET,NOMPC,NPPM,NMT,transaction_file,Duration,Personnel,PublishTime,StartTime,ActivePersonnel,Type,Commits,Files,Blanks,Comments,SLOC,Screens,UI Elements,Input Elements,Output Elements,Operations, Services, Activities, BroadcastReceivers, ContentProviders, LayoutFiles, Views, Screens, EventHandlers
2048_S1W1L1_2019-4-28@1559050698438,110,12,7,4,6.761637091,864.0555762,0,0,0,25,18.41351284,7.842806822,2560,560,560,7,12,7,7,7,4,12,2,2,3,2,0,0,5,0,5,0,5,2,5,3.8,18,68.4,2020,12,86,5,0,0,19,5,110,7,7,17.5,3.96,8.04,0,0,12,12,4,1,1,3,1,0,25,29,7,843,3682,699,1679,4,97.85826772,7.165354331,1.447058824,0.771653543,1679,42,10,140,85,0.494117647,7,1,4,1,1.25,5,127,42,140,25,910,564,843,3475,7.165354331,0.61978022,6.637795276,27.36220472,28.99212598,6.637795276,804,108,7.165354331,0.61978022,910,d:/AndroidAnalysis/GatorAnalysisResults4/S1W1L1_5_29/2048_S1W1L1_2019-4-28@1559050698438_analysis/filteredTransactionEvaluation.csv,1770,11,43699,41712,1,game/brain games/puzzle,Entertainment,88,0,0,0,0,5,9,0,0,5,0,27,3,1,1,0,0
AFHDownloader_S1W1L1_2019-6-12@1562926542058,71,6,5,3,6.136502465,462.4333623,9342,9.342,1,15,8.060395979,7.016650281,1120,1120,1120,11,7,5,5,5,3,7,1,2,7,2,0,0,4,0,4,0,4,1,4,3,4.75,14.25,2951,6,51,0,0,0,20,5,71,5,5,14.06,1.98,4.02,0,0,6,6,2,1,1,3,0,0,15,17,11,2020,505,116,105,3,40.26229508,3.213114754,1.051724138,0.409836066,105,3,3,28,58,0.051724138,5,1,3,1,1.333333333,4,61,3,28,3,196,242,2020,471,3.213114754,1.234693878,33.1147541,7.721311475,8.278688525,33.1147541,1986,47,3.213114754,1.234693878,196,d:/AndroidAnalysis/GatorAnalysisResults5/AFHDownloader_S1W1L1_2019-6-12@1562926542058_analysis/filteredTransactionEvaluation.csv,663,2,42555,42555,0,Internet,Tools,69,278,1062,9342,19882,4,26,12,14,14,8,12,7,2,95,40,9
alltheapps_S1W1L1_2019-4-16@1558026623598,90,112,9,5,7.460343424,1737.744738,4749,4.749,1,55,42.14336328,7.938056815,2816,2816,2816,8,198,9,9,9,5,198,1,3,5,0,0,0,4,0,4,0,4,5,4,51.75,2294,118714.5,795,11,43,5,0,0,42,9,90,9,8,20.58,35.97,76.03,0,0,112,112,2,1,1,1,2,2,55,55,8,795,987,297,182,5,67.23076923,5.333333333,1.403508772,0.705128205,182,21,13,78,57,0.403508772,9,1,5,1,1.2,1.2,78,23,78,18,416,360,795,868,5.333333333,0.865384615,10.19230769,11.12820513,12.65384615,10.19230769,780,61,5.333333333,0.865384615,416,d:/AndroidAnalysis/GatorAnalysisResults_rufus/alltheapps_S1W1L1_2019-4-16@1558026623598_analysis/filteredTransactionEvaluation.csv,,,,,,,,,,,4749,,,,,,2,4,5,2,32,0,0,0
AnExplorer_S1W1L1_2019-4-29@1559144669093,77,253,20,5,7.433346191,1691.458056,12573,12.573,1,50,151.5617388,8.055449966,3167,1167,1167,7,660,20,20,20,5,660,2,3,4,0,0,0,8,0,8,0,8,11,8,84.75,14155.75,1199699.813,0,0,0,35,45,0,0,0,80,20,20,46.62,149.49,103.51,0,0,253,253,1,1,1,2,2,1,46,0,7,6000,8971,2540,4798,7,92.49530957,7.09380863,1.245238095,0.69043152,4798,113,37,483,420,0.276190476,20,2,5,2,1.285714286,4.5,533,116,483,86,3781,4450,6000,8286,7.09380863,1.176937318,11.25703565,15.54596623,16.83114447,11.25703565,5871,425,7.09380863,1.176937318,3781,d:/AndroidAnalysis/GatorAnalysisResults4/S1W1L1_5_29/AnExplorer_S1W1L1_2019-4-29@1559144669093_analysis/filteredTransactionEvaluation.csv,2068,2,42743,41364,7,Tools/files,Tools,555,562,9858,12573,53427,19,150,119,31,24,21,20,29,20,151,214,111
AnotherMonitor_S1W1L1_2019-4-28@1559050904766,115,318,40,1,6.826426686,921.8907149,6850,6.85,1,50,223.1547404,9.482207735,13203,203,13203,7,576,40,40,40,1,576,1,2,2,3,0,0,8,0,8,0,8,7,8,40.75,8554.125,348580.5938,5370,8,65,5,10,4,30,5,114,40,40,91.42,76.23,154.77,58.29,28.71,318,318,2,1,1,1,0,0,5,7,7,2278,1648,138,408,8,49.86956522,3.826086957,1,0.782608696,408,0,0,72,92,0,40,2,1,2,1.25,5,92,0,72,0,352,393,2278,1576,3.826086957,1.116477273,24.76086957,17.13043478,17.91304348,24.76086957,2234,57,3.826086957,1.116477273,352,d:/AndroidAnalysis/GatorAnalysisResults4/S1W1L1_5_29/AnotherMonitor_S1W1L1_2019-4-28@1559050904766_analysis/filteredTransactionEvaluation.csv,941,2,43699,42089,1,tools/system info,Tools,54,453,1703,6850,29711,0,19,0,0,10,8,12,14,2,86,129,1040
AntennaPod_S1W1L1_2019-4-29@1559165229414,151,292.76,65,20,8.00302483,2989.988529,8174,8.174,1,65,529.5444762,9.485985214,13253,15253,25253,7,6694,65,65,65,20,6694,2,1,6,0,0,0,24,0,24,0,24,19,24,211.375,370798.7083,78377576.97,2859,6,148,0,0,0,3,1,151,65,64,145.76,91.98,55.02,0,0,292.76,292.76,4,1,1,15,1,4,145,149,7,11975,11465,3940,8997,24,69.93500464,5.332404828,1.161117078,0.820798514,8997,146,69,1037,931,0.170784103,65,2,20,2,1.083333333,13,1077,155,1037,138,5743,6051,11975,10135,5.332404828,1.053630507,11.11884865,9.410399257,10.64531105,11.11884865,11863,938,5.332404828,1.053630507,5743,d:/AndroidAnalysis/GatorAnalysisResults4/S1W1L1_5_29/AntennaPod_S1W1L1_2019-4-29@1559165229414_analysis/filteredTransactionEvaluation.csv,2632,96,41697,40900,38,video player & Editors/entertainment,Productivity,4751,548,9281,8174,73748,41,172,0,0,79,0,0,0,0,321,0,0
CallRecorder_S1W1L1_2019-6-12@1562926518816,113,22,5,11,7.338970154,1539.126234,11440,11.44,1,65,13.54421019,7.82706841,2520,520,520,7,25,5,5,5,11,25,1,2,4,1,0,0,1,0,1,0,1,2,1,25,204,5100,7482,7,52,0,0,0,61,16,113,5,3,9.7,3.96,10.04,5.36,2.64,22,22,2,1,1,8,1,2,80,82,7,2951,1143,228,539,15,44.76190476,3.333333333,1.019417476,0.723809524,539,2,2,78,103,0.019417476,5,2,11,2,1.133333333,8.5,105,2,78,1,350,364,2951,1062,3.333333333,1.04,28.1047619,10.11428571,10.88571429,28.1047619,2920,94,3.333333333,1.04,350,d:/AndroidAnalysis/GatorAnalysisResults5/CallRecorder_S1W1L1_2019-6-12@1562926518816_analysis/filteredTransactionEvaluation.csv,0,0,43699,42659,0,System,Tools,0,348,1571,11440,47007,11,18,18,0,29,12,14,23,5,139,40,13
CuffUpdateService_S1W1L1_2019-4-16@1558026636892,77,4,4,4,7.30924124,1494.043139,82157,82.157,1,45,4.254791098,7.938056815,2816,2816,2816,7,4,4,4,4,4,4,1,1,5,1,0,0,4,0,4,0,4,0,4,2,4,8,77,8,65,0,0,0,12,4,77,4,4,10.78,1.32,2.68,0,0,4,4,2,1,1,1,1,2,45,45,7,77,121,44,1,4,42.96774194,3.580645161,1,0.161290323,1,0,0,5,31,0,4,1,4,1,1.25,1.25,31,0,5,0,111,91,77,116,3.580645161,0.81981982,2.483870968,3.741935484,3.903225806,2.483870968,73,24,3.580645161,0.81981982,111,d:/AndroidAnalysis/GatorAnalysisResults_rufus/CuffUpdateService_S1W1L1_2019-4-16@1558026636892_analysis/filteredTransactionEvaluation.csv,,,,,,,,,,,82157,,,,,,6,7,8,2,3,0,0,0
F-Droid_S1W1L1_2019-6-12@1562926491807,76,0,0,9,7.21137136,1354.748842,27387,27.387,1,45,0,7.78246444,2410,410,410,0,0,0,0,0,9,0,2,0,0,0,0,0,0,0,0,0,0,0,0,0,0,0,843,7,52,0,0,0,24,7,76,0,0,0,0,0,0,0,0,0,4,1,1,9,0,0,45,49,0,0,0,0,0,3,0,0,0,0,0,0,0,0,0,0,0,2,9,2,1.666666667,2.5,0,0,0,0,0,0,0,0,0,0,0,0,0,0,0,0,0,0,0,d:/AndroidAnalysis/GatorAnalysisResults5/F-Droid_S1W1L1_2019-6-12@1562926491807_analysis/filteredTransactionEvaluation.csv,0,0,43699,40468,0,System,Tools,0,1090,11718,27387,151887,10,14,13,1,23,17,26,24,13,229,0,0
Firefox_Klar_S1W1L1_2019-5-15@1560625157760,107,5,5,15,7.25153244,1410.264339,28510,28.51,1,70,5.318488873,7.86862576,2627,627,627,8,5,5,5,5,15,5,2,1,7,0,0,0,3,0,3,0,3,0,3,2,5,10,6000,7,18,0,0,0,89,20,107,5,5,13.28,1.65,3.35,0,0,5,5,4,1,1,8,7,0,110,114,8,5370,5896,2430,4399,8,75.80505415,5.846570397,1.149377593,0.675090253,4399,72,36,448,482,0.159751037,5,2,15,2,1.25,5,554,77,448,65,3239,3161,5370,5306,5.846570397,0.975918493,9.693140794,9.577617329,10.64259928,9.693140794,5355,429,5.846570397,0.975918493,3239,d:/AndroidAnalysis/GatorAnalysisResults5/Firefox_Klar_S1W1L1_2019-5-15@1560625157760_analysis/filteredTransactionEvaluation.csv,841,54,42899,42713,15,Internet,Productivity,2580,1350,10152,28510,169088,22,29,19,19,47,25,16,13,3,145,230,33
Keyguard_S1W1L1_2019-4-16@1558026654419,90,7,7,3,7.258101697,1419.559224,19232,19.232,1,25,7.445884422,7.55686671,1923,1923,1923,8,7,7,7,7,3,7,1,1,7,0,0,0,3,0,3,0,3,0,3,2,7,14,1123,12,68,0,0,0,22,7,90,7,7,17.76,2.31,4.69,0,0,7,7,2,1,1,1,2,0,25,25,8,1123,7055,957,0,3,87.79238754,7.034602076,1.189300412,1.024221453,0,46,22,349,243,0.209876543,7,1,3,1,1.333333333,1.333333333,289,53,349,39,2033,1922,1123,6614,7.034602076,0.945400885,3.885813149,22.88581315,24.41176471,3.885813149,1112,241,7.034602076,0.945400885,2033,d:/AndroidAnalysis/GatorAnalysisResults_rufus/Keyguard_S1W1L1_2019-4-16@1558026654419_analysis/filteredTransactionEvaluation.csv,,,,,,,,,,,19232,,,,,,2,6,6,1,41,172,2,32
leafpic_S1W1L1_2019-4-28@1559051230049,132,168.3,1,12,7.598981469,1996.161707,3308,3.308,1,70,1.063697775,8.466636698,4779,4779,4779,8,1,1,1,1,12,1,1,1,7,0,0,0,1,0,1,0,1,0,1,2,1,2,1622,8,58,5,0,0,69,72,132,1,1,114.3,32.33,21.67,0,0,168.3,168.3,2,1,1,6,6,0,92,192,8,5372,4803,1450,2850,9,64.66949153,4.902542373,1.152380952,0.802966102,2850,52,24,441,420,0.15952381,1,1,12,1,1.111111111,10,472,62,441,57,2314,2521,5372,4243,4.902542373,1.089455488,11.38135593,8.98940678,10.17584746,11.38135593,5371,388,4.902542373,1.089455488,2314,d:/AndroidAnalysis/GatorAnalysisResults4/S1W1L1_5_29/leafpic_S1W1L1_2019-4-28@1559051230049_analysis/filteredTransactionEvaluation.csv,900,16,42499,42376,10,Editors/photos/social,Entertainment,1355,271,4070,3308,25858,59,232,0,0,81,0,0,0,0,160,0,0
LockScreenApp_S1W1L1_2019-4-16@1558026676549,89,70,35,6,7.025510664,1124.968893,8360,8.36,1,50,56.42277185,7.245347344,1408,1408,1408,11,93,35,35,35,6,93,1,6,4,1,0,0,15,0,15,0,15,7,15,6.8,68.86666667,468.2933333,1240,17,27,15,0,0,47,35,89,35,35,81.26,22.11,44.89,2.01,0.99,70,70,2,1,1,3,2,1,50,50,11,1240,2541,295,220,6,60,4.632653061,1.076923077,1.030612245,220,7,6,108,91,0.076923077,35,1,6,1,1.166666667,1.166666667,98,7,108,7,454,357,1240,2419,4.632653061,0.786343612,12.65306122,24.68367347,25.92857143,12.65306122,1089,66,4.632653061,0.786343612,454,d:/AndroidAnalysis/GatorAnalysisResults_rufus/LockScreenApp_S1W1L1_2019-4-16@1558026676549_analysis/filteredTransactionEvaluation.csv,,,,,,,,,,,8360,,,,,,9,14,16,2,47,0,0,0
manglish_S1W1L1_2019-6-12@1562926484676,62,35.28,1,10,7.201003831,1340.776002,18164,18.164,1,75,1.063697775,7.085599585,1200,1200,1200,4,1,1,1,1,10,1,2,1,1,2,0,0,1,0,1,0,1,0,1,2,1,2,1266,8,59,0,0,0,3,1,62,1,1,13.28,8.33,13.67,0,0,35.28,35.28,4,1,1,5,4,1,84,179,4,2859,159,55,23,5,27.74193548,2.258064516,1.103448276,0.322580645,23,2,3,13,29,0.103448276,1,2,10,2,1.4,3.5,31,3,13,3,70,61,2859,140,2.258064516,0.871428571,92.22580645,4.516129032,5.129032258,92.22580645,2854,26,2.258064516,0.871428571,70,d:/AndroidAnalysis/GatorAnalysisResults5/manglish_S1W1L1_2019-6-12@1562926484676_analysis/filteredTransactionEvaluation.csv,36,2,43617,43597,0,Reading,Productivity,54,321,2392,18164,31721,50,168,0,0,87,9,5,5,2,106,9,1
materialistic_S1W1L1_2019-4-28@1559051254190,126,61,6,10,7.31276567,1499.318079,6757,6.757,1,75,33.70087618,7.750869548,2335,2335,2335,10,127,6,5,6,10,127,2,3,7,0,0,0,2,0,2,0,2,4,2,66.5,1493.5,99317.75,3109,8,59,0,0,0,67,21,126,6,6,16.04,20.13,40.87,0,0,61,61,4,1,1,5,4,1,84,179,10,4580,5568,2159,9653,10,62.54308943,4.808130081,1.290650407,0.798373984,9653,123,50,603,492,0.363821138,6,1,10,1,1.1,11,615,136,603,123,2957,3277,4580,4706,4.808130081,1.108217788,7.447154472,7.65203252,9.053658537,7.447154472,4545,513,4.808130081,1.108217788,2957,d:/AndroidAnalysis/GatorAnalysisResults4/S1W1L1_5_29/materialistic_S1W1L1_2019-4-28@1559051254190_analysis/filteredTransactionEvaluation.csv,1328,2,42466,42026,11,news/magazines,Tools,1716,433,6723,6757,98046,50,168,0,0,87,9,35,8,6,210,349,2113
Mindorks_S1W1L1_2019-4-28@1559050892966,113,40.92,1,10,7.334181383,1531.773331,2538,2.538,1,55,1.063697775,9.432232777,12559,559,559,18,1,1,1,1,10,1,1,1,16,1,0,0,1,0,1,0,1,0,1,2,1,2,777,7,52,0,0,0,61,73,113,1,1,16.92,22.33,1.67,0,0,40.92,40.92,2,1,1,9,1,0,55,57,18,2731,2013,1072,4561,11,66.5984252,5.177165354,1.22,0.602362205,4561,54,14,228,200,0.325,1,2,10,2,1.181818182,6.5,254,75,228,67,1315,1102,2731,1643,5.177165354,0.838022814,10.7519685,6.468503937,7.92519685,10.7519685,2719,197,5.177165354,0.838022814,1315,d:/AndroidAnalysis/GatorAnalysisResults4/S1W1L1_5_29/Mindorks_S1W1L1_2019-4-28@1559050892966_analysis/filteredTransactionEvaluation.csv,635,3,43699,42762,1,Health&Fitness,Tools,159,159,1850,2538,6805,19,57,0,0,20,9,11,6,3,105,38,4
music_S1W1L1_2019-4-16@1558026688453,83,3,2,8,7.3674185,1583.540592,52801,52.801,1,70,7.61120976,7.938056815,2816,2816,2816,11,13,2,2,2,8,13,1,1,8,2,0,0,0,0,0,0,0,2,0,0,0,0,268,10,73,0,0,0,10,2,83,2,1,5.68,0.66,2.34,0,0,3,3,2,1,1,3,2,3,82,130,11,268,238,90,75,13,44.10810811,3.540540541,1,0.432432432,75,0,0,16,37,0,2,1,8,1,1.076923077,1.076923077,37,0,16,0,131,126,268,222,3.540540541,0.961832061,7.243243243,6,6.432432432,7.243243243,258,31,3.540540541,0.961832061,131,d:/AndroidAnalysis/GatorAnalysisResults_rufus/music_S1W1L1_2019-4-16@1558026688453_analysis/filteredTransactionEvaluation.csv,,,,,,,,,,,52801,,,,,,2,3,3,2,9,0,0,0
muzei_S1W1L1_2019-4-28@1559051308379,110,77.14,0,8,7.083449518,1192.073513,8859,8.859,1,65,0,9.49229941,13337,21737,37,4,0,0,0,0,8,0,1,0,2,2,0,0,0,0,0,0,0,0,0,0,0,0,0,0,0,0,0,0,0,0,0,0,0,1111.04,13.1,121,132,0,266.1,77.14,2,1,1,5,1,2,65,67,4,4766,136,27,0,4,13.65853659,1.12195122,1,0,0,0,0,0,41,0,0,2,8,2,1.5,3,41,0,0,0,46,0,4766,136,1.12195122,0,116.2439024,3.317073171,3.317073171,116.2439024,4766,37,1.12195122,0,46,d:/AndroidAnalysis/GatorAnalysisResults4/S1W1L1_5_29/muzei_S1W1L1_2019-4-28@1559051308379_analysis/filteredTransactionEvaluation.csv,1900,22,41677,41676,16,tool/system,Tools,1983,327,4749,8859,36836,18,44,0,0,32,0,0,0,0,125,0,0
NewPipe_S1W1L1_2019-4-28@1559051314726,160,240,16,16,7.284639731,1457.735861,8025,8.025,1,60,47.72391813,9.448883386,12770,40770,12770,7,70,16,16,16,16,70,2,1,6,0,0,0,6,0,6,0,6,1,6,6.833333333,146.3333333,999.9444444,4116,11,83,0,0,0,77,16,160,16,16,37.66,113.2,126.8,0,0,240,240,4,1,1,9,6,1,120,124,7,7482,13153,4527,9860,19,78.89468599,5.957487923,1.273076923,0.842512077,9860,255,50,1135,780,0.366666667,16,2,16,2,1.105263158,10.5,1035,263,1135,221,6166,6702,7482,11534,5.957487923,1.086928317,7.228985507,11.14396135,12.70821256,7.228985507,7336,882,5.957487923,1.086928317,6166,d:/AndroidAnalysis/GatorAnalysisResults4/S1W1L1_5_29/NewPipe_S1W1L1_2019-4-28@1559051314726_analysis/filteredTransactionEvaluation.csv,1285,306,42262,42251,30,Search/Videos/Entertainment,Tools,4371,460,10184,8025,50311,21,64,52,12,57,24,26,11,2,200,333,143
NewPipe_S1W1L1_2019-5-15@1560625183900,146,240,16,16,7.31426503,1501.567783,30357,30.357,1,60,63.47809946,9.12488177,9234,49234,3234,7,70,16,16,16,16,70,2,1,6,0,0,0,6,0,6,0,6,1,6,6.833333333,146.3333333,999.9444444,2265,13,94,0,0,0,52,8,146,16,16,37.66,113.2,126.8,0,0,240,240,4,1,1,9,6,1,120,124,7,7482,13153,4527,9860,5,78.89468599,5.957487923,1.273076923,0.842512077,9860,255,50,1135,780,0.366666667,16,2,16,2,1.4,3.5,1035,263,1135,221,6166,6702,7482,11534,5.957487923,1.086928317,7.228985507,11.14396135,12.70821256,7.228985507,7336,882,5.957487923,1.086928317,6166,d:/AndroidAnalysis/GatorAnalysisResults5/NewPipe_S1W1L1_2019-5-15@1560625183900_analysis/filteredTransactionEvaluation.csv,1332,153,42262,42250,31,Multimedia,Tools,4576,857,14599,30357,151322,21,64,52,12,57,24,26,11,2,200,333,143
OmniNotes_S1W1L1_2019-4-28@1559051391827,134,334.32,0,10,7.142155721,1264.15061,7691,7.691,1,85,0,8.410952558,4520,4520,4520,0,0,0,0,0,10,0,1,0,0,0,0,0,0,0,0,0,0,0,0,0,0,0,4766,4,134,0,0,0,0,0,134,0,0,121.21,213.11,0,0,0,334.32,334.32,2,1,1,5,3,2,85,87,0,0,0,0,0,8,0,0,0,0,0,0,0,0,0,0,0,1,10,1,1.125,9,0,0,0,0,0,0,0,0,0,0,0,0,0,0,0,0,0,0,0,d:/AndroidAnalysis/GatorAnalysisResults4/S1W1L1_5_29/OmniNotes_S1W1L1_2019-4-28@1559051391827_analysis/filteredTransactionEvaluation.csv,1928,20,42233,41575,22,tools/productivty/notes,Tools,2861,369,4811,7691,35109,26,109,0,0,65,30,26,24,5,247,0,0
opencamera_S1W1L1_2019-5-15@1560625238642,118,144.8,53,16,7.331076899,1527.025339,11350,11.35,1,80,423.0669916,10.0882291,24212,4212,24212,8,10140,53,53,53,16,10140,2,2,6,0,0,0,8,0,8,0,8,19,8,1267.625,2934984.5,3720459727,7340,8,62,0,0,0,56,16,118,53,53,120.8,15.02,8.98,0,0,144.8,144.8,4,1,1,16,0,0,80,84,8,3168,9931,2088,3874,15,126.3195266,9.579881657,1.134228188,1.127218935,3874,40,16,421,298,0.134228188,53,2,16,2,1.133333333,8.5,338,40,421,37,3238,3112,3168,9433,9.579881657,0.961087091,9.372781065,27.90828402,29.3816568,9.372781065,3025,295,9.579881657,0.961087091,3238,d:/AndroidAnalysis/GatorAnalysisResults5/opencamera_S1W1L1_2019-5-15@1560625238642_analysis/filteredTransactionEvaluation.csv,0,0,43699,41560,0,Multimedia,Tools,0,356,8590,11350,104621,15,151,148,3,31,14,7,9,2,36,384,139
OrientSwitch_S1W1L1_2019-4-16@1558026692483,98,9,9,3,7.658101697,2117.733511,19232,19.232,1,15,9.573279972,8.335666083,4192,2192,2192,4,9,9,9,9,3,9,1,1,2,1,0,0,5,0,5,0,5,0,5,2,9,18,72,4,65,5,0,0,28,9,98,9,9,21.2,2.97,6.03,0,0,9,9,2,1,1,3,0,0,15,15,4,72,178,43,10,3,31.36,2.52,1.136363636,0.48,10,3,2,15,22,0.136363636,9,1,3,1,1.333333333,1.333333333,25,3,15,2,63,47,72,158,2.52,0.746031746,2.88,6.32,7.12,2.88,45,14,2.52,0.746031746,63,d:/AndroidAnalysis/GatorAnalysisResults_rufus/OrientSwitch_S1W1L1_2019-4-16@1558026692483_analysis/filteredTransactionEvaluation.csv,,,,,,,,,,,19232,,,,,,2,3,4,2,1,0,0,0
prey_S1W1L1_2019-4-28@1559052797326,90,290,28,3,7.355026059,1564.037752,4274,4.274,1,20,193.443204,7.79482792,2440,2440,2440,8,1457,28,28,28,3,1457,1,1,7,0,0,0,2,0,2,0,2,7,2,705.5,277494.5,195772369.8,0,0,0,0,0,0,0,0,0,28,26,61.48,94.04,195.96,0,0,290,290,2,1,1,2,1,0,20,22,8,3658,3416,1561,2991,8,68.86352357,5.325062035,1.086253369,0.523573201,2991,32,6,239,371,0.086253369,28,1,3,1,1.125,9,403,32,239,25,2146,2067,3658,3120,5.325062035,0.963187325,9.076923077,7.741935484,8.476426799,9.076923077,3613,279,5.325062035,0.963187325,2146,d:/AndroidAnalysis/GatorAnalysisResults4/S1W1L1_5_29/prey_S1W1L1_2019-4-28@1559052797326_analysis/filteredTransactionEvaluation.csv,2838,3,41771,40701,9,Game/role playing,Tools,727,359,7728,4274,36358,6,17,0,0,13,46,38,32,4,243,445,100
PullUpMenu_S1W1L1_2019-4-16@1558026695747,99,66,11,10,6.58671498,725.3940178,39871,39.871,1,80,29.77920039,7.245347344,1408,1408,1408,8,147,11,11,11,10,147,1,3,5,0,0,0,6,0,6,0,6,2,6,25.33333333,611.6666667,15495.55556,763,8,59,0,0,0,40,11,99,11,11,26.72,21.78,44.22,0,0,66,66,2,1,1,5,4,1,80,80,8,763,908,83,204,10,58.66666667,4.444444444,1.046511628,0.933333333,204,2,2,44,43,0.046511628,11,1,10,1,1.1,1.1,45,2,44,2,200,125,763,860,4.444444444,0.625,16.95555556,19.11111111,20.17777778,16.95555556,750,35,4.444444444,0.625,200,d:/AndroidAnalysis/GatorAnalysisResults_rufus/PullUpMenu_S1W1L1_2019-4-16@1558026695747_analysis/filteredTransactionEvaluation.csv,,,,,,,,,,,39871,,,,,,4,1,2,1,31,0,0,0
rcbackground_S1W1L1_2019-4-16@1558026705258,91,8,8,3,7.30536994,1488.270431,30088,30.088,1,35,8.509582197,7.245347344,1408,1408,1408,2,8,8,8,8,3,8,1,2,0,0,0,0,3,0,3,0,3,0,3,2,3.333333333,6.666666667,125,2,67,0,0,0,24,8,91,8,8,18.44,2.64,5.36,0,0,8,8,2,1,1,0,2,1,35,35,2,125,1,12,0,2,13,1.083333333,1,0,0,0,0,0,12,0,8,1,3,1,1.5,1.5,12,0,0,0,13,0,125,1,1.083333333,0,10.41666667,0.083333333,0.083333333,10.41666667,8,4,1.083333333,0,13,d:/AndroidAnalysis/GatorAnalysisResults_rufus/rcbackground_S1W1L1_2019-4-16@1558026705258_analysis/filteredTransactionEvaluation.csv,,,,,,,,,,,30088,,,,,,7,6,7,2,4,0,0,0
RufusConnectAndroid_S1W1L1_2019-4-16@1558026707893,84,6,6,5,7.21042399,1353.466002,45125,45.125,1,65,6.382186648,8.128744494,3408,1408,1408,2,6,6,6,6,5,6,1,2,0,0,0,0,2,0,2,0,2,0,2,2,3,6,132,2,66,0,0,0,18,6,84,6,6,13.96,1.98,4.02,0,0,6,6,2,1,1,0,2,3,65,65,2,132,1,12,0,5,13,1.083333333,1,0,0,0,0,0,12,0,6,1,5,1,1.2,1.2,12,0,0,0,13,0,132,1,1.083333333,0,11,0.083333333,0.083333333,11,69,5,1.083333333,0,13,d:/AndroidAnalysis/GatorAnalysisResults_rufus/RufusConnectAndroid_S1W1L1_2019-4-16@1558026707893_analysis/filteredTransactionEvaluation.csv,,,,,,,,,,,45125,,,,,,7,6,8,2,10,0,0,0
RufusCuffLauncher_S1W1L1_2019-4-16@1558026710427,123,162,61,5,7.28380673,1456.522071,53674,53.674,1,50,211.521235,7.938056815,2816,2816,2816,7,217,61,64,61,5,217,1,3,4,0,0,0,25,0,25,0,25,9,25,8.96,568.68,5095.3728,1900,10,69,5,0,0,89,61,163,61,61,138.46,53.46,108.54,0,0,162,162,2,1,1,1,3,1,50,50,7,1900,4206,1139,467,5,73.72262774,5.912408759,1.395939086,1.149635036,467,77,35,392,197,0.395939086,61,1,5,1,1.2,1.2,274,78,392,68,1620,1670,1900,3668,5.912408759,1.030864198,6.934306569,13.38686131,15.35036496,6.934306569,1781,186,5.912408759,1.030864198,1620,d:/AndroidAnalysis/GatorAnalysisResults_rufus/RufusCuffLauncher_S1W1L1_2019-4-16@1558026710427_analysis/filteredTransactionEvaluation.csv,,,,,,,,,,,53674,,,,,,8,13,9,3,58,0,0,0
RufusLocation_S1W1L1_2019-4-16@1558026747018,118,54,49,2,7.701984305,2212.734378,6048,6.048,1,25,60.34691227,8.037941868,3112,2112,2112,6,59,49,49,49,2,59,2,3,2,1,0,0,32,0,32,0,32,3,32,2.5,25.0625,62.65625,1046,6,24,17,0,0,77,49,118,49,49,111.32,17.82,36.18,0,0,54,54,4,1,1,0,1,1,25,25,6,1046,508,84,73,2,53.95555556,4.266666667,1,0.6,73,0,0,27,45,0,49,2,2,2,1.5,2,45,0,27,0,192,155,1046,481,4.266666667,0.807291667,23.24444444,10.68888889,11.28888889,23.24444444,948,25,4.266666667,0.807291667,192,d:/AndroidAnalysis/GatorAnalysisResults_rufus/RufusLocation_S1W1L1_2019-4-16@1558026747018_analysis/filteredTransactionEvaluation.csv,,,,,,,,,,,6048,,,,,,8,17,12,2,40,0,0,0
RufusMms_S1W1L1_2019-4-16@1558026754899,198,475,190,4,8.04029367,3103.524469,93669,93.669,1,85,986.9443984,10.64136395,42112,2112,92112,7,5528,190,188,190,4,5528,1,5,2,0,0,0,69,0,69,0,69,25,69,79.91304348,122873,9819155.391,1518,10,92,45,0,0,46,190,183,190,190,427.42,142.75,332.25,0,0,475,475,2,1,1,0,1,3,55,55,7,1518,8099,1871,6315,4,101.1689498,7.445205479,1.244956772,0.860730594,6315,91,31,470,347,0.270893372,190,1,4,1,1.25,1.25,438,93,470,69,3261,3661,1518,7467,7.445205479,1.12266176,3.465753425,17.04794521,18.49086758,3.465753425,1155,303,7.445205479,1.12266176,3261,d:/AndroidAnalysis/GatorAnalysisResults_rufus/RufusMms_S1W1L1_2019-4-16@1558026754899_analysis/filteredTransactionEvaluation.csv,,,,,,,,,,,93669,,,,,,10,19,19,3,40,0,0,0
superCleanMaster_S1W1L1_2019-4-29@1559141333216,92,118,63,8,7.162194457,1289.738105,3524,3.524,1,40,10.63697775,8.041468112,3123,2123,2123,8,139,63,63,63,8,139,2,3,3,2,0,0,26,0,26,0,26,7,26,4.538461538,181.4230769,823.3816568,3550,8,62,0,0,0,30,10,92,63,63,143.2,38.94,79.06,0,0,118,118,4,1,1,8,0,0,40,44,8,3550,3351,916,607,8,72.97777778,5.737777778,1.213541667,0.582222222,607,33,13,170,192,0.239583333,63,2,8,2,1.25,5,225,39,170,32,1291,1342,3550,3110,5.737777778,1.03950426,15.77777778,13.82222222,14.89333333,15.77777778,3342,142,5.737777778,1.03950426,1291,d:/AndroidAnalysis/GatorAnalysisResults4/S1W1L1_5_29/superCleanMaster_S1W1L1_2019-4-29@1559141333216_analysis/filteredTransactionEvaluation.csv,1350,2,43699,42047,0,tools/system info,Tools,43,280,3611,3524,16175,16,32,0,0,15,17,36,15,2,154,0,0
Timber_S1W1L1_2019-4-29@1559141370065,127,123.32,1,27,7.343717215,1546.44993,3425,3.425,1,40,1.063697775,7.857147435,2597,2597,2597,8,1,1,1,1,27,1,1,1,6,1,0,0,1,0,1,0,1,0,1,2,1,2,7149,8,112,12,0,0,3,1,127,1,1,114.32,8.33,0.67,0,0,123.32,123.32,2,1,1,26,1,0,140,142,8,7149,7277,1739,4229,27,73.95501022,5.593047035,1.142857143,0.756646217,4229,62,23,436,427,0.154566745,1,1,27,1,1.037037037,28,489,66,436,42,2735,2858,7149,6733,5.593047035,1.044972578,14.6196319,13.76891616,14.88139059,14.6196319,7148,417,5.593047035,1.044972578,2735,d:/AndroidAnalysis/GatorAnalysisResults4/S1W1L1_5_29/Timber_S1W1L1_2019-4-29@1559141370065_analysis/filteredTransactionEvaluation.csv,1331,13,42373,42167,4,Music/Audio/tools,Entertainment,587,301,5715,3425,26818,53,168,0,0,60,0,0,0,0,235,0,0
wally_S1W1L1_2019-4-29@1559143564066,84,111,35,12,7.053870935,1157.330032,3162,3.162,1,60,53.31002126,7.255937714,1423,423,423,7,140,35,35,35,12,140,2,3,4,0,0,0,25,0,25,0,25,7,25,6.76,230.16,1555.8816,2308,7,8,7,0,0,9,11,24,35,35,80.22,36.63,74.37,0,0,111,111,4,1,1,12,0,0,60,64,7,2308,2833,789,1016,12,64.69421488,5.041322314,1.333333333,0.871900826,1016,50,30,275,192,0.333333333,35,2,12,2,1.166666667,7,242,64,275,57,1220,1347,2308,2437,5.041322314,1.104098361,9.537190083,10.07024793,11.70661157,9.537190083,2178,192,5.041322314,1.104098361,1220,d:/AndroidAnalysis/GatorAnalysisResults4/S1W1L1_5_29/wally_S1W1L1_2019-4-29@1559143564066_analysis/filteredTransactionEvaluation.csv,173,2,43699,41975,0,Finance,Entertainment,21,151,2462,3162,11454,22,49,0,0,19,6,7,9,2,62,0,0
WeatherWidget_S1W1L1_2019-4-16@1558027193482,117,8,8,3,7.361637091,1574.41191,6420,6.42,1,25,8.509582197,8.128744494,3408,1408,1408,9,8,8,8,8,3,8,2,1,7,1,0,0,8,0,8,0,8,0,8,2,8,16,907,12,93,0,0,0,24,8,117,8,8,20.26,2.64,5.36,0,0,8,8,4,1,1,1,2,0,25,25,9,907,995,340,4,3,58.63414634,4.804878049,1.28125,1.219512195,4,18,7,118,64,0.28125,8,2,3,2,1.333333333,1.666666667,82,18,118,15,394,396,907,844,4.804878049,1.005076142,11.06097561,10.29268293,12.13414634,11.06097561,881,54,4.804878049,1.005076142,394,d:/AndroidAnalysis/GatorAnalysisResults_rufus/WeatherWidget_S1W1L1_2019-4-16@1558027193482_analysis/filteredTransactionEvaluation.csv,,,,,,,,,,,6420,,,,,,2,3,5,2,27,0,0,0
