{"nodes":[],"edges":[{"start":{"name":"this$0:attrDependency","UUID":"83fb63ab-17c3-424f-a76d-c064bd77449e","attr":{"name":"this$0","type":"org.anothermonitor.ActivityMain","UUID":"83fb63ab-17c3-424f-a76d-c064bd77449e"},"component":{"name":"ActivityMain","classUnit":"ebaaa078-1577-49bb-94b2-159dd043f735"}},"end":{"name":"ActivityMain$26","component":{"name":"ActivityMain$26","classUnit":"5c1eea58-8ec5-4fb1-b854-62adf4d398ea"},"UUID":"5c1eea58-8ec5-4fb1-b854-62adf4d398ea"}},{"start":{"name":"this$0:attrDependency","UUID":"1b5ea60a-7536-4a5f-aeba-d4747a807739","attr":{"name":"this$0","type":"org.anothermonitor.ActivityMain","UUID":"1b5ea60a-7536-4a5f-aeba-d4747a807739"},"component":{"name":"ActivityMain","classUnit":"ebaaa078-1577-49bb-94b2-159dd043f735"}},"end":{"name":"ActivityMain$25","component":{"name":"ActivityMain$25","classUnit":"0a5db37f-78c6-4457-911e-6e0dc4998cf8"},"UUID":"0a5db37f-78c6-4457-911e-6e0dc4998cf8"}},{"start":{"name":"this$0:attrDependency","UUID":"c9c70875-e264-4729-b900-8f57254441d6","attr":{"name":"this$0","type":"org.anothermonitor.ActivityMain","UUID":"c9c70875-e264-4729-b900-8f57254441d6"},"component":{"name":"ActivityMain","classUnit":"ebaaa078-1577-49bb-94b2-159dd043f735"}},"end":{"name":"ActivityMain$24","component":{"name":"ActivityMain$24","classUnit":"8ef83bf1-2803-4b75-9c7e-c3075c1d8fc2"},"UUID":"8ef83bf1-2803-4b75-9c7e-c3075c1d8fc2"}},{"start":{"name":"this$0:attrDependency","UUID":"ce57085f-8560-4b4c-bf64-d6d300af600c","attr":{"name":"this$0","type":"org.anothermonitor.ActivityMain","UUID":"ce57085f-8560-4b4c-bf64-d6d300af600c"},"component":{"name":"ActivityMain","classUnit":"ebaaa078-1577-49bb-94b2-159dd043f735"}},"end":{"name":"ActivityMain$23","component":{"name":"ActivityMain$23","classUnit":"3385c500-4d60-46fc-a955-532fe33295cb"},"UUID":"3385c500-4d60-46fc-a955-532fe33295cb"}},{"start":{"name":"this$0:attrDependency","UUID":"6b75e05e-c975-4950-81e6-9b3619ddda27","attr":{"name":"this$0","type":"org.anothermonitor.ActivityMain","UUID":"6b75e05e-c975-4950-81e6-9b3619ddda27"},"component":{"name":"ActivityMain","classUnit":"ebaaa078-1577-49bb-94b2-159dd043f735"}},"end":{"name":"ActivityMain$29","component":{"name":"ActivityMain$29","classUnit":"d01f002a-3a11-4c07-9823-e5cf28d7c965"},"UUID":"d01f002a-3a11-4c07-9823-e5cf28d7c965"}},{"start":{"name":"this$0:attrDependency","UUID":"1ac540a7-2553-4a0a-9704-d16741bab21f","attr":{"name":"this$0","type":"org.anothermonitor.ActivityMain","UUID":"1ac540a7-2553-4a0a-9704-d16741bab21f"},"component":{"name":"ActivityMain","classUnit":"ebaaa078-1577-49bb-94b2-159dd043f735"}},"end":{"name":"ActivityMain$28","component":{"name":"ActivityMain$28","classUnit":"be2b3d80-f267-4516-a543-794fd54b4a7c"},"UUID":"be2b3d80-f267-4516-a543-794fd54b4a7c"}},{"start":{"name":"this$1:attrDependency","UUID":"9455fa2e-5c39-4e8e-ac29-b1da8d37e042","attr":{"name":"this$1","type":"org.anothermonitor.ActivityMain$37","UUID":"9455fa2e-5c39-4e8e-ac29-b1da8d37e042"},"component":{"name":"ActivityMain$37","classUnit":"9f40793b-d336-462f-9bc2-6809768ac1a0"}},"end":{"name":"ActivityMain$37$1","component":{"name":"ActivityMain$37$1","classUnit":"a788af58-3b0a-4a20-bac1-ad0f3f3ed470"},"UUID":"a788af58-3b0a-4a20-bac1-ad0f3f3ed470"}},{"start":{"name":"this$0:attrDependency","UUID":"824b1002-e059-4bb8-98b1-43adb36a69c3","attr":{"name":"this$0","type":"org.anothermonitor.ActivityMain","UUID":"824b1002-e059-4bb8-98b1-43adb36a69c3"},"component":{"name":"ActivityMain","classUnit":"ebaaa078-1577-49bb-94b2-159dd043f735"}},"end":{"name":"ActivityMain$27","component":{"name":"ActivityMain$27","classUnit":"b5a54219-c249-474f-a620-101469a8a721"},"UUID":"b5a54219-c249-474f-a620-101469a8a721"}},{"start":{"name":"mSR:attrDependency","UUID":"bea3e0a3-b7c9-4c42-9ca4-c7b064127564","attr":{"name":"mSR","type":"org.anothermonitor.ServiceReader","UUID":"bea3e0a3-b7c9-4c42-9ca4-c7b064127564"},"component":{"name":"ServiceReader","classUnit":"3f935843-2461-4b17-bd51-a5899e427ac1"}},"end":{"name":"ViewGraphic","component":{"name":"ViewGraphic","classUnit":"f121ac39-2004-4d27-951e-e7218c521c84"},"UUID":"f121ac39-2004-4d27-951e-e7218c521c84"}},{"start":{"name":"this$1:attrDependency","UUID":"899bfaeb-b3d8-4f0b-8e39-b9b98d039214","attr":{"name":"this$1","type":"org.anothermonitor.ActivityMain$44","UUID":"899bfaeb-b3d8-4f0b-8e39-b9b98d039214"},"component":{"name":"ActivityMain$44","classUnit":"021397f6-7d60-459d-8299-dfecf6e0679b"}},"end":{"name":"ActivityMain$44$1","component":{"name":"ActivityMain$44$1","classUnit":"db1d19c3-889d-4518-80e8-eb0de55adafe"},"UUID":"db1d19c3-889d-4518-80e8-eb0de55adafe"}},{"start":{"name":"this$0:attrDependency","UUID":"e5dc39c9-9ec1-4d28-baec-97901d208d2e","attr":{"name":"this$0","type":"org.anothermonitor.ActivityMain","UUID":"e5dc39c9-9ec1-4d28-baec-97901d208d2e"},"component":{"name":"ActivityMain","classUnit":"ebaaa078-1577-49bb-94b2-159dd043f735"}},"end":{"name":"ActivityMain$22","component":{"name":"ActivityMain$22","classUnit":"1d49c09e-dfa2-481f-9176-d87fb5ff07f6"},"UUID":"1d49c09e-dfa2-481f-9176-d87fb5ff07f6"}},{"start":{"name":"this$0:attrDependency","UUID":"7a18b7b6-966b-4223-9d57-daeac6b31af6","attr":{"name":"this$0","type":"org.anothermonitor.ActivityMain","UUID":"7a18b7b6-966b-4223-9d57-daeac6b31af6"},"component":{"name":"ActivityMain","classUnit":"ebaaa078-1577-49bb-94b2-159dd043f735"}},"end":{"name":"ActivityMain$21","component":{"name":"ActivityMain$21","classUnit":"1ac266a2-934c-4d83-91fc-d96733e3ab4d"},"UUID":"1ac266a2-934c-4d83-91fc-d96733e3ab4d"}},{"start":{"name":"this$0:attrDependency","UUID":"d0c6cab7-7764-41f2-8ccd-248409aa746e","attr":{"name":"this$0","type":"org.anothermonitor.ActivityMain","UUID":"d0c6cab7-7764-41f2-8ccd-248409aa746e"},"component":{"name":"ActivityMain","classUnit":"ebaaa078-1577-49bb-94b2-159dd043f735"}},"end":{"name":"ActivityMain$20","component":{"name":"ActivityMain$20","classUnit":"7d2cec33-dc07-43c2-b8d1-6a38c2753d46"},"UUID":"7d2cec33-dc07-43c2-b8d1-6a38c2753d46"}},{"start":{"name":"this$0:attrDependency","UUID":"50477ded-0871-49a1-b90c-2c392b03d9c9","attr":{"name":"this$0","type":"org.anothermonitor.ServiceReader","UUID":"50477ded-0871-49a1-b90c-2c392b03d9c9"},"component":{"name":"ServiceReader","classUnit":"3f935843-2461-4b17-bd51-a5899e427ac1"}},"end":{"name":"ServiceReader$ServiceReaderDataBinder","component":{"name":"ServiceReader$ServiceReaderDataBinder","classUnit":"b9579822-919a-46b3-8d17-5f4750a6c8fe"},"UUID":"b9579822-919a-46b3-8d17-5f4750a6c8fe"}},{"start":{"name":"this$0:attrDependency","UUID":"33d0c642-1fc5-4144-8671-bd098bc141ed","attr":{"name":"this$0","type":"org.anothermonitor.ActivityMain","UUID":"33d0c642-1fc5-4144-8671-bd098bc141ed"},"component":{"name":"ActivityMain","classUnit":"ebaaa078-1577-49bb-94b2-159dd043f735"}},"end":{"name":"ActivityMain$15","component":{"name":"ActivityMain$15","classUnit":"e1e5cb24-2a80-432d-bacd-1211150faded"},"UUID":"e1e5cb24-2a80-432d-bacd-1211150faded"}},{"start":{"name":"this$0:attrDependency","UUID":"0e0a5263-24a4-48d3-88b6-c617f3c4b5f4","attr":{"name":"this$0","type":"org.anothermonitor.ActivityMain","UUID":"0e0a5263-24a4-48d3-88b6-c617f3c4b5f4"},"component":{"name":"ActivityMain","classUnit":"ebaaa078-1577-49bb-94b2-159dd043f735"}},"end":{"name":"ActivityMain$14","component":{"name":"ActivityMain$14","classUnit":"93faf3e5-ceb3-4a00-bbe0-ee8bc63f00d9"},"UUID":"93faf3e5-ceb3-4a00-bbe0-ee8bc63f00d9"}},{"start":{"name":"this$0:attrDependency","UUID":"fbca11bd-6edf-4aa2-8d14-7fb5fc467b30","attr":{"name":"this$0","type":"org.anothermonitor.ActivityMain","UUID":"fbca11bd-6edf-4aa2-8d14-7fb5fc467b30"},"component":{"name":"ActivityMain","classUnit":"ebaaa078-1577-49bb-94b2-159dd043f735"}},"end":{"name":"ActivityMain$13","component":{"name":"ActivityMain$13","classUnit":"959e4a6c-aee7-413a-876e-4b3e9db1dab3"},"UUID":"959e4a6c-aee7-413a-876e-4b3e9db1dab3"}},{"start":{"name":"this$0:attrDependency","UUID":"35f48dff-a938-4aa9-8238-6489bde46761","attr":{"name":"this$0","type":"org.anothermonitor.ActivityMain","UUID":"35f48dff-a938-4aa9-8238-6489bde46761"},"component":{"name":"ActivityMain","classUnit":"ebaaa078-1577-49bb-94b2-159dd043f735"}},"end":{"name":"ActivityMain$12","component":{"name":"ActivityMain$12","classUnit":"9c965bbd-00f3-4c76-acc2-ab35e0a8fcd1"},"UUID":"9c965bbd-00f3-4c76-acc2-ab35e0a8fcd1"}},{"start":{"name":"this$0:attrDependency","UUID":"e51991af-18b9-48f0-b993-58c67fe2623c","attr":{"name":"this$0","type":"org.anothermonitor.ActivityMain","UUID":"e51991af-18b9-48f0-b993-58c67fe2623c"},"component":{"name":"ActivityMain","classUnit":"ebaaa078-1577-49bb-94b2-159dd043f735"}},"end":{"name":"ActivityMain$19","component":{"name":"ActivityMain$19","classUnit":"75c99787-ef9c-4362-86d4-a007ed37531d"},"UUID":"75c99787-ef9c-4362-86d4-a007ed37531d"}},{"start":{"name":"this$0:attrDependency","UUID":"9b389d2e-32d4-40dc-bed8-ab6a888c6283","attr":{"name":"this$0","type":"org.anothermonitor.ActivityMain","UUID":"9b389d2e-32d4-40dc-bed8-ab6a888c6283"},"component":{"name":"ActivityMain","classUnit":"ebaaa078-1577-49bb-94b2-159dd043f735"}},"end":{"name":"ActivityMain$18","component":{"name":"ActivityMain$18","classUnit":"611013c5-98fd-4b12-ba50-7d7c8e783d09"},"UUID":"611013c5-98fd-4b12-ba50-7d7c8e783d09"}},{"start":{"name":"this$0:attrDependency","UUID":"e89dedb8-e8d3-411a-830a-9d4e55891323","attr":{"name":"this$0","type":"org.anothermonitor.ActivityMain","UUID":"e89dedb8-e8d3-411a-830a-9d4e55891323"},"component":{"name":"ActivityMain","classUnit":"ebaaa078-1577-49bb-94b2-159dd043f735"}},"end":{"name":"ActivityMain$17","component":{"name":"ActivityMain$17","classUnit":"cd6664ae-d88e-4bce-83cb-5547b5196aec"},"UUID":"cd6664ae-d88e-4bce-83cb-5547b5196aec"}},{"start":{"name":"this$0:attrDependency","UUID":"d3023dec-3fe5-47c6-a4fd-a6a9b97eb0ea","attr":{"name":"this$0","type":"org.anothermonitor.ActivityMain","UUID":"d3023dec-3fe5-47c6-a4fd-a6a9b97eb0ea"},"component":{"name":"ActivityMain","classUnit":"ebaaa078-1577-49bb-94b2-159dd043f735"}},"end":{"name":"ActivityMain$16","component":{"name":"ActivityMain$16","classUnit":"622f7645-48d1-41fd-85fa-90fb9f6babb6"},"UUID":"622f7645-48d1-41fd-85fa-90fb9f6babb6"}},{"start":{"name":"this$0:attrDependency","UUID":"fcaa1d6f-acd2-402d-8ee7-68255fd73e3a","attr":{"name":"this$0","type":"org.anothermonitor.ActivityMain","UUID":"fcaa1d6f-acd2-402d-8ee7-68255fd73e3a"},"component":{"name":"ActivityMain","classUnit":"ebaaa078-1577-49bb-94b2-159dd043f735"}},"end":{"name":"ActivityMain$11","component":{"name":"ActivityMain$11","classUnit":"e3acf600-bffe-4593-8937-c5e6273dec05"},"UUID":"e3acf600-bffe-4593-8937-c5e6273dec05"}},{"start":{"name":"this$0:attrDependency","UUID":"874f53e4-17ad-49a1-b777-b1860abe61a1","attr":{"name":"this$0","type":"org.anothermonitor.ActivityMain","UUID":"874f53e4-17ad-49a1-b777-b1860abe61a1"},"component":{"name":"ActivityMain","classUnit":"ebaaa078-1577-49bb-94b2-159dd043f735"}},"end":{"name":"ActivityMain$10","component":{"name":"ActivityMain$10","classUnit":"2c15c9fb-c2c5-4458-b8e1-50a2243b30ad"},"UUID":"2c15c9fb-c2c5-4458-b8e1-50a2243b30ad"}},{"start":{"name":"this$0:attrDependency","UUID":"9a1bf228-1c1b-40da-bdbf-09a1e480b385","attr":{"name":"this$0","type":"org.anothermonitor.ActivityMain","UUID":"9a1bf228-1c1b-40da-bdbf-09a1e480b385"},"component":{"name":"ActivityMain","classUnit":"ebaaa078-1577-49bb-94b2-159dd043f735"}},"end":{"name":"ActivityMain$46","component":{"name":"ActivityMain$46","classUnit":"19858195-d043-48b9-845c-6837e6fb6f1b"},"UUID":"19858195-d043-48b9-845c-6837e6fb6f1b"}},{"start":{"name":"this$0:attrDependency","UUID":"9588180f-ed8c-482e-af39-c9d48966dc65","attr":{"name":"this$0","type":"org.anothermonitor.ActivityMain","UUID":"9588180f-ed8c-482e-af39-c9d48966dc65"},"component":{"name":"ActivityMain","classUnit":"ebaaa078-1577-49bb-94b2-159dd043f735"}},"end":{"name":"ActivityMain$45","component":{"name":"ActivityMain$45","classUnit":"34593806-78ca-49ba-ad09-76f63e2994aa"},"UUID":"34593806-78ca-49ba-ad09-76f63e2994aa"}},{"start":{"name":"this$0:attrDependency","UUID":"6c8896c1-c110-4552-93f3-579f941641ef","attr":{"name":"this$0","type":"org.anothermonitor.ActivityMain","UUID":"6c8896c1-c110-4552-93f3-579f941641ef"},"component":{"name":"ActivityMain","classUnit":"ebaaa078-1577-49bb-94b2-159dd043f735"}},"end":{"name":"ActivityMain$40","component":{"name":"ActivityMain$40","classUnit":"63a8f799-1129-4ea1-b70b-6b5d2dd85941"},"UUID":"63a8f799-1129-4ea1-b70b-6b5d2dd85941"}},{"start":{"name":"this$0:attrDependency","UUID":"1dc2f64f-947c-48ba-9b54-4bb8111effec","attr":{"name":"this$0","type":"org.anothermonitor.ActivityMain","UUID":"1dc2f64f-947c-48ba-9b54-4bb8111effec"},"component":{"name":"ActivityMain","classUnit":"ebaaa078-1577-49bb-94b2-159dd043f735"}},"end":{"name":"ActivityMain$44","component":{"name":"ActivityMain$44","classUnit":"021397f6-7d60-459d-8299-dfecf6e0679b"},"UUID":"021397f6-7d60-459d-8299-dfecf6e0679b"}},{"start":{"name":"this$0:attrDependency","UUID":"f88bd79f-252a-4884-ad18-33f89ed4b0fa","attr":{"name":"this$0","type":"org.anothermonitor.ActivityMain","UUID":"f88bd79f-252a-4884-ad18-33f89ed4b0fa"},"component":{"name":"ActivityMain","classUnit":"ebaaa078-1577-49bb-94b2-159dd043f735"}},"end":{"name":"ActivityMain$43","component":{"name":"ActivityMain$43","classUnit":"c2eaecb2-802c-4c71-bc93-ee51d6577c36"},"UUID":"c2eaecb2-802c-4c71-bc93-ee51d6577c36"}},{"start":{"name":"this$0:attrDependency","UUID":"01d23f29-7bff-426d-8dca-97578f495bbb","attr":{"name":"this$0","type":"org.anothermonitor.ActivityMain","UUID":"01d23f29-7bff-426d-8dca-97578f495bbb"},"component":{"name":"ActivityMain","classUnit":"ebaaa078-1577-49bb-94b2-159dd043f735"}},"end":{"name":"ActivityMain$42","component":{"name":"ActivityMain$42","classUnit":"7b753cdb-a674-4377-a671-b4ad1e98dfd7"},"UUID":"7b753cdb-a674-4377-a671-b4ad1e98dfd7"}},{"start":{"name":"this$0:attrDependency","UUID":"901fde1b-1e23-420a-a355-9507c4f5069e","attr":{"name":"this$0","type":"org.anothermonitor.ActivityMain","UUID":"901fde1b-1e23-420a-a355-9507c4f5069e"},"component":{"name":"ActivityMain","classUnit":"ebaaa078-1577-49bb-94b2-159dd043f735"}},"end":{"name":"ActivityMain$41","component":{"name":"ActivityMain$41","classUnit":"ed80bf3b-b77b-4610-a14c-244ba1039629"},"UUID":"ed80bf3b-b77b-4610-a14c-244ba1039629"}},{"start":{"name":"this$0:attrDependency","UUID":"040d9e20-4a76-44ac-a544-74f61451a9ae","attr":{"name":"this$0","type":"org.anothermonitor.ActivityMain","UUID":"040d9e20-4a76-44ac-a544-74f61451a9ae"},"component":{"name":"ActivityMain","classUnit":"ebaaa078-1577-49bb-94b2-159dd043f735"}},"end":{"name":"ActivityMain$37","component":{"name":"ActivityMain$37","classUnit":"9f40793b-d336-462f-9bc2-6809768ac1a0"},"UUID":"9f40793b-d336-462f-9bc2-6809768ac1a0"}},{"start":{"name":"this$0:attrDependency","UUID":"0323936b-8748-4dab-95b0-b396281506b5","attr":{"name":"this$0","type":"org.anothermonitor.ActivityMain","UUID":"0323936b-8748-4dab-95b0-b396281506b5"},"component":{"name":"ActivityMain","classUnit":"ebaaa078-1577-49bb-94b2-159dd043f735"}},"end":{"name":"ActivityMain$36","component":{"name":"ActivityMain$36","classUnit":"272f3647-8a42-4013-aa3f-b136eaf2111c"},"UUID":"272f3647-8a42-4013-aa3f-b136eaf2111c"}},{"start":{"name":"this$0:attrDependency","UUID":"daf6b63a-bb9e-43d0-a7b7-109ca67df2a2","attr":{"name":"this$0","type":"org.anothermonitor.ActivityMain","UUID":"daf6b63a-bb9e-43d0-a7b7-109ca67df2a2"},"component":{"name":"ActivityMain","classUnit":"ebaaa078-1577-49bb-94b2-159dd043f735"}},"end":{"name":"ActivityMain$35","component":{"name":"ActivityMain$35","classUnit":"ce7a3eb0-72c2-4af3-a2ec-f2ebb4b8079d"},"UUID":"ce7a3eb0-72c2-4af3-a2ec-f2ebb4b8079d"}},{"start":{"name":"this$0:attrDependency","UUID":"1afcdc2e-decb-44a8-b7b1-656fcb0a07e8","attr":{"name":"this$0","type":"org.anothermonitor.ActivityMain","UUID":"1afcdc2e-decb-44a8-b7b1-656fcb0a07e8"},"component":{"name":"ActivityMain","classUnit":"ebaaa078-1577-49bb-94b2-159dd043f735"}},"end":{"name":"ActivityMain$34","component":{"name":"ActivityMain$34","classUnit":"0110165d-aadd-464c-b810-01b603fd21c7"},"UUID":"0110165d-aadd-464c-b810-01b603fd21c7"}},{"start":{"name":"this$1:attrDependency","UUID":"daaa90a3-119b-4361-a32d-ab09a2637533","attr":{"name":"this$1","type":"org.anothermonitor.ActivityMain$29","UUID":"daaa90a3-119b-4361-a32d-ab09a2637533"},"component":{"name":"ActivityMain$29","classUnit":"d01f002a-3a11-4c07-9823-e5cf28d7c965"}},"end":{"name":"ActivityMain$29$1","component":{"name":"ActivityMain$29$1","classUnit":"5bad1a1f-4c90-4cdd-be29-200d3fee2e89"},"UUID":"5bad1a1f-4c90-4cdd-be29-200d3fee2e89"}},{"start":{"name":"this$0:attrDependency","UUID":"9c296fe4-cb06-4633-b2d0-25fb4da72b56","attr":{"name":"this$0","type":"org.anothermonitor.ActivityMain","UUID":"9c296fe4-cb06-4633-b2d0-25fb4da72b56"},"component":{"name":"ActivityMain","classUnit":"ebaaa078-1577-49bb-94b2-159dd043f735"}},"end":{"name":"ActivityMain$39","component":{"name":"ActivityMain$39","classUnit":"8b2fc337-ff4b-4511-9e99-be351cb166ad"},"UUID":"8b2fc337-ff4b-4511-9e99-be351cb166ad"}},{"start":{"name":"this$0:attrDependency","UUID":"279cf9a1-5439-46da-8966-bdf9b5023bfb","attr":{"name":"this$0","type":"org.anothermonitor.ActivityMain","UUID":"279cf9a1-5439-46da-8966-bdf9b5023bfb"},"component":{"name":"ActivityMain","classUnit":"ebaaa078-1577-49bb-94b2-159dd043f735"}},"end":{"name":"ActivityMain$38","component":{"name":"ActivityMain$38","classUnit":"23d5e1d9-98ef-40bd-9a50-962c884fe010"},"UUID":"23d5e1d9-98ef-40bd-9a50-962c884fe010"}},{"start":{"name":"this$1:attrDependency","UUID":"3857a224-bf32-4421-af92-589e30382e37","attr":{"name":"this$1","type":"org.anothermonitor.ActivityMain$36","UUID":"3857a224-bf32-4421-af92-589e30382e37"},"component":{"name":"ActivityMain$36","classUnit":"272f3647-8a42-4013-aa3f-b136eaf2111c"}},"end":{"name":"ActivityMain$36$1","component":{"name":"ActivityMain$36$1","classUnit":"33001770-1d9e-4de8-ae57-945b217e7f6f"},"UUID":"33001770-1d9e-4de8-ae57-945b217e7f6f"}},{"start":{"name":"this$1:attrDependency","UUID":"a4e43631-56c9-4a4b-b1bc-3d722546de4c","attr":{"name":"this$1","type":"org.anothermonitor.ActivityMain$2","UUID":"a4e43631-56c9-4a4b-b1bc-3d722546de4c"},"component":{"name":"ActivityMain$2","classUnit":"412f0015-6ce6-4342-9ae3-9e0a5afe7b8f"}},"end":{"name":"ActivityMain$2$1","component":{"name":"ActivityMain$2$1","classUnit":"b1f419e2-f7c2-44a9-a813-e7ceca15dfd0"},"UUID":"b1f419e2-f7c2-44a9-a813-e7ceca15dfd0"}},{"start":{"name":"this$0:attrDependency","UUID":"ab0d7daa-19fa-4b07-8781-b59a66a88e9f","attr":{"name":"this$0","type":"org.anothermonitor.ActivityMain","UUID":"ab0d7daa-19fa-4b07-8781-b59a66a88e9f"},"component":{"name":"ActivityMain","classUnit":"ebaaa078-1577-49bb-94b2-159dd043f735"}},"end":{"name":"ActivityMain$33","component":{"name":"ActivityMain$33","classUnit":"839e384c-d1ee-480c-861e-ea7e3042443f"},"UUID":"839e384c-d1ee-480c-861e-ea7e3042443f"}},{"start":{"name":"this$0:attrDependency","UUID":"a0b888c7-26fe-4ed6-b656-972e201ca707","attr":{"name":"this$0","type":"org.anothermonitor.ActivityMain","UUID":"a0b888c7-26fe-4ed6-b656-972e201ca707"},"component":{"name":"ActivityMain","classUnit":"ebaaa078-1577-49bb-94b2-159dd043f735"}},"end":{"name":"ActivityMain$32","component":{"name":"ActivityMain$32","classUnit":"fb56d7c3-e016-4a63-b910-9e76161ede99"},"UUID":"fb56d7c3-e016-4a63-b910-9e76161ede99"}},{"start":{"name":"this$0:attrDependency","UUID":"7c3cd378-e7c4-4f54-af56-64500a5ef595","attr":{"name":"this$0","type":"org.anothermonitor.ActivityMain","UUID":"7c3cd378-e7c4-4f54-af56-64500a5ef595"},"component":{"name":"ActivityMain","classUnit":"ebaaa078-1577-49bb-94b2-159dd043f735"}},"end":{"name":"ActivityMain$31","component":{"name":"ActivityMain$31","classUnit":"52068ab7-d5a4-4225-af14-3aad7c9da44d"},"UUID":"52068ab7-d5a4-4225-af14-3aad7c9da44d"}},{"start":{"name":"this$0:attrDependency","UUID":"fb0de2dd-910c-40e4-a28a-f07f829a00ee","attr":{"name":"this$0","type":"org.anothermonitor.ActivityMain","UUID":"fb0de2dd-910c-40e4-a28a-f07f829a00ee"},"component":{"name":"ActivityMain","classUnit":"ebaaa078-1577-49bb-94b2-159dd043f735"}},"end":{"name":"ActivityMain$30","component":{"name":"ActivityMain$30","classUnit":"b5705ea3-a76a-4796-8696-48f2ac511ae5"},"UUID":"b5705ea3-a76a-4796-8696-48f2ac511ae5"}},{"start":{"name":"this$1:attrDependency","UUID":"76edec67-4549-4b9a-96a5-29867284c3b7","attr":{"name":"this$1","type":"org.anothermonitor.ActivityMain$39","UUID":"76edec67-4549-4b9a-96a5-29867284c3b7"},"component":{"name":"ActivityMain$39","classUnit":"8b2fc337-ff4b-4511-9e99-be351cb166ad"}},"end":{"name":"ActivityMain$39$1","component":{"name":"ActivityMain$39$1","classUnit":"a9a33dae-7ba2-4f5f-896b-a4a589cf53e3"},"UUID":"a9a33dae-7ba2-4f5f-896b-a4a589cf53e3"}},{"start":{"name":"this$0:attrDependency","UUID":"d496cbf7-3142-449c-a7eb-c9c903036769","attr":{"name":"this$0","type":"org.anothermonitor.ActivityAbout","UUID":"d496cbf7-3142-449c-a7eb-c9c903036769"},"component":{"name":"ActivityAbout","classUnit":"3ae44206-d5b5-4ae2-803d-583ac20ef676"}},"end":{"name":"ActivityAbout$1","component":{"name":"ActivityAbout$1","classUnit":"c4d60abc-3934-4a62-8a86-e20a12043425"},"UUID":"c4d60abc-3934-4a62-8a86-e20a12043425"}},{"start":{"name":"this$0:attrDependency","UUID":"78d82720-8e4a-4f92-bec7-1d47e128a18b","attr":{"name":"this$0","type":"org.anothermonitor.ActivityAbout","UUID":"78d82720-8e4a-4f92-bec7-1d47e128a18b"},"component":{"name":"ActivityAbout","classUnit":"3ae44206-d5b5-4ae2-803d-583ac20ef676"}},"end":{"name":"ActivityAbout$2","component":{"name":"ActivityAbout$2","classUnit":"68800e02-681e-4663-8c4e-f688845cdb61"},"UUID":"68800e02-681e-4663-8c4e-f688845cdb61"}},{"start":{"name":"this$0:attrDependency","UUID":"256fc598-4646-420c-9522-4e1582ae23a4","attr":{"name":"this$0","type":"org.anothermonitor.ServiceReader","UUID":"256fc598-4646-420c-9522-4e1582ae23a4"},"component":{"name":"ServiceReader","classUnit":"3f935843-2461-4b17-bd51-a5899e427ac1"}},"end":{"name":"ServiceReader$3","component":{"name":"ServiceReader$3","classUnit":"76df0d0f-472b-4083-a0de-25c1c394f1a5"},"UUID":"76df0d0f-472b-4083-a0de-25c1c394f1a5"}},{"start":{"name":"this$0:attrDependency","UUID":"e0624d7d-dc34-477d-b56c-23fff0db4e2a","attr":{"name":"this$0","type":"org.anothermonitor.ServiceReader","UUID":"e0624d7d-dc34-477d-b56c-23fff0db4e2a"},"component":{"name":"ServiceReader","classUnit":"3f935843-2461-4b17-bd51-a5899e427ac1"}},"end":{"name":"ServiceReader$4","component":{"name":"ServiceReader$4","classUnit":"33c7e967-e9f7-4b0e-8427-53259800e999"},"UUID":"33c7e967-e9f7-4b0e-8427-53259800e999"}},{"start":{"name":"this$0:attrDependency","UUID":"61c15ff7-fe30-4799-acac-fffd442a13d1","attr":{"name":"this$0","type":"org.anothermonitor.ServiceReader","UUID":"61c15ff7-fe30-4799-acac-fffd442a13d1"},"component":{"name":"ServiceReader","classUnit":"3f935843-2461-4b17-bd51-a5899e427ac1"}},"end":{"name":"ServiceReader$1","component":{"name":"ServiceReader$1","classUnit":"51b73b59-bd2c-4fd2-8878-393d0b439a38"},"UUID":"51b73b59-bd2c-4fd2-8878-393d0b439a38"}},{"start":{"name":"this$0:attrDependency","UUID":"e2f1624f-e214-4c1d-8ea5-32f68a3f4666","attr":{"name":"this$0","type":"org.anothermonitor.ServiceReader","UUID":"e2f1624f-e214-4c1d-8ea5-32f68a3f4666"},"component":{"name":"ServiceReader","classUnit":"3f935843-2461-4b17-bd51-a5899e427ac1"}},"end":{"name":"ServiceReader$2","component":{"name":"ServiceReader$2","classUnit":"4298d6ee-e132-479c-8077-b2888c3a9096"},"UUID":"4298d6ee-e132-479c-8077-b2888c3a9096"}},{"start":{"name":"this$0:attrDependency","UUID":"0b03ab9a-19d4-42b2-b2ea-393ddfda15cb","attr":{"name":"this$0","type":"org.anothermonitor.ServiceReader","UUID":"0b03ab9a-19d4-42b2-b2ea-393ddfda15cb"},"component":{"name":"ServiceReader","classUnit":"3f935843-2461-4b17-bd51-a5899e427ac1"}},"end":{"name":"ServiceReader$5","component":{"name":"ServiceReader$5","classUnit":"cd2b4de9-da41-4f56-88ac-2ff22440629d"},"UUID":"cd2b4de9-da41-4f56-88ac-2ff22440629d"}},{"start":{"name":"this$1:attrDependency","UUID":"2d712798-e015-4e6c-b6b4-7c9941588812","attr":{"name":"this$1","type":"org.anothermonitor.ActivityProcesses$SimpleAdapterCustomised","UUID":"2d712798-e015-4e6c-b6b4-7c9941588812"},"component":{"name":"ActivityProcesses$SimpleAdapterCustomised","classUnit":"5328cf2a-4052-4c31-970d-28b9defa3488"}},"end":{"name":"ActivityProcesses$SimpleAdapterCustomised$Tag","component":{"name":"ActivityProcesses$SimpleAdapterCustomised$Tag","classUnit":"d30e1b9a-1d62-40a4-bcea-12b6ec4ec1d8"},"UUID":"d30e1b9a-1d62-40a4-bcea-12b6ec4ec1d8"}},{"start":{"name":"this$0:attrDependency","UUID":"2b1afdd1-067c-4edc-8269-5e1af8abc80a","attr":{"name":"this$0","type":"org.anothermonitor.ActivityProcesses","UUID":"2b1afdd1-067c-4edc-8269-5e1af8abc80a"},"component":{"name":"ActivityProcesses","classUnit":"52f60d93-97ad-4f54-a098-652110d20204"}},"end":{"name":"ActivityProcesses$SimpleAdapterCustomised","component":{"name":"ActivityProcesses$SimpleAdapterCustomised","classUnit":"5328cf2a-4052-4c31-970d-28b9defa3488"},"UUID":"5328cf2a-4052-4c31-970d-28b9defa3488"}},{"start":{"name":"this$1:attrDependency","UUID":"a02465f2-1553-407f-90ab-40f65d4c8080","attr":{"name":"this$1","type":"org.anothermonitor.ActivityMain$3","UUID":"a02465f2-1553-407f-90ab-40f65d4c8080"},"component":{"name":"ActivityMain$3","classUnit":"e36148dc-2779-421e-b12d-ed38f82d3d7e"}},"end":{"name":"ActivityMain$3$1","component":{"name":"ActivityMain$3$1","classUnit":"352c4c33-78a8-4895-9568-5f84b81ef4b4"},"UUID":"352c4c33-78a8-4895-9568-5f84b81ef4b4"}},{"start":{"name":"this$0:attrDependency","UUID":"f3d2e1b5-53d7-4d68-890d-7fd5c46fc0e8","attr":{"name":"this$0","type":"org.anothermonitor.ActivityProcesses","UUID":"f3d2e1b5-53d7-4d68-890d-7fd5c46fc0e8"},"component":{"name":"ActivityProcesses","classUnit":"52f60d93-97ad-4f54-a098-652110d20204"}},"end":{"name":"ActivityProcesses$1","component":{"name":"ActivityProcesses$1","classUnit":"6381a553-c859-4e18-8387-802f479ec9a4"},"UUID":"6381a553-c859-4e18-8387-802f479ec9a4"}},{"start":{"name":"this$0:attrDependency","UUID":"b341bef3-bedf-427c-a5ab-0c6c49363d6b","attr":{"name":"this$0","type":"org.anothermonitor.ActivityProcesses","UUID":"b341bef3-bedf-427c-a5ab-0c6c49363d6b"},"component":{"name":"ActivityProcesses","classUnit":"52f60d93-97ad-4f54-a098-652110d20204"}},"end":{"name":"ActivityProcesses$2","component":{"name":"ActivityProcesses$2","classUnit":"2c00f621-4267-4ea7-be80-5b8ccef51a9e"},"UUID":"2c00f621-4267-4ea7-be80-5b8ccef51a9e"}},{"start":{"name":"this$1:attrDependency","UUID":"4d15833a-199c-40e5-b472-510fe22dee74","attr":{"name":"this$1","type":"org.anothermonitor.ActivityMain$38","UUID":"4d15833a-199c-40e5-b472-510fe22dee74"},"component":{"name":"ActivityMain$38","classUnit":"23d5e1d9-98ef-40bd-9a50-962c884fe010"}},"end":{"name":"ActivityMain$38$1","component":{"name":"ActivityMain$38$1","classUnit":"486befe6-3d2f-446a-83e1-5f9c91755525"},"UUID":"486befe6-3d2f-446a-83e1-5f9c91755525"}},{"start":{"name":"mSR:attrDependency","UUID":"e036020c-837d-477f-8c63-ff21ce2d50d0","attr":{"name":"mSR","type":"org.anothermonitor.ServiceReader","UUID":"e036020c-837d-477f-8c63-ff21ce2d50d0"},"component":{"name":"ServiceReader","classUnit":"3f935843-2461-4b17-bd51-a5899e427ac1"}},"end":{"name":"ActivityMain","component":{"name":"ActivityMain","classUnit":"ebaaa078-1577-49bb-94b2-159dd043f735"},"UUID":"ebaaa078-1577-49bb-94b2-159dd043f735"}},{"start":{"name":"mVG:attrDependency","UUID":"0e23d44f-385c-4ddd-a66c-5af04205b2f3","attr":{"name":"mVG","type":"org.anothermonitor.ViewGraphic","UUID":"0e23d44f-385c-4ddd-a66c-5af04205b2f3"},"component":{"name":"ViewGraphic","classUnit":"f121ac39-2004-4d27-951e-e7218c521c84"}},"end":{"name":"ActivityMain","component":{"name":"ActivityMain","classUnit":"ebaaa078-1577-49bb-94b2-159dd043f735"},"UUID":"ebaaa078-1577-49bb-94b2-159dd043f735"}},{"start":{"name":"this$0:attrDependency","UUID":"546d29ba-fcb0-4df5-9e4a-f7e86cae2b31","attr":{"name":"this$0","type":"org.anothermonitor.ActivityHelp","UUID":"546d29ba-fcb0-4df5-9e4a-f7e86cae2b31"},"component":{"name":"ActivityHelp","classUnit":"cf6fc85f-a1a0-4273-a135-6dde0a16a8d4"}},"end":{"name":"ActivityHelp$1","component":{"name":"ActivityHelp$1","classUnit":"543a0526-1e80-43f5-ba36-c980d4ebfc5d"},"UUID":"543a0526-1e80-43f5-ba36-c980d4ebfc5d"}},{"start":{"name":"this$0:attrDependency","UUID":"181a3f49-eb90-4ba5-93b0-035c2dfad6e3","attr":{"name":"this$0","type":"org.anothermonitor.ActivityProcesses","UUID":"181a3f49-eb90-4ba5-93b0-035c2dfad6e3"},"component":{"name":"ActivityProcesses","classUnit":"52f60d93-97ad-4f54-a098-652110d20204"}},"end":{"name":"ActivityProcesses$3","component":{"name":"ActivityProcesses$3","classUnit":"5a8a42c5-0145-4c31-a698-60e796e7207e"},"UUID":"5a8a42c5-0145-4c31-a698-60e796e7207e"}},{"start":{"name":"this$0:attrDependency","UUID":"7551f6b7-7f90-4eb5-bd8f-51c41b71b0b8","attr":{"name":"this$0","type":"org.anothermonitor.ActivityProcesses","UUID":"7551f6b7-7f90-4eb5-bd8f-51c41b71b0b8"},"component":{"name":"ActivityProcesses","classUnit":"52f60d93-97ad-4f54-a098-652110d20204"}},"end":{"name":"ActivityProcesses$4","component":{"name":"ActivityProcesses$4","classUnit":"bb01593c-0f7f-4e23-a9e3-43107a58f2c7"},"UUID":"bb01593c-0f7f-4e23-a9e3-43107a58f2c7"}},{"start":{"name":"this$0:attrDependency","UUID":"7eec64a8-8b73-4096-af05-9467a5b197c6","attr":{"name":"this$0","type":"org.anothermonitor.ActivityMain","UUID":"7eec64a8-8b73-4096-af05-9467a5b197c6"},"component":{"name":"ActivityMain","classUnit":"ebaaa078-1577-49bb-94b2-159dd043f735"}},"end":{"name":"ActivityMain$9","component":{"name":"ActivityMain$9","classUnit":"36a82dd6-9db3-4d38-8f84-ba119721184d"},"UUID":"36a82dd6-9db3-4d38-8f84-ba119721184d"}},{"start":{"name":"this$0:attrDependency","UUID":"93c04f5e-8972-4109-ab5a-78d694f026a7","attr":{"name":"this$0","type":"org.anothermonitor.ActivityMain","UUID":"93c04f5e-8972-4109-ab5a-78d694f026a7"},"component":{"name":"ActivityMain","classUnit":"ebaaa078-1577-49bb-94b2-159dd043f735"}},"end":{"name":"ActivityMain$7","component":{"name":"ActivityMain$7","classUnit":"400e3449-90d9-42aa-aeae-257f3665c64f"},"UUID":"400e3449-90d9-42aa-aeae-257f3665c64f"}},{"start":{"name":"this$0:attrDependency","UUID":"23298372-9c45-42a5-9704-ebde880df49c","attr":{"name":"this$0","type":"org.anothermonitor.ActivityMain","UUID":"23298372-9c45-42a5-9704-ebde880df49c"},"component":{"name":"ActivityMain","classUnit":"ebaaa078-1577-49bb-94b2-159dd043f735"}},"end":{"name":"ActivityMain$8","component":{"name":"ActivityMain$8","classUnit":"073cd16b-ce93-4c0b-b899-de0832bae82e"},"UUID":"073cd16b-ce93-4c0b-b899-de0832bae82e"}},{"start":{"name":"this$0:attrDependency","UUID":"c09b3409-fd67-4af2-a771-b3a926155ba8","attr":{"name":"this$0","type":"org.anothermonitor.ActivityMain","UUID":"c09b3409-fd67-4af2-a771-b3a926155ba8"},"component":{"name":"ActivityMain","classUnit":"ebaaa078-1577-49bb-94b2-159dd043f735"}},"end":{"name":"ActivityMain$5","component":{"name":"ActivityMain$5","classUnit":"3ba437a8-76e1-4326-8843-be37088a6825"},"UUID":"3ba437a8-76e1-4326-8843-be37088a6825"}},{"start":{"name":"this$0:attrDependency","UUID":"2d0e3808-eac8-44cd-a605-a59fbb9459dc","attr":{"name":"this$0","type":"org.anothermonitor.ActivityMain","UUID":"2d0e3808-eac8-44cd-a605-a59fbb9459dc"},"component":{"name":"ActivityMain","classUnit":"ebaaa078-1577-49bb-94b2-159dd043f735"}},"end":{"name":"ActivityMain$6","component":{"name":"ActivityMain$6","classUnit":"d7604bb4-448c-4905-a95f-feb702d1ad35"},"UUID":"d7604bb4-448c-4905-a95f-feb702d1ad35"}},{"start":{"name":"this$0:attrDependency","UUID":"e2a383cd-391f-404e-aa49-00a25188af86","attr":{"name":"this$0","type":"org.anothermonitor.ActivityMain","UUID":"e2a383cd-391f-404e-aa49-00a25188af86"},"component":{"name":"ActivityMain","classUnit":"ebaaa078-1577-49bb-94b2-159dd043f735"}},"end":{"name":"ActivityMain$3","component":{"name":"ActivityMain$3","classUnit":"e36148dc-2779-421e-b12d-ed38f82d3d7e"},"UUID":"e36148dc-2779-421e-b12d-ed38f82d3d7e"}},{"start":{"name":"this$0:attrDependency","UUID":"242b50a9-9d0f-4404-98ae-9bac91b564ee","attr":{"name":"this$0","type":"org.anothermonitor.ActivityMain","UUID":"242b50a9-9d0f-4404-98ae-9bac91b564ee"},"component":{"name":"ActivityMain","classUnit":"ebaaa078-1577-49bb-94b2-159dd043f735"}},"end":{"name":"ActivityMain$4","component":{"name":"ActivityMain$4","classUnit":"a531bce3-a82e-4d9a-becf-00aebeaf2413"},"UUID":"a531bce3-a82e-4d9a-becf-00aebeaf2413"}},{"start":{"name":"this$0:attrDependency","UUID":"364dd169-1951-4e6c-b19f-a6e25210d827","attr":{"name":"this$0","type":"org.anothermonitor.ActivityMain","UUID":"364dd169-1951-4e6c-b19f-a6e25210d827"},"component":{"name":"ActivityMain","classUnit":"ebaaa078-1577-49bb-94b2-159dd043f735"}},"end":{"name":"ActivityMain$1","component":{"name":"ActivityMain$1","classUnit":"634e7d5c-2164-41ef-a5fa-5234a2859ef1"},"UUID":"634e7d5c-2164-41ef-a5fa-5234a2859ef1"}},{"start":{"name":"this$0:attrDependency","UUID":"7c6dce6a-d5c9-4b57-a540-af2fff3e2f71","attr":{"name":"this$0","type":"org.anothermonitor.ActivityMain","UUID":"7c6dce6a-d5c9-4b57-a540-af2fff3e2f71"},"component":{"name":"ActivityMain","classUnit":"ebaaa078-1577-49bb-94b2-159dd043f735"}},"end":{"name":"ActivityMain$2","component":{"name":"ActivityMain$2","classUnit":"412f0015-6ce6-4342-9ae3-9e0a5afe7b8f"},"UUID":"412f0015-6ce6-4342-9ae3-9e0a5afe7b8f"}}],"nodesComposite":[],"edgesComposite":[{"start":{"name":"this$0:attrDependency","UUID":"83fb63ab-17c3-424f-a76d-c064bd77449e","attr":{"name":"this$0","type":"org.anothermonitor.ActivityMain","UUID":"83fb63ab-17c3-424f-a76d-c064bd77449e"},"component":{"name":"ActivityMain","compositeClassUnit":"97408b96-83fe-48d1-be3a-5c041f9115af"}},"end":{"name":"97408b96-83fe-48d1-be3a-5c041f9115af","UUID":"ActivityMain","component":{"name":"ActivityMain","compositeClassUnit":"97408b96-83fe-48d1-be3a-5c041f9115af"}}},{"start":{"name":"this$0:attrDependency","UUID":"1b5ea60a-7536-4a5f-aeba-d4747a807739","attr":{"name":"this$0","type":"org.anothermonitor.ActivityMain","UUID":"1b5ea60a-7536-4a5f-aeba-d4747a807739"},"component":{"name":"ActivityMain","compositeClassUnit":"97408b96-83fe-48d1-be3a-5c041f9115af"}},"end":{"name":"97408b96-83fe-48d1-be3a-5c041f9115af","UUID":"ActivityMain","component":{"name":"ActivityMain","compositeClassUnit":"97408b96-83fe-48d1-be3a-5c041f9115af"}}},{"start":{"name":"this$0:attrDependency","UUID":"c9c70875-e264-4729-b900-8f57254441d6","attr":{"name":"this$0","type":"org.anothermonitor.ActivityMain","UUID":"c9c70875-e264-4729-b900-8f57254441d6"},"component":{"name":"ActivityMain","compositeClassUnit":"97408b96-83fe-48d1-be3a-5c041f9115af"}},"end":{"name":"97408b96-83fe-48d1-be3a-5c041f9115af","UUID":"ActivityMain","component":{"name":"ActivityMain","compositeClassUnit":"97408b96-83fe-48d1-be3a-5c041f9115af"}}},{"start":{"name":"this$0:attrDependency","UUID":"ce57085f-8560-4b4c-bf64-d6d300af600c","attr":{"name":"this$0","type":"org.anothermonitor.ActivityMain","UUID":"ce57085f-8560-4b4c-bf64-d6d300af600c"},"component":{"name":"ActivityMain","compositeClassUnit":"97408b96-83fe-48d1-be3a-5c041f9115af"}},"end":{"name":"97408b96-83fe-48d1-be3a-5c041f9115af","UUID":"ActivityMain","component":{"name":"ActivityMain","compositeClassUnit":"97408b96-83fe-48d1-be3a-5c041f9115af"}}},{"start":{"name":"this$0:attrDependency","UUID":"6b75e05e-c975-4950-81e6-9b3619ddda27","attr":{"name":"this$0","type":"org.anothermonitor.ActivityMain","UUID":"6b75e05e-c975-4950-81e6-9b3619ddda27"},"component":{"name":"ActivityMain","compositeClassUnit":"97408b96-83fe-48d1-be3a-5c041f9115af"}},"end":{"name":"97408b96-83fe-48d1-be3a-5c041f9115af","UUID":"ActivityMain","component":{"name":"ActivityMain","compositeClassUnit":"97408b96-83fe-48d1-be3a-5c041f9115af"}}},{"start":{"name":"this$0:attrDependency","UUID":"1ac540a7-2553-4a0a-9704-d16741bab21f","attr":{"name":"this$0","type":"org.anothermonitor.ActivityMain","UUID":"1ac540a7-2553-4a0a-9704-d16741bab21f"},"component":{"name":"ActivityMain","compositeClassUnit":"97408b96-83fe-48d1-be3a-5c041f9115af"}},"end":{"name":"97408b96-83fe-48d1-be3a-5c041f9115af","UUID":"ActivityMain","component":{"name":"ActivityMain","compositeClassUnit":"97408b96-83fe-48d1-be3a-5c041f9115af"}}},{"start":{"name":"this$1:attrDependency","UUID":"9455fa2e-5c39-4e8e-ac29-b1da8d37e042","attr":{"name":"this$1","type":"org.anothermonitor.ActivityMain$37","UUID":"9455fa2e-5c39-4e8e-ac29-b1da8d37e042"},"component":{"name":"ActivityMain","compositeClassUnit":"97408b96-83fe-48d1-be3a-5c041f9115af"}},"end":{"name":"97408b96-83fe-48d1-be3a-5c041f9115af","UUID":"ActivityMain","component":{"name":"ActivityMain","compositeClassUnit":"97408b96-83fe-48d1-be3a-5c041f9115af"}}},{"start":{"name":"this$0:attrDependency","UUID":"824b1002-e059-4bb8-98b1-43adb36a69c3","attr":{"name":"this$0","type":"org.anothermonitor.ActivityMain","UUID":"824b1002-e059-4bb8-98b1-43adb36a69c3"},"component":{"name":"ActivityMain","compositeClassUnit":"97408b96-83fe-48d1-be3a-5c041f9115af"}},"end":{"name":"97408b96-83fe-48d1-be3a-5c041f9115af","UUID":"ActivityMain","component":{"name":"ActivityMain","compositeClassUnit":"97408b96-83fe-48d1-be3a-5c041f9115af"}}},{"start":{"name":"mSR:attrDependency","UUID":"bea3e0a3-b7c9-4c42-9ca4-c7b064127564","attr":{"name":"mSR","type":"org.anothermonitor.ServiceReader","UUID":"bea3e0a3-b7c9-4c42-9ca4-c7b064127564"},"component":{"name":"ServiceReader","compositeClassUnit":"ee8d4540-9654-4bc2-a0aa-27aa396117a9"}},"end":{"name":"4d487c7f-3d14-48b6-a9c6-4a8ac4859f7a","UUID":"ViewGraphic","component":{"name":"ViewGraphic","compositeClassUnit":"4d487c7f-3d14-48b6-a9c6-4a8ac4859f7a"}}},{"start":{"name":"this$1:attrDependency","UUID":"899bfaeb-b3d8-4f0b-8e39-b9b98d039214","attr":{"name":"this$1","type":"org.anothermonitor.ActivityMain$44","UUID":"899bfaeb-b3d8-4f0b-8e39-b9b98d039214"},"component":{"name":"ActivityMain","compositeClassUnit":"97408b96-83fe-48d1-be3a-5c041f9115af"}},"end":{"name":"97408b96-83fe-48d1-be3a-5c041f9115af","UUID":"ActivityMain","component":{"name":"ActivityMain","compositeClassUnit":"97408b96-83fe-48d1-be3a-5c041f9115af"}}},{"start":{"name":"this$0:attrDependency","UUID":"e5dc39c9-9ec1-4d28-baec-97901d208d2e","attr":{"name":"this$0","type":"org.anothermonitor.ActivityMain","UUID":"e5dc39c9-9ec1-4d28-baec-97901d208d2e"},"component":{"name":"ActivityMain","compositeClassUnit":"97408b96-83fe-48d1-be3a-5c041f9115af"}},"end":{"name":"97408b96-83fe-48d1-be3a-5c041f9115af","UUID":"ActivityMain","component":{"name":"ActivityMain","compositeClassUnit":"97408b96-83fe-48d1-be3a-5c041f9115af"}}},{"start":{"name":"this$0:attrDependency","UUID":"7a18b7b6-966b-4223-9d57-daeac6b31af6","attr":{"name":"this$0","type":"org.anothermonitor.ActivityMain","UUID":"7a18b7b6-966b-4223-9d57-daeac6b31af6"},"component":{"name":"ActivityMain","compositeClassUnit":"97408b96-83fe-48d1-be3a-5c041f9115af"}},"end":{"name":"97408b96-83fe-48d1-be3a-5c041f9115af","UUID":"ActivityMain","component":{"name":"ActivityMain","compositeClassUnit":"97408b96-83fe-48d1-be3a-5c041f9115af"}}},{"start":{"name":"this$0:attrDependency","UUID":"d0c6cab7-7764-41f2-8ccd-248409aa746e","attr":{"name":"this$0","type":"org.anothermonitor.ActivityMain","UUID":"d0c6cab7-7764-41f2-8ccd-248409aa746e"},"component":{"name":"ActivityMain","compositeClassUnit":"97408b96-83fe-48d1-be3a-5c041f9115af"}},"end":{"name":"97408b96-83fe-48d1-be3a-5c041f9115af","UUID":"ActivityMain","component":{"name":"ActivityMain","compositeClassUnit":"97408b96-83fe-48d1-be3a-5c041f9115af"}}},{"start":{"name":"this$0:attrDependency","UUID":"50477ded-0871-49a1-b90c-2c392b03d9c9","attr":{"name":"this$0","type":"org.anothermonitor.ServiceReader","UUID":"50477ded-0871-49a1-b90c-2c392b03d9c9"},"component":{"name":"ServiceReader","compositeClassUnit":"ee8d4540-9654-4bc2-a0aa-27aa396117a9"}},"end":{"name":"ee8d4540-9654-4bc2-a0aa-27aa396117a9","UUID":"ServiceReader","component":{"name":"ServiceReader","compositeClassUnit":"ee8d4540-9654-4bc2-a0aa-27aa396117a9"}}},{"start":{"name":"this$0:attrDependency","UUID":"33d0c642-1fc5-4144-8671-bd098bc141ed","attr":{"name":"this$0","type":"org.anothermonitor.ActivityMain","UUID":"33d0c642-1fc5-4144-8671-bd098bc141ed"},"component":{"name":"ActivityMain","compositeClassUnit":"97408b96-83fe-48d1-be3a-5c041f9115af"}},"end":{"name":"97408b96-83fe-48d1-be3a-5c041f9115af","UUID":"ActivityMain","component":{"name":"ActivityMain","compositeClassUnit":"97408b96-83fe-48d1-be3a-5c041f9115af"}}},{"start":{"name":"this$0:attrDependency","UUID":"0e0a5263-24a4-48d3-88b6-c617f3c4b5f4","attr":{"name":"this$0","type":"org.anothermonitor.ActivityMain","UUID":"0e0a5263-24a4-48d3-88b6-c617f3c4b5f4"},"component":{"name":"ActivityMain","compositeClassUnit":"97408b96-83fe-48d1-be3a-5c041f9115af"}},"end":{"name":"97408b96-83fe-48d1-be3a-5c041f9115af","UUID":"ActivityMain","component":{"name":"ActivityMain","compositeClassUnit":"97408b96-83fe-48d1-be3a-5c041f9115af"}}},{"start":{"name":"this$0:attrDependency","UUID":"fbca11bd-6edf-4aa2-8d14-7fb5fc467b30","attr":{"name":"this$0","type":"org.anothermonitor.ActivityMain","UUID":"fbca11bd-6edf-4aa2-8d14-7fb5fc467b30"},"component":{"name":"ActivityMain","compositeClassUnit":"97408b96-83fe-48d1-be3a-5c041f9115af"}},"end":{"name":"97408b96-83fe-48d1-be3a-5c041f9115af","UUID":"ActivityMain","component":{"name":"ActivityMain","compositeClassUnit":"97408b96-83fe-48d1-be3a-5c041f9115af"}}},{"start":{"name":"this$0:attrDependency","UUID":"35f48dff-a938-4aa9-8238-6489bde46761","attr":{"name":"this$0","type":"org.anothermonitor.ActivityMain","UUID":"35f48dff-a938-4aa9-8238-6489bde46761"},"component":{"name":"ActivityMain","compositeClassUnit":"97408b96-83fe-48d1-be3a-5c041f9115af"}},"end":{"name":"97408b96-83fe-48d1-be3a-5c041f9115af","UUID":"ActivityMain","component":{"name":"ActivityMain","compositeClassUnit":"97408b96-83fe-48d1-be3a-5c041f9115af"}}},{"start":{"name":"this$0:attrDependency","UUID":"e51991af-18b9-48f0-b993-58c67fe2623c","attr":{"name":"this$0","type":"org.anothermonitor.ActivityMain","UUID":"e51991af-18b9-48f0-b993-58c67fe2623c"},"component":{"name":"ActivityMain","compositeClassUnit":"97408b96-83fe-48d1-be3a-5c041f9115af"}},"end":{"name":"97408b96-83fe-48d1-be3a-5c041f9115af","UUID":"ActivityMain","component":{"name":"ActivityMain","compositeClassUnit":"97408b96-83fe-48d1-be3a-5c041f9115af"}}},{"start":{"name":"this$0:attrDependency","UUID":"9b389d2e-32d4-40dc-bed8-ab6a888c6283","attr":{"name":"this$0","type":"org.anothermonitor.ActivityMain","UUID":"9b389d2e-32d4-40dc-bed8-ab6a888c6283"},"component":{"name":"ActivityMain","compositeClassUnit":"97408b96-83fe-48d1-be3a-5c041f9115af"}},"end":{"name":"97408b96-83fe-48d1-be3a-5c041f9115af","UUID":"ActivityMain","component":{"name":"ActivityMain","compositeClassUnit":"97408b96-83fe-48d1-be3a-5c041f9115af"}}},{"start":{"name":"this$0:attrDependency","UUID":"e89dedb8-e8d3-411a-830a-9d4e55891323","attr":{"name":"this$0","type":"org.anothermonitor.ActivityMain","UUID":"e89dedb8-e8d3-411a-830a-9d4e55891323"},"component":{"name":"ActivityMain","compositeClassUnit":"97408b96-83fe-48d1-be3a-5c041f9115af"}},"end":{"name":"97408b96-83fe-48d1-be3a-5c041f9115af","UUID":"ActivityMain","component":{"name":"ActivityMain","compositeClassUnit":"97408b96-83fe-48d1-be3a-5c041f9115af"}}},{"start":{"name":"this$0:attrDependency","UUID":"d3023dec-3fe5-47c6-a4fd-a6a9b97eb0ea","attr":{"name":"this$0","type":"org.anothermonitor.ActivityMain","UUID":"d3023dec-3fe5-47c6-a4fd-a6a9b97eb0ea"},"component":{"name":"ActivityMain","compositeClassUnit":"97408b96-83fe-48d1-be3a-5c041f9115af"}},"end":{"name":"97408b96-83fe-48d1-be3a-5c041f9115af","UUID":"ActivityMain","component":{"name":"ActivityMain","compositeClassUnit":"97408b96-83fe-48d1-be3a-5c041f9115af"}}},{"start":{"name":"this$0:attrDependency","UUID":"fcaa1d6f-acd2-402d-8ee7-68255fd73e3a","attr":{"name":"this$0","type":"org.anothermonitor.ActivityMain","UUID":"fcaa1d6f-acd2-402d-8ee7-68255fd73e3a"},"component":{"name":"ActivityMain","compositeClassUnit":"97408b96-83fe-48d1-be3a-5c041f9115af"}},"end":{"name":"97408b96-83fe-48d1-be3a-5c041f9115af","UUID":"ActivityMain","component":{"name":"ActivityMain","compositeClassUnit":"97408b96-83fe-48d1-be3a-5c041f9115af"}}},{"start":{"name":"this$0:attrDependency","UUID":"874f53e4-17ad-49a1-b777-b1860abe61a1","attr":{"name":"this$0","type":"org.anothermonitor.ActivityMain","UUID":"874f53e4-17ad-49a1-b777-b1860abe61a1"},"component":{"name":"ActivityMain","compositeClassUnit":"97408b96-83fe-48d1-be3a-5c041f9115af"}},"end":{"name":"97408b96-83fe-48d1-be3a-5c041f9115af","UUID":"ActivityMain","component":{"name":"ActivityMain","compositeClassUnit":"97408b96-83fe-48d1-be3a-5c041f9115af"}}},{"start":{"name":"this$0:attrDependency","UUID":"9a1bf228-1c1b-40da-bdbf-09a1e480b385","attr":{"name":"this$0","type":"org.anothermonitor.ActivityMain","UUID":"9a1bf228-1c1b-40da-bdbf-09a1e480b385"},"component":{"name":"ActivityMain","compositeClassUnit":"97408b96-83fe-48d1-be3a-5c041f9115af"}},"end":{"name":"97408b96-83fe-48d1-be3a-5c041f9115af","UUID":"ActivityMain","component":{"name":"ActivityMain","compositeClassUnit":"97408b96-83fe-48d1-be3a-5c041f9115af"}}},{"start":{"name":"this$0:attrDependency","UUID":"9588180f-ed8c-482e-af39-c9d48966dc65","attr":{"name":"this$0","type":"org.anothermonitor.ActivityMain","UUID":"9588180f-ed8c-482e-af39-c9d48966dc65"},"component":{"name":"ActivityMain","compositeClassUnit":"97408b96-83fe-48d1-be3a-5c041f9115af"}},"end":{"name":"97408b96-83fe-48d1-be3a-5c041f9115af","UUID":"ActivityMain","component":{"name":"ActivityMain","compositeClassUnit":"97408b96-83fe-48d1-be3a-5c041f9115af"}}},{"start":{"name":"this$0:attrDependency","UUID":"6c8896c1-c110-4552-93f3-579f941641ef","attr":{"name":"this$0","type":"org.anothermonitor.ActivityMain","UUID":"6c8896c1-c110-4552-93f3-579f941641ef"},"component":{"name":"ActivityMain","compositeClassUnit":"97408b96-83fe-48d1-be3a-5c041f9115af"}},"end":{"name":"97408b96-83fe-48d1-be3a-5c041f9115af","UUID":"ActivityMain","component":{"name":"ActivityMain","compositeClassUnit":"97408b96-83fe-48d1-be3a-5c041f9115af"}}},{"start":{"name":"this$0:attrDependency","UUID":"1dc2f64f-947c-48ba-9b54-4bb8111effec","attr":{"name":"this$0","type":"org.anothermonitor.ActivityMain","UUID":"1dc2f64f-947c-48ba-9b54-4bb8111effec"},"component":{"name":"ActivityMain","compositeClassUnit":"97408b96-83fe-48d1-be3a-5c041f9115af"}},"end":{"name":"97408b96-83fe-48d1-be3a-5c041f9115af","UUID":"ActivityMain","component":{"name":"ActivityMain","compositeClassUnit":"97408b96-83fe-48d1-be3a-5c041f9115af"}}},{"start":{"name":"this$0:attrDependency","UUID":"f88bd79f-252a-4884-ad18-33f89ed4b0fa","attr":{"name":"this$0","type":"org.anothermonitor.ActivityMain","UUID":"f88bd79f-252a-4884-ad18-33f89ed4b0fa"},"component":{"name":"ActivityMain","compositeClassUnit":"97408b96-83fe-48d1-be3a-5c041f9115af"}},"end":{"name":"97408b96-83fe-48d1-be3a-5c041f9115af","UUID":"ActivityMain","component":{"name":"ActivityMain","compositeClassUnit":"97408b96-83fe-48d1-be3a-5c041f9115af"}}},{"start":{"name":"this$0:attrDependency","UUID":"01d23f29-7bff-426d-8dca-97578f495bbb","attr":{"name":"this$0","type":"org.anothermonitor.ActivityMain","UUID":"01d23f29-7bff-426d-8dca-97578f495bbb"},"component":{"name":"ActivityMain","compositeClassUnit":"97408b96-83fe-48d1-be3a-5c041f9115af"}},"end":{"name":"97408b96-83fe-48d1-be3a-5c041f9115af","UUID":"ActivityMain","component":{"name":"ActivityMain","compositeClassUnit":"97408b96-83fe-48d1-be3a-5c041f9115af"}}},{"start":{"name":"this$0:attrDependency","UUID":"901fde1b-1e23-420a-a355-9507c4f5069e","attr":{"name":"this$0","type":"org.anothermonitor.ActivityMain","UUID":"901fde1b-1e23-420a-a355-9507c4f5069e"},"component":{"name":"ActivityMain","compositeClassUnit":"97408b96-83fe-48d1-be3a-5c041f9115af"}},"end":{"name":"97408b96-83fe-48d1-be3a-5c041f9115af","UUID":"ActivityMain","component":{"name":"ActivityMain","compositeClassUnit":"97408b96-83fe-48d1-be3a-5c041f9115af"}}},{"start":{"name":"this$0:attrDependency","UUID":"040d9e20-4a76-44ac-a544-74f61451a9ae","attr":{"name":"this$0","type":"org.anothermonitor.ActivityMain","UUID":"040d9e20-4a76-44ac-a544-74f61451a9ae"},"component":{"name":"ActivityMain","compositeClassUnit":"97408b96-83fe-48d1-be3a-5c041f9115af"}},"end":{"name":"97408b96-83fe-48d1-be3a-5c041f9115af","UUID":"ActivityMain","component":{"name":"ActivityMain","compositeClassUnit":"97408b96-83fe-48d1-be3a-5c041f9115af"}}},{"start":{"name":"this$0:attrDependency","UUID":"0323936b-8748-4dab-95b0-b396281506b5","attr":{"name":"this$0","type":"org.anothermonitor.ActivityMain","UUID":"0323936b-8748-4dab-95b0-b396281506b5"},"component":{"name":"ActivityMain","compositeClassUnit":"97408b96-83fe-48d1-be3a-5c041f9115af"}},"end":{"name":"97408b96-83fe-48d1-be3a-5c041f9115af","UUID":"ActivityMain","component":{"name":"ActivityMain","compositeClassUnit":"97408b96-83fe-48d1-be3a-5c041f9115af"}}},{"start":{"name":"this$0:attrDependency","UUID":"daf6b63a-bb9e-43d0-a7b7-109ca67df2a2","attr":{"name":"this$0","type":"org.anothermonitor.ActivityMain","UUID":"daf6b63a-bb9e-43d0-a7b7-109ca67df2a2"},"component":{"name":"ActivityMain","compositeClassUnit":"97408b96-83fe-48d1-be3a-5c041f9115af"}},"end":{"name":"97408b96-83fe-48d1-be3a-5c041f9115af","UUID":"ActivityMain","component":{"name":"ActivityMain","compositeClassUnit":"97408b96-83fe-48d1-be3a-5c041f9115af"}}},{"start":{"name":"this$0:attrDependency","UUID":"1afcdc2e-decb-44a8-b7b1-656fcb0a07e8","attr":{"name":"this$0","type":"org.anothermonitor.ActivityMain","UUID":"1afcdc2e-decb-44a8-b7b1-656fcb0a07e8"},"component":{"name":"ActivityMain","compositeClassUnit":"97408b96-83fe-48d1-be3a-5c041f9115af"}},"end":{"name":"97408b96-83fe-48d1-be3a-5c041f9115af","UUID":"ActivityMain","component":{"name":"ActivityMain","compositeClassUnit":"97408b96-83fe-48d1-be3a-5c041f9115af"}}},{"start":{"name":"this$1:attrDependency","UUID":"daaa90a3-119b-4361-a32d-ab09a2637533","attr":{"name":"this$1","type":"org.anothermonitor.ActivityMain$29","UUID":"daaa90a3-119b-4361-a32d-ab09a2637533"},"component":{"name":"ActivityMain","compositeClassUnit":"97408b96-83fe-48d1-be3a-5c041f9115af"}},"end":{"name":"97408b96-83fe-48d1-be3a-5c041f9115af","UUID":"ActivityMain","component":{"name":"ActivityMain","compositeClassUnit":"97408b96-83fe-48d1-be3a-5c041f9115af"}}},{"start":{"name":"this$0:attrDependency","UUID":"9c296fe4-cb06-4633-b2d0-25fb4da72b56","attr":{"name":"this$0","type":"org.anothermonitor.ActivityMain","UUID":"9c296fe4-cb06-4633-b2d0-25fb4da72b56"},"component":{"name":"ActivityMain","compositeClassUnit":"97408b96-83fe-48d1-be3a-5c041f9115af"}},"end":{"name":"97408b96-83fe-48d1-be3a-5c041f9115af","UUID":"ActivityMain","component":{"name":"ActivityMain","compositeClassUnit":"97408b96-83fe-48d1-be3a-5c041f9115af"}}},{"start":{"name":"this$0:attrDependency","UUID":"279cf9a1-5439-46da-8966-bdf9b5023bfb","attr":{"name":"this$0","type":"org.anothermonitor.ActivityMain","UUID":"279cf9a1-5439-46da-8966-bdf9b5023bfb"},"component":{"name":"ActivityMain","compositeClassUnit":"97408b96-83fe-48d1-be3a-5c041f9115af"}},"end":{"name":"97408b96-83fe-48d1-be3a-5c041f9115af","UUID":"ActivityMain","component":{"name":"ActivityMain","compositeClassUnit":"97408b96-83fe-48d1-be3a-5c041f9115af"}}},{"start":{"name":"this$1:attrDependency","UUID":"3857a224-bf32-4421-af92-589e30382e37","attr":{"name":"this$1","type":"org.anothermonitor.ActivityMain$36","UUID":"3857a224-bf32-4421-af92-589e30382e37"},"component":{"name":"ActivityMain","compositeClassUnit":"97408b96-83fe-48d1-be3a-5c041f9115af"}},"end":{"name":"97408b96-83fe-48d1-be3a-5c041f9115af","UUID":"ActivityMain","component":{"name":"ActivityMain","compositeClassUnit":"97408b96-83fe-48d1-be3a-5c041f9115af"}}},{"start":{"name":"this$1:attrDependency","UUID":"a4e43631-56c9-4a4b-b1bc-3d722546de4c","attr":{"name":"this$1","type":"org.anothermonitor.ActivityMain$2","UUID":"a4e43631-56c9-4a4b-b1bc-3d722546de4c"},"component":{"name":"ActivityMain","compositeClassUnit":"97408b96-83fe-48d1-be3a-5c041f9115af"}},"end":{"name":"97408b96-83fe-48d1-be3a-5c041f9115af","UUID":"ActivityMain","component":{"name":"ActivityMain","compositeClassUnit":"97408b96-83fe-48d1-be3a-5c041f9115af"}}},{"start":{"name":"this$0:attrDependency","UUID":"ab0d7daa-19fa-4b07-8781-b59a66a88e9f","attr":{"name":"this$0","type":"org.anothermonitor.ActivityMain","UUID":"ab0d7daa-19fa-4b07-8781-b59a66a88e9f"},"component":{"name":"ActivityMain","compositeClassUnit":"97408b96-83fe-48d1-be3a-5c041f9115af"}},"end":{"name":"97408b96-83fe-48d1-be3a-5c041f9115af","UUID":"ActivityMain","component":{"name":"ActivityMain","compositeClassUnit":"97408b96-83fe-48d1-be3a-5c041f9115af"}}},{"start":{"name":"this$0:attrDependency","UUID":"a0b888c7-26fe-4ed6-b656-972e201ca707","attr":{"name":"this$0","type":"org.anothermonitor.ActivityMain","UUID":"a0b888c7-26fe-4ed6-b656-972e201ca707"},"component":{"name":"ActivityMain","compositeClassUnit":"97408b96-83fe-48d1-be3a-5c041f9115af"}},"end":{"name":"97408b96-83fe-48d1-be3a-5c041f9115af","UUID":"ActivityMain","component":{"name":"ActivityMain","compositeClassUnit":"97408b96-83fe-48d1-be3a-5c041f9115af"}}},{"start":{"name":"this$0:attrDependency","UUID":"7c3cd378-e7c4-4f54-af56-64500a5ef595","attr":{"name":"this$0","type":"org.anothermonitor.ActivityMain","UUID":"7c3cd378-e7c4-4f54-af56-64500a5ef595"},"component":{"name":"ActivityMain","compositeClassUnit":"97408b96-83fe-48d1-be3a-5c041f9115af"}},"end":{"name":"97408b96-83fe-48d1-be3a-5c041f9115af","UUID":"ActivityMain","component":{"name":"ActivityMain","compositeClassUnit":"97408b96-83fe-48d1-be3a-5c041f9115af"}}},{"start":{"name":"this$0:attrDependency","UUID":"fb0de2dd-910c-40e4-a28a-f07f829a00ee","attr":{"name":"this$0","type":"org.anothermonitor.ActivityMain","UUID":"fb0de2dd-910c-40e4-a28a-f07f829a00ee"},"component":{"name":"ActivityMain","compositeClassUnit":"97408b96-83fe-48d1-be3a-5c041f9115af"}},"end":{"name":"97408b96-83fe-48d1-be3a-5c041f9115af","UUID":"ActivityMain","component":{"name":"ActivityMain","compositeClassUnit":"97408b96-83fe-48d1-be3a-5c041f9115af"}}},{"start":{"name":"this$1:attrDependency","UUID":"76edec67-4549-4b9a-96a5-29867284c3b7","attr":{"name":"this$1","type":"org.anothermonitor.ActivityMain$39","UUID":"76edec67-4549-4b9a-96a5-29867284c3b7"},"component":{"name":"ActivityMain","compositeClassUnit":"97408b96-83fe-48d1-be3a-5c041f9115af"}},"end":{"name":"97408b96-83fe-48d1-be3a-5c041f9115af","UUID":"ActivityMain","component":{"name":"ActivityMain","compositeClassUnit":"97408b96-83fe-48d1-be3a-5c041f9115af"}}},{"start":{"name":"this$0:attrDependency","UUID":"d496cbf7-3142-449c-a7eb-c9c903036769","attr":{"name":"this$0","type":"org.anothermonitor.ActivityAbout","UUID":"d496cbf7-3142-449c-a7eb-c9c903036769"},"component":{"name":"ActivityAbout","compositeClassUnit":"075f6074-b713-463a-a0aa-8d1d7f811cba"}},"end":{"name":"075f6074-b713-463a-a0aa-8d1d7f811cba","UUID":"ActivityAbout","component":{"name":"ActivityAbout","compositeClassUnit":"075f6074-b713-463a-a0aa-8d1d7f811cba"}}},{"start":{"name":"this$0:attrDependency","UUID":"78d82720-8e4a-4f92-bec7-1d47e128a18b","attr":{"name":"this$0","type":"org.anothermonitor.ActivityAbout","UUID":"78d82720-8e4a-4f92-bec7-1d47e128a18b"},"component":{"name":"ActivityAbout","compositeClassUnit":"075f6074-b713-463a-a0aa-8d1d7f811cba"}},"end":{"name":"075f6074-b713-463a-a0aa-8d1d7f811cba","UUID":"ActivityAbout","component":{"name":"ActivityAbout","compositeClassUnit":"075f6074-b713-463a-a0aa-8d1d7f811cba"}}},{"start":{"name":"this$0:attrDependency","UUID":"256fc598-4646-420c-9522-4e1582ae23a4","attr":{"name":"this$0","type":"org.anothermonitor.ServiceReader","UUID":"256fc598-4646-420c-9522-4e1582ae23a4"},"component":{"name":"ServiceReader","compositeClassUnit":"ee8d4540-9654-4bc2-a0aa-27aa396117a9"}},"end":{"name":"ee8d4540-9654-4bc2-a0aa-27aa396117a9","UUID":"ServiceReader","component":{"name":"ServiceReader","compositeClassUnit":"ee8d4540-9654-4bc2-a0aa-27aa396117a9"}}},{"start":{"name":"this$0:attrDependency","UUID":"e0624d7d-dc34-477d-b56c-23fff0db4e2a","attr":{"name":"this$0","type":"org.anothermonitor.ServiceReader","UUID":"e0624d7d-dc34-477d-b56c-23fff0db4e2a"},"component":{"name":"ServiceReader","compositeClassUnit":"ee8d4540-9654-4bc2-a0aa-27aa396117a9"}},"end":{"name":"ee8d4540-9654-4bc2-a0aa-27aa396117a9","UUID":"ServiceReader","component":{"name":"ServiceReader","compositeClassUnit":"ee8d4540-9654-4bc2-a0aa-27aa396117a9"}}},{"start":{"name":"this$0:attrDependency","UUID":"61c15ff7-fe30-4799-acac-fffd442a13d1","attr":{"name":"this$0","type":"org.anothermonitor.ServiceReader","UUID":"61c15ff7-fe30-4799-acac-fffd442a13d1"},"component":{"name":"ServiceReader","compositeClassUnit":"ee8d4540-9654-4bc2-a0aa-27aa396117a9"}},"end":{"name":"ee8d4540-9654-4bc2-a0aa-27aa396117a9","UUID":"ServiceReader","component":{"name":"ServiceReader","compositeClassUnit":"ee8d4540-9654-4bc2-a0aa-27aa396117a9"}}},{"start":{"name":"this$0:attrDependency","UUID":"e2f1624f-e214-4c1d-8ea5-32f68a3f4666","attr":{"name":"this$0","type":"org.anothermonitor.ServiceReader","UUID":"e2f1624f-e214-4c1d-8ea5-32f68a3f4666"},"component":{"name":"ServiceReader","compositeClassUnit":"ee8d4540-9654-4bc2-a0aa-27aa396117a9"}},"end":{"name":"ee8d4540-9654-4bc2-a0aa-27aa396117a9","UUID":"ServiceReader","component":{"name":"ServiceReader","compositeClassUnit":"ee8d4540-9654-4bc2-a0aa-27aa396117a9"}}},{"start":{"name":"this$0:attrDependency","UUID":"0b03ab9a-19d4-42b2-b2ea-393ddfda15cb","attr":{"name":"this$0","type":"org.anothermonitor.ServiceReader","UUID":"0b03ab9a-19d4-42b2-b2ea-393ddfda15cb"},"component":{"name":"ServiceReader","compositeClassUnit":"ee8d4540-9654-4bc2-a0aa-27aa396117a9"}},"end":{"name":"ee8d4540-9654-4bc2-a0aa-27aa396117a9","UUID":"ServiceReader","component":{"name":"ServiceReader","compositeClassUnit":"ee8d4540-9654-4bc2-a0aa-27aa396117a9"}}},{"start":{"name":"this$1:attrDependency","UUID":"2d712798-e015-4e6c-b6b4-7c9941588812","attr":{"name":"this$1","type":"org.anothermonitor.ActivityProcesses$SimpleAdapterCustomised","UUID":"2d712798-e015-4e6c-b6b4-7c9941588812"},"component":{"name":"ActivityProcesses","compositeClassUnit":"4d7e54d8-bd96-4a8e-bf29-7844b1be198e"}},"end":{"name":"4d7e54d8-bd96-4a8e-bf29-7844b1be198e","UUID":"ActivityProcesses","component":{"name":"ActivityProcesses","compositeClassUnit":"4d7e54d8-bd96-4a8e-bf29-7844b1be198e"}}},{"start":{"name":"this$0:attrDependency","UUID":"2b1afdd1-067c-4edc-8269-5e1af8abc80a","attr":{"name":"this$0","type":"org.anothermonitor.ActivityProcesses","UUID":"2b1afdd1-067c-4edc-8269-5e1af8abc80a"},"component":{"name":"ActivityProcesses","compositeClassUnit":"4d7e54d8-bd96-4a8e-bf29-7844b1be198e"}},"end":{"name":"4d7e54d8-bd96-4a8e-bf29-7844b1be198e","UUID":"ActivityProcesses","component":{"name":"ActivityProcesses","compositeClassUnit":"4d7e54d8-bd96-4a8e-bf29-7844b1be198e"}}},{"start":{"name":"this$1:attrDependency","UUID":"a02465f2-1553-407f-90ab-40f65d4c8080","attr":{"name":"this$1","type":"org.anothermonitor.ActivityMain$3","UUID":"a02465f2-1553-407f-90ab-40f65d4c8080"},"component":{"name":"ActivityMain","compositeClassUnit":"97408b96-83fe-48d1-be3a-5c041f9115af"}},"end":{"name":"97408b96-83fe-48d1-be3a-5c041f9115af","UUID":"ActivityMain","component":{"name":"ActivityMain","compositeClassUnit":"97408b96-83fe-48d1-be3a-5c041f9115af"}}},{"start":{"name":"this$0:attrDependency","UUID":"f3d2e1b5-53d7-4d68-890d-7fd5c46fc0e8","attr":{"name":"this$0","type":"org.anothermonitor.ActivityProcesses","UUID":"f3d2e1b5-53d7-4d68-890d-7fd5c46fc0e8"},"component":{"name":"ActivityProcesses","compositeClassUnit":"4d7e54d8-bd96-4a8e-bf29-7844b1be198e"}},"end":{"name":"4d7e54d8-bd96-4a8e-bf29-7844b1be198e","UUID":"ActivityProcesses","component":{"name":"ActivityProcesses","compositeClassUnit":"4d7e54d8-bd96-4a8e-bf29-7844b1be198e"}}},{"start":{"name":"this$0:attrDependency","UUID":"b341bef3-bedf-427c-a5ab-0c6c49363d6b","attr":{"name":"this$0","type":"org.anothermonitor.ActivityProcesses","UUID":"b341bef3-bedf-427c-a5ab-0c6c49363d6b"},"component":{"name":"ActivityProcesses","compositeClassUnit":"4d7e54d8-bd96-4a8e-bf29-7844b1be198e"}},"end":{"name":"4d7e54d8-bd96-4a8e-bf29-7844b1be198e","UUID":"ActivityProcesses","component":{"name":"ActivityProcesses","compositeClassUnit":"4d7e54d8-bd96-4a8e-bf29-7844b1be198e"}}},{"start":{"name":"this$1:attrDependency","UUID":"4d15833a-199c-40e5-b472-510fe22dee74","attr":{"name":"this$1","type":"org.anothermonitor.ActivityMain$38","UUID":"4d15833a-199c-40e5-b472-510fe22dee74"},"component":{"name":"ActivityMain","compositeClassUnit":"97408b96-83fe-48d1-be3a-5c041f9115af"}},"end":{"name":"97408b96-83fe-48d1-be3a-5c041f9115af","UUID":"ActivityMain","component":{"name":"ActivityMain","compositeClassUnit":"97408b96-83fe-48d1-be3a-5c041f9115af"}}},{"start":{"name":"mSR:attrDependency","UUID":"e036020c-837d-477f-8c63-ff21ce2d50d0","attr":{"name":"mSR","type":"org.anothermonitor.ServiceReader","UUID":"e036020c-837d-477f-8c63-ff21ce2d50d0"},"component":{"name":"ServiceReader","compositeClassUnit":"ee8d4540-9654-4bc2-a0aa-27aa396117a9"}},"end":{"name":"97408b96-83fe-48d1-be3a-5c041f9115af","UUID":"ActivityMain","component":{"name":"ActivityMain","compositeClassUnit":"97408b96-83fe-48d1-be3a-5c041f9115af"}}},{"start":{"name":"mVG:attrDependency","UUID":"0e23d44f-385c-4ddd-a66c-5af04205b2f3","attr":{"name":"mVG","type":"org.anothermonitor.ViewGraphic","UUID":"0e23d44f-385c-4ddd-a66c-5af04205b2f3"},"component":{"name":"ViewGraphic","compositeClassUnit":"4d487c7f-3d14-48b6-a9c6-4a8ac4859f7a"}},"end":{"name":"97408b96-83fe-48d1-be3a-5c041f9115af","UUID":"ActivityMain","component":{"name":"ActivityMain","compositeClassUnit":"97408b96-83fe-48d1-be3a-5c041f9115af"}}},{"start":{"name":"this$0:attrDependency","UUID":"546d29ba-fcb0-4df5-9e4a-f7e86cae2b31","attr":{"name":"this$0","type":"org.anothermonitor.ActivityHelp","UUID":"546d29ba-fcb0-4df5-9e4a-f7e86cae2b31"},"component":{"name":"ActivityHelp","compositeClassUnit":"56f39ad9-6679-49ff-9c3e-6ce48046954e"}},"end":{"name":"56f39ad9-6679-49ff-9c3e-6ce48046954e","UUID":"ActivityHelp","component":{"name":"ActivityHelp","compositeClassUnit":"56f39ad9-6679-49ff-9c3e-6ce48046954e"}}},{"start":{"name":"this$0:attrDependency","UUID":"181a3f49-eb90-4ba5-93b0-035c2dfad6e3","attr":{"name":"this$0","type":"org.anothermonitor.ActivityProcesses","UUID":"181a3f49-eb90-4ba5-93b0-035c2dfad6e3"},"component":{"name":"ActivityProcesses","compositeClassUnit":"4d7e54d8-bd96-4a8e-bf29-7844b1be198e"}},"end":{"name":"4d7e54d8-bd96-4a8e-bf29-7844b1be198e","UUID":"ActivityProcesses","component":{"name":"ActivityProcesses","compositeClassUnit":"4d7e54d8-bd96-4a8e-bf29-7844b1be198e"}}},{"start":{"name":"this$0:attrDependency","UUID":"7551f6b7-7f90-4eb5-bd8f-51c41b71b0b8","attr":{"name":"this$0","type":"org.anothermonitor.ActivityProcesses","UUID":"7551f6b7-7f90-4eb5-bd8f-51c41b71b0b8"},"component":{"name":"ActivityProcesses","compositeClassUnit":"4d7e54d8-bd96-4a8e-bf29-7844b1be198e"}},"end":{"name":"4d7e54d8-bd96-4a8e-bf29-7844b1be198e","UUID":"ActivityProcesses","component":{"name":"ActivityProcesses","compositeClassUnit":"4d7e54d8-bd96-4a8e-bf29-7844b1be198e"}}},{"start":{"name":"this$0:attrDependency","UUID":"7eec64a8-8b73-4096-af05-9467a5b197c6","attr":{"name":"this$0","type":"org.anothermonitor.ActivityMain","UUID":"7eec64a8-8b73-4096-af05-9467a5b197c6"},"component":{"name":"ActivityMain","compositeClassUnit":"97408b96-83fe-48d1-be3a-5c041f9115af"}},"end":{"name":"97408b96-83fe-48d1-be3a-5c041f9115af","UUID":"ActivityMain","component":{"name":"ActivityMain","compositeClassUnit":"97408b96-83fe-48d1-be3a-5c041f9115af"}}},{"start":{"name":"this$0:attrDependency","UUID":"93c04f5e-8972-4109-ab5a-78d694f026a7","attr":{"name":"this$0","type":"org.anothermonitor.ActivityMain","UUID":"93c04f5e-8972-4109-ab5a-78d694f026a7"},"component":{"name":"ActivityMain","compositeClassUnit":"97408b96-83fe-48d1-be3a-5c041f9115af"}},"end":{"name":"97408b96-83fe-48d1-be3a-5c041f9115af","UUID":"ActivityMain","component":{"name":"ActivityMain","compositeClassUnit":"97408b96-83fe-48d1-be3a-5c041f9115af"}}},{"start":{"name":"this$0:attrDependency","UUID":"23298372-9c45-42a5-9704-ebde880df49c","attr":{"name":"this$0","type":"org.anothermonitor.ActivityMain","UUID":"23298372-9c45-42a5-9704-ebde880df49c"},"component":{"name":"ActivityMain","compositeClassUnit":"97408b96-83fe-48d1-be3a-5c041f9115af"}},"end":{"name":"97408b96-83fe-48d1-be3a-5c041f9115af","UUID":"ActivityMain","component":{"name":"ActivityMain","compositeClassUnit":"97408b96-83fe-48d1-be3a-5c041f9115af"}}},{"start":{"name":"this$0:attrDependency","UUID":"c09b3409-fd67-4af2-a771-b3a926155ba8","attr":{"name":"this$0","type":"org.anothermonitor.ActivityMain","UUID":"c09b3409-fd67-4af2-a771-b3a926155ba8"},"component":{"name":"ActivityMain","compositeClassUnit":"97408b96-83fe-48d1-be3a-5c041f9115af"}},"end":{"name":"97408b96-83fe-48d1-be3a-5c041f9115af","UUID":"ActivityMain","component":{"name":"ActivityMain","compositeClassUnit":"97408b96-83fe-48d1-be3a-5c041f9115af"}}},{"start":{"name":"this$0:attrDependency","UUID":"2d0e3808-eac8-44cd-a605-a59fbb9459dc","attr":{"name":"this$0","type":"org.anothermonitor.ActivityMain","UUID":"2d0e3808-eac8-44cd-a605-a59fbb9459dc"},"component":{"name":"ActivityMain","compositeClassUnit":"97408b96-83fe-48d1-be3a-5c041f9115af"}},"end":{"name":"97408b96-83fe-48d1-be3a-5c041f9115af","UUID":"ActivityMain","component":{"name":"ActivityMain","compositeClassUnit":"97408b96-83fe-48d1-be3a-5c041f9115af"}}},{"start":{"name":"this$0:attrDependency","UUID":"e2a383cd-391f-404e-aa49-00a25188af86","attr":{"name":"this$0","type":"org.anothermonitor.ActivityMain","UUID":"e2a383cd-391f-404e-aa49-00a25188af86"},"component":{"name":"ActivityMain","compositeClassUnit":"97408b96-83fe-48d1-be3a-5c041f9115af"}},"end":{"name":"97408b96-83fe-48d1-be3a-5c041f9115af","UUID":"ActivityMain","component":{"name":"ActivityMain","compositeClassUnit":"97408b96-83fe-48d1-be3a-5c041f9115af"}}},{"start":{"name":"this$0:attrDependency","UUID":"242b50a9-9d0f-4404-98ae-9bac91b564ee","attr":{"name":"this$0","type":"org.anothermonitor.ActivityMain","UUID":"242b50a9-9d0f-4404-98ae-9bac91b564ee"},"component":{"name":"ActivityMain","compositeClassUnit":"97408b96-83fe-48d1-be3a-5c041f9115af"}},"end":{"name":"97408b96-83fe-48d1-be3a-5c041f9115af","UUID":"ActivityMain","component":{"name":"ActivityMain","compositeClassUnit":"97408b96-83fe-48d1-be3a-5c041f9115af"}}},{"start":{"name":"this$0:attrDependency","UUID":"364dd169-1951-4e6c-b19f-a6e25210d827","attr":{"name":"this$0","type":"org.anothermonitor.ActivityMain","UUID":"364dd169-1951-4e6c-b19f-a6e25210d827"},"component":{"name":"ActivityMain","compositeClassUnit":"97408b96-83fe-48d1-be3a-5c041f9115af"}},"end":{"name":"97408b96-83fe-48d1-be3a-5c041f9115af","UUID":"ActivityMain","component":{"name":"ActivityMain","compositeClassUnit":"97408b96-83fe-48d1-be3a-5c041f9115af"}}},{"start":{"name":"this$0:attrDependency","UUID":"7c6dce6a-d5c9-4b57-a540-af2fff3e2f71","attr":{"name":"this$0","type":"org.anothermonitor.ActivityMain","UUID":"7c6dce6a-d5c9-4b57-a540-af2fff3e2f71"},"component":{"name":"ActivityMain","compositeClassUnit":"97408b96-83fe-48d1-be3a-5c041f9115af"}},"end":{"name":"97408b96-83fe-48d1-be3a-5c041f9115af","UUID":"ActivityMain","component":{"name":"ActivityMain","compositeClassUnit":"97408b96-83fe-48d1-be3a-5c041f9115af"}}}]}