{"nodes":[{"name":"SAXException","UUID":"bf60643b-fca7-4fe3-a867-512ce5e737e0","component":{"UUID":"bf60643b-fca7-4fe3-a867-512ce5e737e0","name":"SAXException","packageName":"org.xml.sax","isWithinBoundary":"true","methodUnits":[{"UUID":"a2cd4ed6-5646-4f3d-a9da-791a0c2c791d","signature":{"name":"<init>","parameterUnits":[]}},{"UUID":"f805991c-7048-4b0f-91cb-89d014f19310","signature":{"name":"<init>","parameterUnits":[{"type":"java.lang.String"}]}},{"UUID":"2a0a3f68-bc99-470d-9933-4b774632ea45","signature":{"name":"<init>","parameterUnits":[{"type":"java.lang.Exception"}]}},{"UUID":"248db405-1ddf-4d31-925f-b66270122ec7","signature":{"name":"<init>","parameterUnits":[{"type":"java.lang.String"},{"type":"java.lang.Exception"}]}},{"UUID":"9006dceb-d134-4b9c-b72d-e6f0c4812cc5","signature":{"name":"getMessage","parameterUnits":[]}},{"UUID":"cad97435-d4ba-46bc-a267-3979986bbcaf","signature":{"name":"getException","parameterUnits":[]}},{"UUID":"402aab19-1569-44c6-9472-5274806c45ba","signature":{"name":"toString","parameterUnits":[]}}],"attrUnits":[]}},{"name":"SAXNotRecognizedException","UUID":"02447dc2-0f36-40bd-a424-a17319162a1e","component":{"UUID":"02447dc2-0f36-40bd-a424-a17319162a1e","name":"SAXNotRecognizedException","packageName":"org.xml.sax","isWithinBoundary":"true","methodUnits":[{"UUID":"5e094f3d-60e5-4844-8597-8b46932a1b50","signature":{"name":"<init>","parameterUnits":[]}},{"UUID":"c720abb1-0d9b-404a-9712-3f552a4af05c","signature":{"name":"<init>","parameterUnits":[{"type":"java.lang.String"}]}}],"attrUnits":[]}},{"name":"SAXNotSupportedException","UUID":"dcfa8a0c-87ae-4a3c-9325-2e0c01721bb3","component":{"UUID":"dcfa8a0c-87ae-4a3c-9325-2e0c01721bb3","name":"SAXNotSupportedException","packageName":"org.xml.sax","isWithinBoundary":"true","methodUnits":[{"UUID":"919870a6-3b8c-4759-a194-3c9834e6a2a3","signature":{"name":"<init>","parameterUnits":[]}},{"UUID":"65f0b9e8-2597-4b49-a361-9b4a5a0b07d9","signature":{"name":"<init>","parameterUnits":[{"type":"java.lang.String"}]}}],"attrUnits":[]}},{"name":"SAXParseException","UUID":"15c107c4-b6ab-4b2b-b030-b746dcb91044","component":{"UUID":"15c107c4-b6ab-4b2b-b030-b746dcb91044","name":"SAXParseException","packageName":"org.xml.sax","isWithinBoundary":"true","methodUnits":[{"UUID":"5d289e39-17f3-453e-a1e4-11a2d154a533","signature":{"name":"<init>","parameterUnits":[{"type":"java.lang.String"},{"type":"org.xml.sax.Locator"}]}},{"UUID":"c0593621-ea23-4f37-a35a-9de1e929b1fb","signature":{"name":"<init>","parameterUnits":[{"type":"java.lang.String"},{"type":"org.xml.sax.Locator"},{"type":"java.lang.Exception"}]}},{"UUID":"7638db78-add8-4752-9e58-ba959115f9a5","signature":{"name":"<init>","parameterUnits":[{"type":"java.lang.String"},{"type":"java.lang.String"},{"type":"java.lang.String"},{"type":"int"},{"type":"int"}]}},{"UUID":"8d99e4dd-fc74-444f-a686-679b0a73717a","signature":{"name":"<init>","parameterUnits":[{"type":"java.lang.String"},{"type":"java.lang.String"},{"type":"java.lang.String"},{"type":"int"},{"type":"int"},{"type":"java.lang.Exception"}]}},{"UUID":"068bc422-e60e-4fa3-90c4-1a30d1e818fa","signature":{"name":"getPublicId","parameterUnits":[]}},{"UUID":"1f5c21e6-06d1-474f-b266-b8cfef45ae9d","signature":{"name":"getSystemId","parameterUnits":[]}},{"UUID":"b86a8b1f-24f7-4841-bff6-5803ee5d089d","signature":{"name":"getLineNumber","parameterUnits":[]}},{"UUID":"4eafb9bb-2862-4f6a-abe7-d43c736382c2","signature":{"name":"getColumnNumber","parameterUnits":[]}}],"attrUnits":[]}},{"name":"ProcFile","UUID":"267cd0ac-d9cc-47ee-abed-9425e9da9e1e","component":{"UUID":"267cd0ac-d9cc-47ee-abed-9425e9da9e1e","name":"ProcFile","packageName":"com.jaredrummler.android.processes.models","isWithinBoundary":"true","methodUnits":[{"UUID":"a947a362-18bd-4949-82dc-8b3bb54b15c7","signature":{"name":"<clinit>","parameterUnits":[]}},{"UUID":"8fbd4647-783a-4000-b011-20ee5c0ffcbf","signature":{"name":"<init>","parameterUnits":[{"type":"android.os.Parcel"}]}},{"UUID":"3862b361-b8b9-4ce2-ba89-43ab3a503800","signature":{"name":"<init>","parameterUnits":[{"type":"java.lang.String"}]}},{"UUID":"6dc3e75d-2899-4d33-b93a-2bd8a55a5955","signature":{"name":"readFile","parameterUnits":[{"type":"java.lang.String"}]}},{"UUID":"327ffb4d-d77d-4817-940f-8e4b653a3618","signature":{"name":"describeContents","parameterUnits":[]}},{"UUID":"b7fbae3d-460d-4892-a8eb-d6ed3b759cba","signature":{"name":"length","parameterUnits":[]}},{"UUID":"cc00f014-eaee-46d3-9182-b3f3f6c34588","signature":{"name":"writeToParcel","parameterUnits":[{"type":"android.os.Parcel"},{"type":"int"}]}}],"attrUnits":[]}},{"name":"Cgroup","UUID":"c6859050-22b1-43d2-a693-cc853b347c3b","component":{"UUID":"c6859050-22b1-43d2-a693-cc853b347c3b","name":"Cgroup","packageName":"com.jaredrummler.android.processes.models","isWithinBoundary":"true","methodUnits":[{"UUID":"5c9f5812-848d-4ad7-94f3-a4448fed3ab4","signature":{"name":"<clinit>","parameterUnits":[]}},{"UUID":"c9a23b46-a70d-4f56-bb54-f1c87e24a772","signature":{"name":"<init>","parameterUnits":[{"type":"android.os.Parcel"}]}},{"UUID":"59207460-69b3-4565-8148-450b6130b17d","signature":{"name":"<init>","parameterUnits":[{"type":"android.os.Parcel"},{"type":"com.jaredrummler.android.processes.models.Cgroup$1"}]}},{"UUID":"17540af4-f594-438c-9dc8-ecca67fb7a01","signature":{"name":"<init>","parameterUnits":[{"type":"java.lang.String"}]}},{"UUID":"1ae824b8-6aa6-4736-b7d4-f094dd6349eb","signature":{"name":"get","parameterUnits":[{"type":"int"}]}},{"UUID":"dbd2c156-a60d-4239-9cc7-5221609738a6","signature":{"name":"getGroup","parameterUnits":[{"type":"java.lang.String"}]}},{"UUID":"ac0fd4e3-fd83-4570-a9fa-834c0000e8e0","signature":{"name":"writeToParcel","parameterUnits":[{"type":"android.os.Parcel"},{"type":"int"}]}}],"attrUnits":[]}},{"name":"Stat","UUID":"cb0a3576-f6a0-489f-8634-26533da5d5a9","component":{"UUID":"cb0a3576-f6a0-489f-8634-26533da5d5a9","name":"Stat","packageName":"com.jaredrummler.android.processes.models","isWithinBoundary":"true","methodUnits":[{"UUID":"46495de0-c7a4-4a71-aded-9515a7280124","signature":{"name":"<clinit>","parameterUnits":[]}},{"UUID":"d0b7efd1-b07a-4ba1-a246-6f2cbdea1117","signature":{"name":"<init>","parameterUnits":[{"type":"android.os.Parcel"}]}},{"UUID":"a1722ff1-4a96-41b1-9605-278d20bfed27","signature":{"name":"<init>","parameterUnits":[{"type":"android.os.Parcel"},{"type":"com.jaredrummler.android.processes.models.Stat$1"}]}},{"UUID":"fa5da0f2-0a65-46a4-b128-1079ef190587","signature":{"name":"<init>","parameterUnits":[{"type":"java.lang.String"}]}},{"UUID":"7ca86b71-bf74-40e6-b220-9ca0d3a7df34","signature":{"name":"get","parameterUnits":[{"type":"int"}]}},{"UUID":"741cab34-09bb-4a7e-a753-538f2f7c0a3f","signature":{"name":"arg_end","parameterUnits":[]}},{"UUID":"2861a4a2-5267-42b6-adc7-57140ee88984","signature":{"name":"arg_start","parameterUnits":[]}},{"UUID":"e678a112-6baf-4e5f-b537-8531ce1639e5","signature":{"name":"blocked","parameterUnits":[]}},{"UUID":"97b6fdc8-7133-4b18-9c74-58c60510a8fe","signature":{"name":"cguest_time","parameterUnits":[]}},{"UUID":"d6c18e18-6b9b-47b0-afbe-8ef1461fb89a","signature":{"name":"cmajflt","parameterUnits":[]}},{"UUID":"ecc54b0f-e8e5-4501-805a-01a8700bfff5","signature":{"name":"cminflt","parameterUnits":[]}},{"UUID":"c322c509-84c6-4a56-9179-53bcd069156a","signature":{"name":"cnswap","parameterUnits":[]}},{"UUID":"b9080b27-c873-40a4-9fde-9af33954ea3c","signature":{"name":"cstime","parameterUnits":[]}},{"UUID":"4deb8160-1de8-4f17-8e84-558f33ea5bfe","signature":{"name":"cutime","parameterUnits":[]}},{"UUID":"dfdc9c4d-8dca-4baf-8d5d-04270071ded0","signature":{"name":"delayacct_blkio_ticks","parameterUnits":[]}},{"UUID":"1e15e768-2282-43d0-ab2d-e50a71681b55","signature":{"name":"end_data","parameterUnits":[]}},{"UUID":"7b7c0907-c992-49d5-b480-5ec223443ad9","signature":{"name":"endcode","parameterUnits":[]}},{"UUID":"c7a284c8-0fe0-4bf3-9b8c-8494e3bbadc6","signature":{"name":"env_end","parameterUnits":[]}},{"UUID":"fd36e0cb-b4fd-49c4-bbaf-49482c071dd7","signature":{"name":"env_start","parameterUnits":[]}},{"UUID":"93a66710-e4a1-4fa0-8a53-4417a807d7dd","signature":{"name":"exit_code","parameterUnits":[]}},{"UUID":"b46f6503-3e00-4057-8917-b0a34a731d67","signature":{"name":"exit_signal","parameterUnits":[]}},{"UUID":"2e6beaf5-73c0-440b-afad-34a7138c79a7","signature":{"name":"flags","parameterUnits":[]}},{"UUID":"c9666413-bd09-4e29-8d5d-8cc2cf804694","signature":{"name":"getComm","parameterUnits":[]}},{"UUID":"91253243-c586-48ad-9936-f796882fe137","signature":{"name":"getPid","parameterUnits":[]}},{"UUID":"633f5945-8d92-4df6-b86c-d2971106b43e","signature":{"name":"guest_time","parameterUnits":[]}},{"UUID":"5b0026cf-b8db-4665-befe-0cb71db82c3f","signature":{"name":"itrealvalue","parameterUnits":[]}},{"UUID":"72139eb1-4508-4919-a0b0-257ab3d74c9d","signature":{"name":"kstkeip","parameterUnits":[]}},{"UUID":"2e0f15f8-0683-4e83-994b-888b81e04491","signature":{"name":"kstkesp","parameterUnits":[]}},{"UUID":"145be444-a5f8-4690-9d95-d6f31f2cb19c","signature":{"name":"majflt","parameterUnits":[]}},{"UUID":"d0bda98d-1e4f-401f-9d3b-6a62ed256f61","signature":{"name":"minflt","parameterUnits":[]}},{"UUID":"73064510-fa3e-4a1b-80e7-afb2d0dc261d","signature":{"name":"nice","parameterUnits":[]}},{"UUID":"b753a1ba-1cc3-4965-9e85-4aaa27391d8d","signature":{"name":"nswap","parameterUnits":[]}},{"UUID":"3a50cd64-7b1c-4ea5-9277-d9c06f997952","signature":{"name":"num_threads","parameterUnits":[]}},{"UUID":"614f0af8-7eeb-41a1-b055-72036f5d1331","signature":{"name":"pgrp","parameterUnits":[]}},{"UUID":"ce9cd0c2-6915-4018-85a3-3e6cedf5fe25","signature":{"name":"policy","parameterUnits":[]}},{"UUID":"40d2828d-3ae4-4897-9ebe-a8ceae7074bf","signature":{"name":"ppid","parameterUnits":[]}},{"UUID":"ab5a611e-4374-4647-b374-c10be94acfa0","signature":{"name":"priority","parameterUnits":[]}},{"UUID":"7d9d3a8d-6002-4f0d-a6ec-4415aa00ac4d","signature":{"name":"processor","parameterUnits":[]}},{"UUID":"57a54bfd-4fe9-4af4-9d36-8681f744008c","signature":{"name":"rss","parameterUnits":[]}},{"UUID":"e9f860e4-4129-414d-9c7c-9ea1e52bac5f","signature":{"name":"rsslim","parameterUnits":[]}},{"UUID":"4f25df17-8614-427f-98b0-cc9b762608d0","signature":{"name":"rt_priority","parameterUnits":[]}},{"UUID":"5ca25cae-8bfc-4704-be85-445125b18386","signature":{"name":"session","parameterUnits":[]}},{"UUID":"82578571-35bc-4189-bc8f-c5198bc06737","signature":{"name":"sigcatch","parameterUnits":[]}},{"UUID":"2c67004d-cdb3-4be0-8b5f-3f9217b295ef","signature":{"name":"sigignore","parameterUnits":[]}},{"UUID":"39ae2fb9-3c2c-4dd3-b59a-3997f322bad1","signature":{"name":"signal","parameterUnits":[]}},{"UUID":"520e9b21-29b3-41d4-8aa9-2e6be789136c","signature":{"name":"start_brk","parameterUnits":[]}},{"UUID":"94db613b-c780-4685-b726-9be66042ee01","signature":{"name":"start_data","parameterUnits":[]}},{"UUID":"570adf40-719c-493f-92ea-7150e7e56ef9","signature":{"name":"startcode","parameterUnits":[]}},{"UUID":"284c7b2e-84ec-4ff7-9f6a-2d97019d1e68","signature":{"name":"startstack","parameterUnits":[]}},{"UUID":"8dcfa324-242f-4205-a24c-df42cdb6427d","signature":{"name":"starttime","parameterUnits":[]}},{"UUID":"79b09b2d-20d7-477d-94f2-130c9ccc847d","signature":{"name":"state","parameterUnits":[]}},{"UUID":"ab141c2b-2483-4d2b-8f14-3b75599f2ef8","signature":{"name":"stime","parameterUnits":[]}},{"UUID":"5f33192e-3ae5-43a8-b2c3-29501a17bb58","signature":{"name":"tpgid","parameterUnits":[]}},{"UUID":"28785400-fa5b-48ba-b5c6-dec19bee24e2","signature":{"name":"tty_nr","parameterUnits":[]}},{"UUID":"f64cbe6f-94b9-4279-ac91-9543fd804575","signature":{"name":"utime","parameterUnits":[]}},{"UUID":"551c0678-bd3c-4219-bab7-ac49671ac0c1","signature":{"name":"vsize","parameterUnits":[]}},{"UUID":"490289ca-1a18-4e69-9b36-80c19f5b67ff","signature":{"name":"wchan","parameterUnits":[]}},{"UUID":"e4696840-90d7-4dad-b596-582fb52894f6","signature":{"name":"writeToParcel","parameterUnits":[{"type":"android.os.Parcel"},{"type":"int"}]}}],"attrUnits":[]}},{"name":"Statm","UUID":"ed7223de-4601-44a2-bb44-148bb6e04021","component":{"UUID":"ed7223de-4601-44a2-bb44-148bb6e04021","name":"Statm","packageName":"com.jaredrummler.android.processes.models","isWithinBoundary":"true","methodUnits":[{"UUID":"a51ccb11-4c25-482a-ab54-3e2a78755a21","signature":{"name":"<clinit>","parameterUnits":[]}},{"UUID":"c463a61f-50b0-4abb-b702-1841c3e6c068","signature":{"name":"<init>","parameterUnits":[{"type":"android.os.Parcel"}]}},{"UUID":"62889066-c057-404d-9e88-49b34d04e170","signature":{"name":"<init>","parameterUnits":[{"type":"android.os.Parcel"},{"type":"com.jaredrummler.android.processes.models.Statm$1"}]}},{"UUID":"f5faeead-09e7-43fb-8a9c-ab99e94be6ba","signature":{"name":"<init>","parameterUnits":[{"type":"java.lang.String"}]}},{"UUID":"b252a702-46c3-4332-bc32-ef530aeccb2b","signature":{"name":"get","parameterUnits":[{"type":"int"}]}},{"UUID":"0fe382f4-c15c-481f-9115-e2054010d6ae","signature":{"name":"getResidentSetSize","parameterUnits":[]}},{"UUID":"d7fad7fd-4366-48df-a7c0-d4c7aeb99f30","signature":{"name":"getSize","parameterUnits":[]}},{"UUID":"e51a95d8-4d20-4ea9-bfa5-b65b55e56a11","signature":{"name":"writeToParcel","parameterUnits":[{"type":"android.os.Parcel"},{"type":"int"}]}}],"attrUnits":[]}},{"name":"Status","UUID":"f4f2c3b1-85ce-41b1-b8bb-662bbe2231e2","component":{"UUID":"f4f2c3b1-85ce-41b1-b8bb-662bbe2231e2","name":"Status","packageName":"com.jaredrummler.android.processes.models","isWithinBoundary":"true","methodUnits":[{"UUID":"f48af0ff-9e88-4e62-b9f4-66b4df161a1d","signature":{"name":"<clinit>","parameterUnits":[]}},{"UUID":"e7cc366f-621c-497d-a2b4-ab3c143b2b43","signature":{"name":"<init>","parameterUnits":[{"type":"android.os.Parcel"}]}},{"UUID":"7a5ab701-0f5f-40bc-b139-1a12080bebed","signature":{"name":"<init>","parameterUnits":[{"type":"android.os.Parcel"},{"type":"com.jaredrummler.android.processes.models.Status$1"}]}},{"UUID":"4829e6d9-47ed-4d53-89a3-581c3eb894ca","signature":{"name":"<init>","parameterUnits":[{"type":"java.lang.String"}]}},{"UUID":"92861b81-5e32-46db-931f-f46867727524","signature":{"name":"get","parameterUnits":[{"type":"int"}]}},{"UUID":"6a4ac974-2efb-46b6-b253-ce3c6f387d59","signature":{"name":"getGid","parameterUnits":[]}},{"UUID":"6b85f5a9-e5d1-4350-9f76-be03a7cddb6d","signature":{"name":"getUid","parameterUnits":[]}},{"UUID":"507c2252-3f64-41ea-b7dd-8728fb8c8ea2","signature":{"name":"getValue","parameterUnits":[{"type":"java.lang.String"}]}}],"attrUnits":[]}},{"name":"AndroidProcesses","UUID":"646ac8ed-0099-4a75-b312-22a610a48a51","component":{"UUID":"646ac8ed-0099-4a75-b312-22a610a48a51","name":"AndroidProcesses","packageName":"com.jaredrummler.android.processes","isWithinBoundary":"true","methodUnits":[{"UUID":"989136b1-e00b-4a55-960b-1c5b8a607ba1","signature":{"name":"<init>","parameterUnits":[]}},{"UUID":"00b15336-62f3-4a8f-b6fc-bc6ce207afe9","signature":{"name":"getRunningAppProcessInfo","parameterUnits":[{"type":"android.content.Context"}]}},{"UUID":"86d78dc7-e8b0-4d56-b0c3-55bd3480aa22","signature":{"name":"getRunningAppProcesses","parameterUnits":[]}},{"UUID":"aa7a2b83-1a66-4a31-8b83-19966d092021","signature":{"name":"getRunningForegroundApps","parameterUnits":[{"type":"android.content.Context"}]}},{"UUID":"9372ea73-253e-4da8-b689-4a0879acefcb","signature":{"name":"getRunningProcesses","parameterUnits":[]}},{"UUID":"eaec9480-2171-406a-891a-e0189cafad9d","signature":{"name":"isLoggingEnabled","parameterUnits":[]}},{"UUID":"f9a20bc5-728b-45f5-9deb-df49fff94990","signature":{"name":"isMyProcessInTheForeground","parameterUnits":[]}},{"UUID":"ad741bad-bc0f-422e-a381-caa26f552547","signature":{"name":"isProcessInfoHidden","parameterUnits":[]}},{"UUID":"3845b56a-0fff-4cdf-9ecc-6d4e3c9514a2","signature":{"name":"log","parameterUnits":[{"type":"java.lang.String"},{"type":"java.lang.Object[]"}]}},{"UUID":"b4baeb35-8b0e-48dd-829b-35fb5c7ffe14","signature":{"name":"log","parameterUnits":[{"type":"java.lang.Throwable"},{"type":"java.lang.String"},{"type":"java.lang.Object[]"}]}},{"UUID":"d3c45c06-359c-43a1-9930-65a71866c4fd","signature":{"name":"setLoggingEnabled","parameterUnits":[{"type":"boolean"}]}}],"attrUnits":[]}},{"name":"ProcessManager","UUID":"198167a8-536a-4b8b-a892-695964d89104","component":{"UUID":"198167a8-536a-4b8b-a892-695964d89104","name":"ProcessManager","packageName":"com.jaredrummler.android.processes","isWithinBoundary":"true","methodUnits":[{"UUID":"f5f2412c-e72c-4ffb-8e05-ff0ee19833d4","signature":{"name":"<init>","parameterUnits":[]}}],"attrUnits":[]}},{"name":"AndroidProcess","UUID":"5064171b-644c-4684-8da6-a8565730ccf9","component":{"UUID":"5064171b-644c-4684-8da6-a8565730ccf9","name":"AndroidProcess","packageName":"com.jaredrummler.android.processes.models","isWithinBoundary":"true","methodUnits":[{"UUID":"7e102ecd-1f17-475d-95ac-1531db731e30","signature":{"name":"<clinit>","parameterUnits":[]}},{"UUID":"5169a479-22c2-4894-825f-daaafaa5da2f","signature":{"name":"<init>","parameterUnits":[{"type":"int"}]}},{"UUID":"4b220515-b755-420b-bc56-42b569c79117","signature":{"name":"<init>","parameterUnits":[{"type":"android.os.Parcel"}]}},{"UUID":"c284a809-d3fd-44d9-8f9f-ad95381e4c8d","signature":{"name":"getProcessName","parameterUnits":[{"type":"int"}]}},{"UUID":"f451d30e-18bf-4fd1-a3e9-be55996f486b","signature":{"name":"attr_current","parameterUnits":[]}},{"UUID":"b4db58db-cbfd-48b0-b3ec-c8c641b905e2","signature":{"name":"cgroup","parameterUnits":[]}},{"UUID":"c786df78-ea11-454a-9ffe-08c5b15f5fd0","signature":{"name":"cmdline","parameterUnits":[]}},{"UUID":"02b72ff1-cba3-4d80-87aa-4ae4c7eba85e","signature":{"name":"describeContents","parameterUnits":[]}},{"UUID":"36dae986-5890-43ff-87ba-9fc684efecce","signature":{"name":"oom_adj","parameterUnits":[]}},{"UUID":"600ef637-77c0-4438-9a7e-7569724de6c1","signature":{"name":"oom_score","parameterUnits":[]}},{"UUID":"1d0b16e0-c179-45f9-84f3-b42385a4251a","signature":{"name":"oom_score_adj","parameterUnits":[]}},{"UUID":"4eacdbaa-8e51-4a14-99b1-594a567c547e","signature":{"name":"read","parameterUnits":[{"type":"java.lang.String"}]}},{"UUID":"4f433a33-4d3d-477a-8b39-09a1663f5529","signature":{"name":"stat","parameterUnits":[]}},{"UUID":"0400adf3-350a-4772-85a6-f2af596716f6","signature":{"name":"statm","parameterUnits":[]}},{"UUID":"93efbc0b-53fd-48d2-b5d4-5f80e6d5e9bb","signature":{"name":"status","parameterUnits":[]}},{"UUID":"ca89ec70-bad4-4d86-b366-6b7e2f4df7e0","signature":{"name":"wchan","parameterUnits":[]}},{"UUID":"ad400deb-66da-45cb-8b4f-49c9f27a35f9","signature":{"name":"writeToParcel","parameterUnits":[{"type":"android.os.Parcel"},{"type":"int"}]}}],"attrUnits":[]}},{"name":"AndroidAppProcess","UUID":"a21f5cd8-2de0-40ad-9225-732797e04c02","component":{"UUID":"a21f5cd8-2de0-40ad-9225-732797e04c02","name":"AndroidAppProcess","packageName":"com.jaredrummler.android.processes.models","isWithinBoundary":"true","methodUnits":[{"UUID":"4ef184f7-4236-49a5-a817-032da32472f7","signature":{"name":"<clinit>","parameterUnits":[]}},{"UUID":"855a6b3b-991b-4b4f-8172-7659a9c01b51","signature":{"name":"<init>","parameterUnits":[{"type":"int"}]}},{"UUID":"265fc2a7-52b9-470b-8cf1-e1b5c4e40ce0","signature":{"name":"<init>","parameterUnits":[{"type":"android.os.Parcel"}]}},{"UUID":"b515b520-8bc0-4f5e-9dfa-4c51ed6584bf","signature":{"name":"getPackageInfo","parameterUnits":[{"type":"android.content.Context"},{"type":"int"}]}},{"UUID":"db6eed30-7e77-4717-9b86-d9231e8ed1bb","signature":{"name":"getPackageName","parameterUnits":[]}},{"UUID":"df78c2d9-b204-4c82-8f92-0c80f6154be2","signature":{"name":"writeToParcel","parameterUnits":[{"type":"android.os.Parcel"},{"type":"int"}]}}],"attrUnits":[]}}],"edges":[{"start":{"name":"SAXException","UUID":"bf60643b-fca7-4fe3-a867-512ce5e737e0","component":{"UUID":"bf60643b-fca7-4fe3-a867-512ce5e737e0","name":"SAXException","packageName":"org.xml.sax","isWithinBoundary":"true","methodUnits":[{"UUID":"a2cd4ed6-5646-4f3d-a9da-791a0c2c791d","signature":{"name":"<init>","parameterUnits":[]}},{"UUID":"f805991c-7048-4b0f-91cb-89d014f19310","signature":{"name":"<init>","parameterUnits":[{"type":"java.lang.String"}]}},{"UUID":"2a0a3f68-bc99-470d-9933-4b774632ea45","signature":{"name":"<init>","parameterUnits":[{"type":"java.lang.Exception"}]}},{"UUID":"248db405-1ddf-4d31-925f-b66270122ec7","signature":{"name":"<init>","parameterUnits":[{"type":"java.lang.String"},{"type":"java.lang.Exception"}]}},{"UUID":"9006dceb-d134-4b9c-b72d-e6f0c4812cc5","signature":{"name":"getMessage","parameterUnits":[]}},{"UUID":"cad97435-d4ba-46bc-a267-3979986bbcaf","signature":{"name":"getException","parameterUnits":[]}},{"UUID":"402aab19-1569-44c6-9472-5274806c45ba","signature":{"name":"toString","parameterUnits":[]}}],"attrUnits":[]}},"end":{"name":"SAXNotRecognizedException","UUID":"02447dc2-0f36-40bd-a424-a17319162a1e","component":{"UUID":"02447dc2-0f36-40bd-a424-a17319162a1e","name":"SAXNotRecognizedException","packageName":"org.xml.sax","isWithinBoundary":"true","methodUnits":[{"UUID":"5e094f3d-60e5-4844-8597-8b46932a1b50","signature":{"name":"<init>","parameterUnits":[]}},{"UUID":"c720abb1-0d9b-404a-9712-3f552a4af05c","signature":{"name":"<init>","parameterUnits":[{"type":"java.lang.String"}]}}],"attrUnits":[]}}},{"start":{"name":"SAXException","UUID":"bf60643b-fca7-4fe3-a867-512ce5e737e0","component":{"UUID":"bf60643b-fca7-4fe3-a867-512ce5e737e0","name":"SAXException","packageName":"org.xml.sax","isWithinBoundary":"true","methodUnits":[{"UUID":"a2cd4ed6-5646-4f3d-a9da-791a0c2c791d","signature":{"name":"<init>","parameterUnits":[]}},{"UUID":"f805991c-7048-4b0f-91cb-89d014f19310","signature":{"name":"<init>","parameterUnits":[{"type":"java.lang.String"}]}},{"UUID":"2a0a3f68-bc99-470d-9933-4b774632ea45","signature":{"name":"<init>","parameterUnits":[{"type":"java.lang.Exception"}]}},{"UUID":"248db405-1ddf-4d31-925f-b66270122ec7","signature":{"name":"<init>","parameterUnits":[{"type":"java.lang.String"},{"type":"java.lang.Exception"}]}},{"UUID":"9006dceb-d134-4b9c-b72d-e6f0c4812cc5","signature":{"name":"getMessage","parameterUnits":[]}},{"UUID":"cad97435-d4ba-46bc-a267-3979986bbcaf","signature":{"name":"getException","parameterUnits":[]}},{"UUID":"402aab19-1569-44c6-9472-5274806c45ba","signature":{"name":"toString","parameterUnits":[]}}],"attrUnits":[]}},"end":{"name":"SAXNotSupportedException","UUID":"dcfa8a0c-87ae-4a3c-9325-2e0c01721bb3","component":{"UUID":"dcfa8a0c-87ae-4a3c-9325-2e0c01721bb3","name":"SAXNotSupportedException","packageName":"org.xml.sax","isWithinBoundary":"true","methodUnits":[{"UUID":"919870a6-3b8c-4759-a194-3c9834e6a2a3","signature":{"name":"<init>","parameterUnits":[]}},{"UUID":"65f0b9e8-2597-4b49-a361-9b4a5a0b07d9","signature":{"name":"<init>","parameterUnits":[{"type":"java.lang.String"}]}}],"attrUnits":[]}}},{"start":{"name":"SAXException","UUID":"bf60643b-fca7-4fe3-a867-512ce5e737e0","component":{"UUID":"bf60643b-fca7-4fe3-a867-512ce5e737e0","name":"SAXException","packageName":"org.xml.sax","isWithinBoundary":"true","methodUnits":[{"UUID":"a2cd4ed6-5646-4f3d-a9da-791a0c2c791d","signature":{"name":"<init>","parameterUnits":[]}},{"UUID":"f805991c-7048-4b0f-91cb-89d014f19310","signature":{"name":"<init>","parameterUnits":[{"type":"java.lang.String"}]}},{"UUID":"2a0a3f68-bc99-470d-9933-4b774632ea45","signature":{"name":"<init>","parameterUnits":[{"type":"java.lang.Exception"}]}},{"UUID":"248db405-1ddf-4d31-925f-b66270122ec7","signature":{"name":"<init>","parameterUnits":[{"type":"java.lang.String"},{"type":"java.lang.Exception"}]}},{"UUID":"9006dceb-d134-4b9c-b72d-e6f0c4812cc5","signature":{"name":"getMessage","parameterUnits":[]}},{"UUID":"cad97435-d4ba-46bc-a267-3979986bbcaf","signature":{"name":"getException","parameterUnits":[]}},{"UUID":"402aab19-1569-44c6-9472-5274806c45ba","signature":{"name":"toString","parameterUnits":[]}}],"attrUnits":[]}},"end":{"name":"SAXParseException","UUID":"15c107c4-b6ab-4b2b-b030-b746dcb91044","component":{"UUID":"15c107c4-b6ab-4b2b-b030-b746dcb91044","name":"SAXParseException","packageName":"org.xml.sax","isWithinBoundary":"true","methodUnits":[{"UUID":"5d289e39-17f3-453e-a1e4-11a2d154a533","signature":{"name":"<init>","parameterUnits":[{"type":"java.lang.String"},{"type":"org.xml.sax.Locator"}]}},{"UUID":"c0593621-ea23-4f37-a35a-9de1e929b1fb","signature":{"name":"<init>","parameterUnits":[{"type":"java.lang.String"},{"type":"org.xml.sax.Locator"},{"type":"java.lang.Exception"}]}},{"UUID":"7638db78-add8-4752-9e58-ba959115f9a5","signature":{"name":"<init>","parameterUnits":[{"type":"java.lang.String"},{"type":"java.lang.String"},{"type":"java.lang.String"},{"type":"int"},{"type":"int"}]}},{"UUID":"8d99e4dd-fc74-444f-a686-679b0a73717a","signature":{"name":"<init>","parameterUnits":[{"type":"java.lang.String"},{"type":"java.lang.String"},{"type":"java.lang.String"},{"type":"int"},{"type":"int"},{"type":"java.lang.Exception"}]}},{"UUID":"068bc422-e60e-4fa3-90c4-1a30d1e818fa","signature":{"name":"getPublicId","parameterUnits":[]}},{"UUID":"1f5c21e6-06d1-474f-b266-b8cfef45ae9d","signature":{"name":"getSystemId","parameterUnits":[]}},{"UUID":"b86a8b1f-24f7-4841-bff6-5803ee5d089d","signature":{"name":"getLineNumber","parameterUnits":[]}},{"UUID":"4eafb9bb-2862-4f6a-abe7-d43c736382c2","signature":{"name":"getColumnNumber","parameterUnits":[]}}],"attrUnits":[]}}},{"start":{"name":"ProcFile","UUID":"267cd0ac-d9cc-47ee-abed-9425e9da9e1e","component":{"UUID":"267cd0ac-d9cc-47ee-abed-9425e9da9e1e","name":"ProcFile","packageName":"com.jaredrummler.android.processes.models","isWithinBoundary":"true","methodUnits":[{"UUID":"a947a362-18bd-4949-82dc-8b3bb54b15c7","signature":{"name":"<clinit>","parameterUnits":[]}},{"UUID":"8fbd4647-783a-4000-b011-20ee5c0ffcbf","signature":{"name":"<init>","parameterUnits":[{"type":"android.os.Parcel"}]}},{"UUID":"3862b361-b8b9-4ce2-ba89-43ab3a503800","signature":{"name":"<init>","parameterUnits":[{"type":"java.lang.String"}]}},{"UUID":"6dc3e75d-2899-4d33-b93a-2bd8a55a5955","signature":{"name":"readFile","parameterUnits":[{"type":"java.lang.String"}]}},{"UUID":"327ffb4d-d77d-4817-940f-8e4b653a3618","signature":{"name":"describeContents","parameterUnits":[]}},{"UUID":"b7fbae3d-460d-4892-a8eb-d6ed3b759cba","signature":{"name":"length","parameterUnits":[]}},{"UUID":"cc00f014-eaee-46d3-9182-b3f3f6c34588","signature":{"name":"writeToParcel","parameterUnits":[{"type":"android.os.Parcel"},{"type":"int"}]}}],"attrUnits":[]}},"end":{"name":"Cgroup","UUID":"c6859050-22b1-43d2-a693-cc853b347c3b","component":{"UUID":"c6859050-22b1-43d2-a693-cc853b347c3b","name":"Cgroup","packageName":"com.jaredrummler.android.processes.models","isWithinBoundary":"true","methodUnits":[{"UUID":"5c9f5812-848d-4ad7-94f3-a4448fed3ab4","signature":{"name":"<clinit>","parameterUnits":[]}},{"UUID":"c9a23b46-a70d-4f56-bb54-f1c87e24a772","signature":{"name":"<init>","parameterUnits":[{"type":"android.os.Parcel"}]}},{"UUID":"59207460-69b3-4565-8148-450b6130b17d","signature":{"name":"<init>","parameterUnits":[{"type":"android.os.Parcel"},{"type":"com.jaredrummler.android.processes.models.Cgroup$1"}]}},{"UUID":"17540af4-f594-438c-9dc8-ecca67fb7a01","signature":{"name":"<init>","parameterUnits":[{"type":"java.lang.String"}]}},{"UUID":"1ae824b8-6aa6-4736-b7d4-f094dd6349eb","signature":{"name":"get","parameterUnits":[{"type":"int"}]}},{"UUID":"dbd2c156-a60d-4239-9cc7-5221609738a6","signature":{"name":"getGroup","parameterUnits":[{"type":"java.lang.String"}]}},{"UUID":"ac0fd4e3-fd83-4570-a9fa-834c0000e8e0","signature":{"name":"writeToParcel","parameterUnits":[{"type":"android.os.Parcel"},{"type":"int"}]}}],"attrUnits":[]}}},{"start":{"name":"ProcFile","UUID":"267cd0ac-d9cc-47ee-abed-9425e9da9e1e","component":{"UUID":"267cd0ac-d9cc-47ee-abed-9425e9da9e1e","name":"ProcFile","packageName":"com.jaredrummler.android.processes.models","isWithinBoundary":"true","methodUnits":[{"UUID":"a947a362-18bd-4949-82dc-8b3bb54b15c7","signature":{"name":"<clinit>","parameterUnits":[]}},{"UUID":"8fbd4647-783a-4000-b011-20ee5c0ffcbf","signature":{"name":"<init>","parameterUnits":[{"type":"android.os.Parcel"}]}},{"UUID":"3862b361-b8b9-4ce2-ba89-43ab3a503800","signature":{"name":"<init>","parameterUnits":[{"type":"java.lang.String"}]}},{"UUID":"6dc3e75d-2899-4d33-b93a-2bd8a55a5955","signature":{"name":"readFile","parameterUnits":[{"type":"java.lang.String"}]}},{"UUID":"327ffb4d-d77d-4817-940f-8e4b653a3618","signature":{"name":"describeContents","parameterUnits":[]}},{"UUID":"b7fbae3d-460d-4892-a8eb-d6ed3b759cba","signature":{"name":"length","parameterUnits":[]}},{"UUID":"cc00f014-eaee-46d3-9182-b3f3f6c34588","signature":{"name":"writeToParcel","parameterUnits":[{"type":"android.os.Parcel"},{"type":"int"}]}}],"attrUnits":[]}},"end":{"name":"Stat","UUID":"cb0a3576-f6a0-489f-8634-26533da5d5a9","component":{"UUID":"cb0a3576-f6a0-489f-8634-26533da5d5a9","name":"Stat","packageName":"com.jaredrummler.android.processes.models","isWithinBoundary":"true","methodUnits":[{"UUID":"46495de0-c7a4-4a71-aded-9515a7280124","signature":{"name":"<clinit>","parameterUnits":[]}},{"UUID":"d0b7efd1-b07a-4ba1-a246-6f2cbdea1117","signature":{"name":"<init>","parameterUnits":[{"type":"android.os.Parcel"}]}},{"UUID":"a1722ff1-4a96-41b1-9605-278d20bfed27","signature":{"name":"<init>","parameterUnits":[{"type":"android.os.Parcel"},{"type":"com.jaredrummler.android.processes.models.Stat$1"}]}},{"UUID":"fa5da0f2-0a65-46a4-b128-1079ef190587","signature":{"name":"<init>","parameterUnits":[{"type":"java.lang.String"}]}},{"UUID":"7ca86b71-bf74-40e6-b220-9ca0d3a7df34","signature":{"name":"get","parameterUnits":[{"type":"int"}]}},{"UUID":"741cab34-09bb-4a7e-a753-538f2f7c0a3f","signature":{"name":"arg_end","parameterUnits":[]}},{"UUID":"2861a4a2-5267-42b6-adc7-57140ee88984","signature":{"name":"arg_start","parameterUnits":[]}},{"UUID":"e678a112-6baf-4e5f-b537-8531ce1639e5","signature":{"name":"blocked","parameterUnits":[]}},{"UUID":"97b6fdc8-7133-4b18-9c74-58c60510a8fe","signature":{"name":"cguest_time","parameterUnits":[]}},{"UUID":"d6c18e18-6b9b-47b0-afbe-8ef1461fb89a","signature":{"name":"cmajflt","parameterUnits":[]}},{"UUID":"ecc54b0f-e8e5-4501-805a-01a8700bfff5","signature":{"name":"cminflt","parameterUnits":[]}},{"UUID":"c322c509-84c6-4a56-9179-53bcd069156a","signature":{"name":"cnswap","parameterUnits":[]}},{"UUID":"b9080b27-c873-40a4-9fde-9af33954ea3c","signature":{"name":"cstime","parameterUnits":[]}},{"UUID":"4deb8160-1de8-4f17-8e84-558f33ea5bfe","signature":{"name":"cutime","parameterUnits":[]}},{"UUID":"dfdc9c4d-8dca-4baf-8d5d-04270071ded0","signature":{"name":"delayacct_blkio_ticks","parameterUnits":[]}},{"UUID":"1e15e768-2282-43d0-ab2d-e50a71681b55","signature":{"name":"end_data","parameterUnits":[]}},{"UUID":"7b7c0907-c992-49d5-b480-5ec223443ad9","signature":{"name":"endcode","parameterUnits":[]}},{"UUID":"c7a284c8-0fe0-4bf3-9b8c-8494e3bbadc6","signature":{"name":"env_end","parameterUnits":[]}},{"UUID":"fd36e0cb-b4fd-49c4-bbaf-49482c071dd7","signature":{"name":"env_start","parameterUnits":[]}},{"UUID":"93a66710-e4a1-4fa0-8a53-4417a807d7dd","signature":{"name":"exit_code","parameterUnits":[]}},{"UUID":"b46f6503-3e00-4057-8917-b0a34a731d67","signature":{"name":"exit_signal","parameterUnits":[]}},{"UUID":"2e6beaf5-73c0-440b-afad-34a7138c79a7","signature":{"name":"flags","parameterUnits":[]}},{"UUID":"c9666413-bd09-4e29-8d5d-8cc2cf804694","signature":{"name":"getComm","parameterUnits":[]}},{"UUID":"91253243-c586-48ad-9936-f796882fe137","signature":{"name":"getPid","parameterUnits":[]}},{"UUID":"633f5945-8d92-4df6-b86c-d2971106b43e","signature":{"name":"guest_time","parameterUnits":[]}},{"UUID":"5b0026cf-b8db-4665-befe-0cb71db82c3f","signature":{"name":"itrealvalue","parameterUnits":[]}},{"UUID":"72139eb1-4508-4919-a0b0-257ab3d74c9d","signature":{"name":"kstkeip","parameterUnits":[]}},{"UUID":"2e0f15f8-0683-4e83-994b-888b81e04491","signature":{"name":"kstkesp","parameterUnits":[]}},{"UUID":"145be444-a5f8-4690-9d95-d6f31f2cb19c","signature":{"name":"majflt","parameterUnits":[]}},{"UUID":"d0bda98d-1e4f-401f-9d3b-6a62ed256f61","signature":{"name":"minflt","parameterUnits":[]}},{"UUID":"73064510-fa3e-4a1b-80e7-afb2d0dc261d","signature":{"name":"nice","parameterUnits":[]}},{"UUID":"b753a1ba-1cc3-4965-9e85-4aaa27391d8d","signature":{"name":"nswap","parameterUnits":[]}},{"UUID":"3a50cd64-7b1c-4ea5-9277-d9c06f997952","signature":{"name":"num_threads","parameterUnits":[]}},{"UUID":"614f0af8-7eeb-41a1-b055-72036f5d1331","signature":{"name":"pgrp","parameterUnits":[]}},{"UUID":"ce9cd0c2-6915-4018-85a3-3e6cedf5fe25","signature":{"name":"policy","parameterUnits":[]}},{"UUID":"40d2828d-3ae4-4897-9ebe-a8ceae7074bf","signature":{"name":"ppid","parameterUnits":[]}},{"UUID":"ab5a611e-4374-4647-b374-c10be94acfa0","signature":{"name":"priority","parameterUnits":[]}},{"UUID":"7d9d3a8d-6002-4f0d-a6ec-4415aa00ac4d","signature":{"name":"processor","parameterUnits":[]}},{"UUID":"57a54bfd-4fe9-4af4-9d36-8681f744008c","signature":{"name":"rss","parameterUnits":[]}},{"UUID":"e9f860e4-4129-414d-9c7c-9ea1e52bac5f","signature":{"name":"rsslim","parameterUnits":[]}},{"UUID":"4f25df17-8614-427f-98b0-cc9b762608d0","signature":{"name":"rt_priority","parameterUnits":[]}},{"UUID":"5ca25cae-8bfc-4704-be85-445125b18386","signature":{"name":"session","parameterUnits":[]}},{"UUID":"82578571-35bc-4189-bc8f-c5198bc06737","signature":{"name":"sigcatch","parameterUnits":[]}},{"UUID":"2c67004d-cdb3-4be0-8b5f-3f9217b295ef","signature":{"name":"sigignore","parameterUnits":[]}},{"UUID":"39ae2fb9-3c2c-4dd3-b59a-3997f322bad1","signature":{"name":"signal","parameterUnits":[]}},{"UUID":"520e9b21-29b3-41d4-8aa9-2e6be789136c","signature":{"name":"start_brk","parameterUnits":[]}},{"UUID":"94db613b-c780-4685-b726-9be66042ee01","signature":{"name":"start_data","parameterUnits":[]}},{"UUID":"570adf40-719c-493f-92ea-7150e7e56ef9","signature":{"name":"startcode","parameterUnits":[]}},{"UUID":"284c7b2e-84ec-4ff7-9f6a-2d97019d1e68","signature":{"name":"startstack","parameterUnits":[]}},{"UUID":"8dcfa324-242f-4205-a24c-df42cdb6427d","signature":{"name":"starttime","parameterUnits":[]}},{"UUID":"79b09b2d-20d7-477d-94f2-130c9ccc847d","signature":{"name":"state","parameterUnits":[]}},{"UUID":"ab141c2b-2483-4d2b-8f14-3b75599f2ef8","signature":{"name":"stime","parameterUnits":[]}},{"UUID":"5f33192e-3ae5-43a8-b2c3-29501a17bb58","signature":{"name":"tpgid","parameterUnits":[]}},{"UUID":"28785400-fa5b-48ba-b5c6-dec19bee24e2","signature":{"name":"tty_nr","parameterUnits":[]}},{"UUID":"f64cbe6f-94b9-4279-ac91-9543fd804575","signature":{"name":"utime","parameterUnits":[]}},{"UUID":"551c0678-bd3c-4219-bab7-ac49671ac0c1","signature":{"name":"vsize","parameterUnits":[]}},{"UUID":"490289ca-1a18-4e69-9b36-80c19f5b67ff","signature":{"name":"wchan","parameterUnits":[]}},{"UUID":"e4696840-90d7-4dad-b596-582fb52894f6","signature":{"name":"writeToParcel","parameterUnits":[{"type":"android.os.Parcel"},{"type":"int"}]}}],"attrUnits":[]}}},{"start":{"name":"ProcFile","UUID":"267cd0ac-d9cc-47ee-abed-9425e9da9e1e","component":{"UUID":"267cd0ac-d9cc-47ee-abed-9425e9da9e1e","name":"ProcFile","packageName":"com.jaredrummler.android.processes.models","isWithinBoundary":"true","methodUnits":[{"UUID":"a947a362-18bd-4949-82dc-8b3bb54b15c7","signature":{"name":"<clinit>","parameterUnits":[]}},{"UUID":"8fbd4647-783a-4000-b011-20ee5c0ffcbf","signature":{"name":"<init>","parameterUnits":[{"type":"android.os.Parcel"}]}},{"UUID":"3862b361-b8b9-4ce2-ba89-43ab3a503800","signature":{"name":"<init>","parameterUnits":[{"type":"java.lang.String"}]}},{"UUID":"6dc3e75d-2899-4d33-b93a-2bd8a55a5955","signature":{"name":"readFile","parameterUnits":[{"type":"java.lang.String"}]}},{"UUID":"327ffb4d-d77d-4817-940f-8e4b653a3618","signature":{"name":"describeContents","parameterUnits":[]}},{"UUID":"b7fbae3d-460d-4892-a8eb-d6ed3b759cba","signature":{"name":"length","parameterUnits":[]}},{"UUID":"cc00f014-eaee-46d3-9182-b3f3f6c34588","signature":{"name":"writeToParcel","parameterUnits":[{"type":"android.os.Parcel"},{"type":"int"}]}}],"attrUnits":[]}},"end":{"name":"Statm","UUID":"ed7223de-4601-44a2-bb44-148bb6e04021","component":{"UUID":"ed7223de-4601-44a2-bb44-148bb6e04021","name":"Statm","packageName":"com.jaredrummler.android.processes.models","isWithinBoundary":"true","methodUnits":[{"UUID":"a51ccb11-4c25-482a-ab54-3e2a78755a21","signature":{"name":"<clinit>","parameterUnits":[]}},{"UUID":"c463a61f-50b0-4abb-b702-1841c3e6c068","signature":{"name":"<init>","parameterUnits":[{"type":"android.os.Parcel"}]}},{"UUID":"62889066-c057-404d-9e88-49b34d04e170","signature":{"name":"<init>","parameterUnits":[{"type":"android.os.Parcel"},{"type":"com.jaredrummler.android.processes.models.Statm$1"}]}},{"UUID":"f5faeead-09e7-43fb-8a9c-ab99e94be6ba","signature":{"name":"<init>","parameterUnits":[{"type":"java.lang.String"}]}},{"UUID":"b252a702-46c3-4332-bc32-ef530aeccb2b","signature":{"name":"get","parameterUnits":[{"type":"int"}]}},{"UUID":"0fe382f4-c15c-481f-9115-e2054010d6ae","signature":{"name":"getResidentSetSize","parameterUnits":[]}},{"UUID":"d7fad7fd-4366-48df-a7c0-d4c7aeb99f30","signature":{"name":"getSize","parameterUnits":[]}},{"UUID":"e51a95d8-4d20-4ea9-bfa5-b65b55e56a11","signature":{"name":"writeToParcel","parameterUnits":[{"type":"android.os.Parcel"},{"type":"int"}]}}],"attrUnits":[]}}},{"start":{"name":"ProcFile","UUID":"267cd0ac-d9cc-47ee-abed-9425e9da9e1e","component":{"UUID":"267cd0ac-d9cc-47ee-abed-9425e9da9e1e","name":"ProcFile","packageName":"com.jaredrummler.android.processes.models","isWithinBoundary":"true","methodUnits":[{"UUID":"a947a362-18bd-4949-82dc-8b3bb54b15c7","signature":{"name":"<clinit>","parameterUnits":[]}},{"UUID":"8fbd4647-783a-4000-b011-20ee5c0ffcbf","signature":{"name":"<init>","parameterUnits":[{"type":"android.os.Parcel"}]}},{"UUID":"3862b361-b8b9-4ce2-ba89-43ab3a503800","signature":{"name":"<init>","parameterUnits":[{"type":"java.lang.String"}]}},{"UUID":"6dc3e75d-2899-4d33-b93a-2bd8a55a5955","signature":{"name":"readFile","parameterUnits":[{"type":"java.lang.String"}]}},{"UUID":"327ffb4d-d77d-4817-940f-8e4b653a3618","signature":{"name":"describeContents","parameterUnits":[]}},{"UUID":"b7fbae3d-460d-4892-a8eb-d6ed3b759cba","signature":{"name":"length","parameterUnits":[]}},{"UUID":"cc00f014-eaee-46d3-9182-b3f3f6c34588","signature":{"name":"writeToParcel","parameterUnits":[{"type":"android.os.Parcel"},{"type":"int"}]}}],"attrUnits":[]}},"end":{"name":"Status","UUID":"f4f2c3b1-85ce-41b1-b8bb-662bbe2231e2","component":{"UUID":"f4f2c3b1-85ce-41b1-b8bb-662bbe2231e2","name":"Status","packageName":"com.jaredrummler.android.processes.models","isWithinBoundary":"true","methodUnits":[{"UUID":"f48af0ff-9e88-4e62-b9f4-66b4df161a1d","signature":{"name":"<clinit>","parameterUnits":[]}},{"UUID":"e7cc366f-621c-497d-a2b4-ab3c143b2b43","signature":{"name":"<init>","parameterUnits":[{"type":"android.os.Parcel"}]}},{"UUID":"7a5ab701-0f5f-40bc-b139-1a12080bebed","signature":{"name":"<init>","parameterUnits":[{"type":"android.os.Parcel"},{"type":"com.jaredrummler.android.processes.models.Status$1"}]}},{"UUID":"4829e6d9-47ed-4d53-89a3-581c3eb894ca","signature":{"name":"<init>","parameterUnits":[{"type":"java.lang.String"}]}},{"UUID":"92861b81-5e32-46db-931f-f46867727524","signature":{"name":"get","parameterUnits":[{"type":"int"}]}},{"UUID":"6a4ac974-2efb-46b6-b253-ce3c6f387d59","signature":{"name":"getGid","parameterUnits":[]}},{"UUID":"6b85f5a9-e5d1-4350-9f76-be03a7cddb6d","signature":{"name":"getUid","parameterUnits":[]}},{"UUID":"507c2252-3f64-41ea-b7dd-8728fb8c8ea2","signature":{"name":"getValue","parameterUnits":[{"type":"java.lang.String"}]}}],"attrUnits":[]}}},{"start":{"name":"AndroidProcesses","UUID":"646ac8ed-0099-4a75-b312-22a610a48a51","component":{"UUID":"646ac8ed-0099-4a75-b312-22a610a48a51","name":"AndroidProcesses","packageName":"com.jaredrummler.android.processes","isWithinBoundary":"true","methodUnits":[{"UUID":"989136b1-e00b-4a55-960b-1c5b8a607ba1","signature":{"name":"<init>","parameterUnits":[]}},{"UUID":"00b15336-62f3-4a8f-b6fc-bc6ce207afe9","signature":{"name":"getRunningAppProcessInfo","parameterUnits":[{"type":"android.content.Context"}]}},{"UUID":"86d78dc7-e8b0-4d56-b0c3-55bd3480aa22","signature":{"name":"getRunningAppProcesses","parameterUnits":[]}},{"UUID":"aa7a2b83-1a66-4a31-8b83-19966d092021","signature":{"name":"getRunningForegroundApps","parameterUnits":[{"type":"android.content.Context"}]}},{"UUID":"9372ea73-253e-4da8-b689-4a0879acefcb","signature":{"name":"getRunningProcesses","parameterUnits":[]}},{"UUID":"eaec9480-2171-406a-891a-e0189cafad9d","signature":{"name":"isLoggingEnabled","parameterUnits":[]}},{"UUID":"f9a20bc5-728b-45f5-9deb-df49fff94990","signature":{"name":"isMyProcessInTheForeground","parameterUnits":[]}},{"UUID":"ad741bad-bc0f-422e-a381-caa26f552547","signature":{"name":"isProcessInfoHidden","parameterUnits":[]}},{"UUID":"3845b56a-0fff-4cdf-9ecc-6d4e3c9514a2","signature":{"name":"log","parameterUnits":[{"type":"java.lang.String"},{"type":"java.lang.Object[]"}]}},{"UUID":"b4baeb35-8b0e-48dd-829b-35fb5c7ffe14","signature":{"name":"log","parameterUnits":[{"type":"java.lang.Throwable"},{"type":"java.lang.String"},{"type":"java.lang.Object[]"}]}},{"UUID":"d3c45c06-359c-43a1-9930-65a71866c4fd","signature":{"name":"setLoggingEnabled","parameterUnits":[{"type":"boolean"}]}}],"attrUnits":[]}},"end":{"name":"ProcessManager","UUID":"198167a8-536a-4b8b-a892-695964d89104","component":{"UUID":"198167a8-536a-4b8b-a892-695964d89104","name":"ProcessManager","packageName":"com.jaredrummler.android.processes","isWithinBoundary":"true","methodUnits":[{"UUID":"f5f2412c-e72c-4ffb-8e05-ff0ee19833d4","signature":{"name":"<init>","parameterUnits":[]}}],"attrUnits":[]}}},{"start":{"name":"AndroidProcess","UUID":"5064171b-644c-4684-8da6-a8565730ccf9","component":{"UUID":"5064171b-644c-4684-8da6-a8565730ccf9","name":"AndroidProcess","packageName":"com.jaredrummler.android.processes.models","isWithinBoundary":"true","methodUnits":[{"UUID":"7e102ecd-1f17-475d-95ac-1531db731e30","signature":{"name":"<clinit>","parameterUnits":[]}},{"UUID":"5169a479-22c2-4894-825f-daaafaa5da2f","signature":{"name":"<init>","parameterUnits":[{"type":"int"}]}},{"UUID":"4b220515-b755-420b-bc56-42b569c79117","signature":{"name":"<init>","parameterUnits":[{"type":"android.os.Parcel"}]}},{"UUID":"c284a809-d3fd-44d9-8f9f-ad95381e4c8d","signature":{"name":"getProcessName","parameterUnits":[{"type":"int"}]}},{"UUID":"f451d30e-18bf-4fd1-a3e9-be55996f486b","signature":{"name":"attr_current","parameterUnits":[]}},{"UUID":"b4db58db-cbfd-48b0-b3ec-c8c641b905e2","signature":{"name":"cgroup","parameterUnits":[]}},{"UUID":"c786df78-ea11-454a-9ffe-08c5b15f5fd0","signature":{"name":"cmdline","parameterUnits":[]}},{"UUID":"02b72ff1-cba3-4d80-87aa-4ae4c7eba85e","signature":{"name":"describeContents","parameterUnits":[]}},{"UUID":"36dae986-5890-43ff-87ba-9fc684efecce","signature":{"name":"oom_adj","parameterUnits":[]}},{"UUID":"600ef637-77c0-4438-9a7e-7569724de6c1","signature":{"name":"oom_score","parameterUnits":[]}},{"UUID":"1d0b16e0-c179-45f9-84f3-b42385a4251a","signature":{"name":"oom_score_adj","parameterUnits":[]}},{"UUID":"4eacdbaa-8e51-4a14-99b1-594a567c547e","signature":{"name":"read","parameterUnits":[{"type":"java.lang.String"}]}},{"UUID":"4f433a33-4d3d-477a-8b39-09a1663f5529","signature":{"name":"stat","parameterUnits":[]}},{"UUID":"0400adf3-350a-4772-85a6-f2af596716f6","signature":{"name":"statm","parameterUnits":[]}},{"UUID":"93efbc0b-53fd-48d2-b5d4-5f80e6d5e9bb","signature":{"name":"status","parameterUnits":[]}},{"UUID":"ca89ec70-bad4-4d86-b366-6b7e2f4df7e0","signature":{"name":"wchan","parameterUnits":[]}},{"UUID":"ad400deb-66da-45cb-8b4f-49c9f27a35f9","signature":{"name":"writeToParcel","parameterUnits":[{"type":"android.os.Parcel"},{"type":"int"}]}}],"attrUnits":[]}},"end":{"name":"AndroidAppProcess","UUID":"a21f5cd8-2de0-40ad-9225-732797e04c02","component":{"UUID":"a21f5cd8-2de0-40ad-9225-732797e04c02","name":"AndroidAppProcess","packageName":"com.jaredrummler.android.processes.models","isWithinBoundary":"true","methodUnits":[{"UUID":"4ef184f7-4236-49a5-a817-032da32472f7","signature":{"name":"<clinit>","parameterUnits":[]}},{"UUID":"855a6b3b-991b-4b4f-8172-7659a9c01b51","signature":{"name":"<init>","parameterUnits":[{"type":"int"}]}},{"UUID":"265fc2a7-52b9-470b-8cf1-e1b5c4e40ce0","signature":{"name":"<init>","parameterUnits":[{"type":"android.os.Parcel"}]}},{"UUID":"b515b520-8bc0-4f5e-9dfa-4c51ed6584bf","signature":{"name":"getPackageInfo","parameterUnits":[{"type":"android.content.Context"},{"type":"int"}]}},{"UUID":"db6eed30-7e77-4717-9b86-d9231e8ed1bb","signature":{"name":"getPackageName","parameterUnits":[]}},{"UUID":"df78c2d9-b204-4c82-8f92-0c80f6154be2","signature":{"name":"writeToParcel","parameterUnits":[{"type":"android.os.Parcel"},{"type":"int"}]}}],"attrUnits":[]}}}],"nodesComposite":[{"name":"SAXException","UUID":"63b4dd8c-f80b-4f7b-8b7d-278ff7da5a06","component":{"name":"SAXException","packageName":"org.xml.sax","UUID":"63b4dd8c-f80b-4f7b-8b7d-278ff7da5a06","classUnits":["bf60643b-fca7-4fe3-a867-512ce5e737e0"]}},{"name":"SAXNotRecognizedException","UUID":"37401fcc-c9f5-4d38-96ec-810109d4113e","component":{"name":"SAXNotRecognizedException","packageName":"org.xml.sax","UUID":"37401fcc-c9f5-4d38-96ec-810109d4113e","classUnits":["02447dc2-0f36-40bd-a424-a17319162a1e"]}},{"name":"SAXException","UUID":"63b4dd8c-f80b-4f7b-8b7d-278ff7da5a06","component":{"name":"SAXException","packageName":"org.xml.sax","UUID":"63b4dd8c-f80b-4f7b-8b7d-278ff7da5a06","classUnits":["bf60643b-fca7-4fe3-a867-512ce5e737e0"]}},{"name":"SAXNotSupportedException","UUID":"ebe8fe63-7c4a-4ffe-b265-5de1c1b27c76","component":{"name":"SAXNotSupportedException","packageName":"org.xml.sax","UUID":"ebe8fe63-7c4a-4ffe-b265-5de1c1b27c76","classUnits":["dcfa8a0c-87ae-4a3c-9325-2e0c01721bb3"]}},{"name":"SAXException","UUID":"63b4dd8c-f80b-4f7b-8b7d-278ff7da5a06","component":{"name":"SAXException","packageName":"org.xml.sax","UUID":"63b4dd8c-f80b-4f7b-8b7d-278ff7da5a06","classUnits":["bf60643b-fca7-4fe3-a867-512ce5e737e0"]}},{"name":"SAXParseException","UUID":"431afcc4-2117-4b5a-8e01-40c12d4e4e01","component":{"name":"SAXParseException","packageName":"org.xml.sax","UUID":"431afcc4-2117-4b5a-8e01-40c12d4e4e01","classUnits":["15c107c4-b6ab-4b2b-b030-b746dcb91044"]}},{"name":"ProcFile","UUID":"9d743813-7f9a-4c34-a5a4-e3a0c8a92c38","component":{"name":"ProcFile","packageName":"com.jaredrummler.android.processes.models","UUID":"9d743813-7f9a-4c34-a5a4-e3a0c8a92c38","classUnits":["267cd0ac-d9cc-47ee-abed-9425e9da9e1e","8d9c02aa-e004-4928-a992-f93ec4a7902c"]}},{"name":"Cgroup","UUID":"a75786d3-8023-4551-8945-0097dfcb1e30","component":{"name":"Cgroup","packageName":"com.jaredrummler.android.processes.models","UUID":"a75786d3-8023-4551-8945-0097dfcb1e30","classUnits":["9de22907-9275-4a15-bfef-dc6a2b909e7b","c6859050-22b1-43d2-a693-cc853b347c3b"]}},{"name":"ProcFile","UUID":"9d743813-7f9a-4c34-a5a4-e3a0c8a92c38","component":{"name":"ProcFile","packageName":"com.jaredrummler.android.processes.models","UUID":"9d743813-7f9a-4c34-a5a4-e3a0c8a92c38","classUnits":["267cd0ac-d9cc-47ee-abed-9425e9da9e1e","8d9c02aa-e004-4928-a992-f93ec4a7902c"]}},{"name":"Stat","UUID":"6e48f124-8cc3-490b-a1b8-c0bbc0f3ba4a","component":{"name":"Stat","packageName":"com.jaredrummler.android.processes.models","UUID":"6e48f124-8cc3-490b-a1b8-c0bbc0f3ba4a","classUnits":["cb0a3576-f6a0-489f-8634-26533da5d5a9","e587d0fa-b3aa-4e1e-ac3f-809178d43768"]}},{"name":"ProcFile","UUID":"9d743813-7f9a-4c34-a5a4-e3a0c8a92c38","component":{"name":"ProcFile","packageName":"com.jaredrummler.android.processes.models","UUID":"9d743813-7f9a-4c34-a5a4-e3a0c8a92c38","classUnits":["267cd0ac-d9cc-47ee-abed-9425e9da9e1e","8d9c02aa-e004-4928-a992-f93ec4a7902c"]}},{"name":"Statm","UUID":"08f4451a-51bd-44f1-955a-97f0222aef3f","component":{"name":"Statm","packageName":"com.jaredrummler.android.processes.models","UUID":"08f4451a-51bd-44f1-955a-97f0222aef3f","classUnits":["ed7223de-4601-44a2-bb44-148bb6e04021","5506ad90-9523-4f10-90ef-18eb99192189"]}},{"name":"ProcFile","UUID":"9d743813-7f9a-4c34-a5a4-e3a0c8a92c38","component":{"name":"ProcFile","packageName":"com.jaredrummler.android.processes.models","UUID":"9d743813-7f9a-4c34-a5a4-e3a0c8a92c38","classUnits":["267cd0ac-d9cc-47ee-abed-9425e9da9e1e","8d9c02aa-e004-4928-a992-f93ec4a7902c"]}},{"name":"Status","UUID":"437761c7-27fa-4238-86c9-7510a37031ad","component":{"name":"Status","packageName":"com.jaredrummler.android.processes.models","UUID":"437761c7-27fa-4238-86c9-7510a37031ad","classUnits":["6d5621e8-00a9-46d3-9441-bf2812b7fe82","f4f2c3b1-85ce-41b1-b8bb-662bbe2231e2"]}},{"name":"AndroidProcesses","UUID":"7eb429e5-e188-4baa-8c59-bc4bb1f686a7","component":{"name":"AndroidProcesses","packageName":"com.jaredrummler.android.processes","UUID":"7eb429e5-e188-4baa-8c59-bc4bb1f686a7","classUnits":["646ac8ed-0099-4a75-b312-22a610a48a51","09bbc17f-aa9a-4f3b-ade1-263d73371ecf"]}},{"name":"ProcessManager","UUID":"01fb8692-d8ad-415a-acb3-f2e2a1885607","component":{"name":"ProcessManager","packageName":"com.jaredrummler.android.processes","UUID":"01fb8692-d8ad-415a-acb3-f2e2a1885607","classUnits":["198167a8-536a-4b8b-a892-695964d89104"]}},{"name":"AndroidProcess","UUID":"3b323220-eb32-424e-ba6a-6503b192dcde","component":{"name":"AndroidProcess","packageName":"com.jaredrummler.android.processes.models","UUID":"3b323220-eb32-424e-ba6a-6503b192dcde","classUnits":["5064171b-644c-4684-8da6-a8565730ccf9","abb07164-626e-4da8-a28d-021c65879bed"]}},{"name":"AndroidAppProcess","UUID":"2abda4f3-4fd6-411e-9fb1-cf2aeb37b765","component":{"name":"AndroidAppProcess","packageName":"com.jaredrummler.android.processes.models","UUID":"2abda4f3-4fd6-411e-9fb1-cf2aeb37b765","classUnits":["a21f5cd8-2de0-40ad-9225-732797e04c02","a8f3844c-012a-4dea-b0b0-7a8ec246b74b","596085c7-253b-488c-b862-9a580f27419f"]}}],"edgesComposite":[{"start":{"name":"SAXException","UUID":"63b4dd8c-f80b-4f7b-8b7d-278ff7da5a06","component":{"name":"SAXException","packageName":"org.xml.sax","UUID":"63b4dd8c-f80b-4f7b-8b7d-278ff7da5a06","classUnits":["bf60643b-fca7-4fe3-a867-512ce5e737e0"]}},"end":{"name":"SAXNotRecognizedException","UUID":"37401fcc-c9f5-4d38-96ec-810109d4113e","component":{"name":"SAXNotRecognizedException","packageName":"org.xml.sax","UUID":"37401fcc-c9f5-4d38-96ec-810109d4113e","classUnits":["02447dc2-0f36-40bd-a424-a17319162a1e"]}}},{"start":{"name":"SAXException","UUID":"63b4dd8c-f80b-4f7b-8b7d-278ff7da5a06","component":{"name":"SAXException","packageName":"org.xml.sax","UUID":"63b4dd8c-f80b-4f7b-8b7d-278ff7da5a06","classUnits":["bf60643b-fca7-4fe3-a867-512ce5e737e0"]}},"end":{"name":"SAXNotSupportedException","UUID":"ebe8fe63-7c4a-4ffe-b265-5de1c1b27c76","component":{"name":"SAXNotSupportedException","packageName":"org.xml.sax","UUID":"ebe8fe63-7c4a-4ffe-b265-5de1c1b27c76","classUnits":["dcfa8a0c-87ae-4a3c-9325-2e0c01721bb3"]}}},{"start":{"name":"SAXException","UUID":"63b4dd8c-f80b-4f7b-8b7d-278ff7da5a06","component":{"name":"SAXException","packageName":"org.xml.sax","UUID":"63b4dd8c-f80b-4f7b-8b7d-278ff7da5a06","classUnits":["bf60643b-fca7-4fe3-a867-512ce5e737e0"]}},"end":{"name":"SAXParseException","UUID":"431afcc4-2117-4b5a-8e01-40c12d4e4e01","component":{"name":"SAXParseException","packageName":"org.xml.sax","UUID":"431afcc4-2117-4b5a-8e01-40c12d4e4e01","classUnits":["15c107c4-b6ab-4b2b-b030-b746dcb91044"]}}},{"start":{"name":"ProcFile","UUID":"9d743813-7f9a-4c34-a5a4-e3a0c8a92c38","component":{"name":"ProcFile","packageName":"com.jaredrummler.android.processes.models","UUID":"9d743813-7f9a-4c34-a5a4-e3a0c8a92c38","classUnits":["267cd0ac-d9cc-47ee-abed-9425e9da9e1e","8d9c02aa-e004-4928-a992-f93ec4a7902c"]}},"end":{"name":"Cgroup","UUID":"a75786d3-8023-4551-8945-0097dfcb1e30","component":{"name":"Cgroup","packageName":"com.jaredrummler.android.processes.models","UUID":"a75786d3-8023-4551-8945-0097dfcb1e30","classUnits":["9de22907-9275-4a15-bfef-dc6a2b909e7b","c6859050-22b1-43d2-a693-cc853b347c3b"]}}},{"start":{"name":"ProcFile","UUID":"9d743813-7f9a-4c34-a5a4-e3a0c8a92c38","component":{"name":"ProcFile","packageName":"com.jaredrummler.android.processes.models","UUID":"9d743813-7f9a-4c34-a5a4-e3a0c8a92c38","classUnits":["267cd0ac-d9cc-47ee-abed-9425e9da9e1e","8d9c02aa-e004-4928-a992-f93ec4a7902c"]}},"end":{"name":"Stat","UUID":"6e48f124-8cc3-490b-a1b8-c0bbc0f3ba4a","component":{"name":"Stat","packageName":"com.jaredrummler.android.processes.models","UUID":"6e48f124-8cc3-490b-a1b8-c0bbc0f3ba4a","classUnits":["cb0a3576-f6a0-489f-8634-26533da5d5a9","e587d0fa-b3aa-4e1e-ac3f-809178d43768"]}}},{"start":{"name":"ProcFile","UUID":"9d743813-7f9a-4c34-a5a4-e3a0c8a92c38","component":{"name":"ProcFile","packageName":"com.jaredrummler.android.processes.models","UUID":"9d743813-7f9a-4c34-a5a4-e3a0c8a92c38","classUnits":["267cd0ac-d9cc-47ee-abed-9425e9da9e1e","8d9c02aa-e004-4928-a992-f93ec4a7902c"]}},"end":{"name":"Statm","UUID":"08f4451a-51bd-44f1-955a-97f0222aef3f","component":{"name":"Statm","packageName":"com.jaredrummler.android.processes.models","UUID":"08f4451a-51bd-44f1-955a-97f0222aef3f","classUnits":["ed7223de-4601-44a2-bb44-148bb6e04021","5506ad90-9523-4f10-90ef-18eb99192189"]}}},{"start":{"name":"ProcFile","UUID":"9d743813-7f9a-4c34-a5a4-e3a0c8a92c38","component":{"name":"ProcFile","packageName":"com.jaredrummler.android.processes.models","UUID":"9d743813-7f9a-4c34-a5a4-e3a0c8a92c38","classUnits":["267cd0ac-d9cc-47ee-abed-9425e9da9e1e","8d9c02aa-e004-4928-a992-f93ec4a7902c"]}},"end":{"name":"Status","UUID":"437761c7-27fa-4238-86c9-7510a37031ad","component":{"name":"Status","packageName":"com.jaredrummler.android.processes.models","UUID":"437761c7-27fa-4238-86c9-7510a37031ad","classUnits":["6d5621e8-00a9-46d3-9441-bf2812b7fe82","f4f2c3b1-85ce-41b1-b8bb-662bbe2231e2"]}}},{"start":{"name":"AndroidProcesses","UUID":"7eb429e5-e188-4baa-8c59-bc4bb1f686a7","component":{"name":"AndroidProcesses","packageName":"com.jaredrummler.android.processes","UUID":"7eb429e5-e188-4baa-8c59-bc4bb1f686a7","classUnits":["646ac8ed-0099-4a75-b312-22a610a48a51","09bbc17f-aa9a-4f3b-ade1-263d73371ecf"]}},"end":{"name":"ProcessManager","UUID":"01fb8692-d8ad-415a-acb3-f2e2a1885607","component":{"name":"ProcessManager","packageName":"com.jaredrummler.android.processes","UUID":"01fb8692-d8ad-415a-acb3-f2e2a1885607","classUnits":["198167a8-536a-4b8b-a892-695964d89104"]}}},{"start":{"name":"AndroidProcess","UUID":"3b323220-eb32-424e-ba6a-6503b192dcde","component":{"name":"AndroidProcess","packageName":"com.jaredrummler.android.processes.models","UUID":"3b323220-eb32-424e-ba6a-6503b192dcde","classUnits":["5064171b-644c-4684-8da6-a8565730ccf9","abb07164-626e-4da8-a28d-021c65879bed"]}},"end":{"name":"AndroidAppProcess","UUID":"2abda4f3-4fd6-411e-9fb1-cf2aeb37b765","component":{"name":"AndroidAppProcess","packageName":"com.jaredrummler.android.processes.models","UUID":"2abda4f3-4fd6-411e-9fb1-cf2aeb37b765","classUnits":["a21f5cd8-2de0-40ad-9225-732797e04c02","a8f3844c-012a-4dea-b0b0-7a8ec246b74b","596085c7-253b-488c-b862-9a580f27419f"]}}}]}