{"nodesLocal":[],"edgesLocal":[],"nodesParam":[],"edgesParam":[{"start":{"name":"undefined:paramDependency","UUID":"c0e08f8f-9351-45b3-82cf-d351714f170a","method":{"UUID":"c0e08f8f-9351-45b3-82cf-d351714f170a","signature":{"name":"access$202","parameterUnits":[{"type":"org.anothermonitor.ActivityMain"},{"type":"org.anothermonitor.ServiceReader"}]}},"component":{"name":"ServiceReader","classUnit":"3f935843-2461-4b17-bd51-a5899e427ac1"}},"end":{"name":"ActivityMain","component":{"name":"ActivityMain","classUnit":"ebaaa078-1577-49bb-94b2-159dd043f735"},"UUID":"ebaaa078-1577-49bb-94b2-159dd043f735"}},{"start":{"name":"undefined:paramDependency","UUID":"70675517-fb3b-409b-8faa-7a4395d4d7a9","method":{"UUID":"70675517-fb3b-409b-8faa-7a4395d4d7a9","signature":{"name":"access$200","parameterUnits":[{"type":"org.anothermonitor.ActivityMain"}]}},"component":{"name":"ServiceReader","classUnit":"3f935843-2461-4b17-bd51-a5899e427ac1"}},"end":{"name":"ActivityMain","component":{"name":"ActivityMain","classUnit":"ebaaa078-1577-49bb-94b2-159dd043f735"},"UUID":"ebaaa078-1577-49bb-94b2-159dd043f735"}},{"start":{"name":"undefined:paramDependency","UUID":"2083700e-b2b7-4a0a-ad05-8b39f98191a6","method":{"UUID":"2083700e-b2b7-4a0a-ad05-8b39f98191a6","signature":{"name":"access$2500","parameterUnits":[{"type":"org.anothermonitor.ActivityMain"}]}},"component":{"name":"ViewGraphic","classUnit":"f121ac39-2004-4d27-951e-e7218c521c84"}},"end":{"name":"ActivityMain","component":{"name":"ActivityMain","classUnit":"ebaaa078-1577-49bb-94b2-159dd043f735"},"UUID":"ebaaa078-1577-49bb-94b2-159dd043f735"}}],"nodesReturn":[],"edgesReturn":[{"start":{"name":"undefined:returnDependency","UUID":"7ca86b71-bf74-40e6-b220-9ca0d3a7df34","method":{"UUID":"7ca86b71-bf74-40e6-b220-9ca0d3a7df34","signature":{"name":"get","parameterUnits":[{"type":"int"}]}},"component":{"name":"Stat","classUnit":"cb0a3576-f6a0-489f-8634-26533da5d5a9"}},"end":{"name":"Stat","component":{"name":"Stat","classUnit":"cb0a3576-f6a0-489f-8634-26533da5d5a9"},"UUID":"cb0a3576-f6a0-489f-8634-26533da5d5a9"}},{"start":{"name":"undefined:returnDependency","UUID":"dac95809-2c74-4f29-b059-bd60be5b14d9","method":{"UUID":"dac95809-2c74-4f29-b059-bd60be5b14d9","signature":{"name":"createFromParcel","parameterUnits":[{"type":"android.os.Parcel"}]}},"component":{"name":"Status","classUnit":"f4f2c3b1-85ce-41b1-b8bb-662bbe2231e2"}},"end":{"name":"Status$1","component":{"name":"Status$1","classUnit":"6d5621e8-00a9-46d3-9441-bf2812b7fe82"},"UUID":"6d5621e8-00a9-46d3-9441-bf2812b7fe82"}},{"start":{"name":"undefined:returnDependency","UUID":"92861b81-5e32-46db-931f-f46867727524","method":{"UUID":"92861b81-5e32-46db-931f-f46867727524","signature":{"name":"get","parameterUnits":[{"type":"int"}]}},"component":{"name":"Status","classUnit":"f4f2c3b1-85ce-41b1-b8bb-662bbe2231e2"}},"end":{"name":"Status","component":{"name":"Status","classUnit":"f4f2c3b1-85ce-41b1-b8bb-662bbe2231e2"},"UUID":"f4f2c3b1-85ce-41b1-b8bb-662bbe2231e2"}},{"start":{"name":"undefined:returnDependency","UUID":"0e84c440-489e-4f0e-a364-a7abb99e08bc","method":{"UUID":"0e84c440-489e-4f0e-a364-a7abb99e08bc","signature":{"name":"startTag","parameterUnits":[{"type":"java.lang.String"},{"type":"java.lang.String"}]}},"component":{"name":"XmlSerializer","classUnit":"c96f1d27-11dd-41d9-ac3d-31de7364dc68"}},"end":{"name":"XmlSerializer","component":{"name":"XmlSerializer","classUnit":"c96f1d27-11dd-41d9-ac3d-31de7364dc68"},"UUID":"c96f1d27-11dd-41d9-ac3d-31de7364dc68"}},{"start":{"name":"undefined:returnDependency","UUID":"5955c6ad-58f3-4165-9160-d52ec7369258","method":{"UUID":"5955c6ad-58f3-4165-9160-d52ec7369258","signature":{"name":"attribute","parameterUnits":[{"type":"java.lang.String"},{"type":"java.lang.String"},{"type":"java.lang.String"}]}},"component":{"name":"XmlSerializer","classUnit":"c96f1d27-11dd-41d9-ac3d-31de7364dc68"}},"end":{"name":"XmlSerializer","component":{"name":"XmlSerializer","classUnit":"c96f1d27-11dd-41d9-ac3d-31de7364dc68"},"UUID":"c96f1d27-11dd-41d9-ac3d-31de7364dc68"}},{"start":{"name":"undefined:returnDependency","UUID":"a57b093b-9d7c-40ae-96f5-f0ad4a8ab55a","method":{"UUID":"a57b093b-9d7c-40ae-96f5-f0ad4a8ab55a","signature":{"name":"endTag","parameterUnits":[{"type":"java.lang.String"},{"type":"java.lang.String"}]}},"component":{"name":"XmlSerializer","classUnit":"c96f1d27-11dd-41d9-ac3d-31de7364dc68"}},"end":{"name":"XmlSerializer","component":{"name":"XmlSerializer","classUnit":"c96f1d27-11dd-41d9-ac3d-31de7364dc68"},"UUID":"c96f1d27-11dd-41d9-ac3d-31de7364dc68"}},{"start":{"name":"undefined:returnDependency","UUID":"ed0eb08e-3323-435b-b143-81994f988409","method":{"UUID":"ed0eb08e-3323-435b-b143-81994f988409","signature":{"name":"text","parameterUnits":[{"type":"char[]"},{"type":"int"},{"type":"int"}]}},"component":{"name":"XmlSerializer","classUnit":"c96f1d27-11dd-41d9-ac3d-31de7364dc68"}},"end":{"name":"XmlSerializer","component":{"name":"XmlSerializer","classUnit":"c96f1d27-11dd-41d9-ac3d-31de7364dc68"},"UUID":"c96f1d27-11dd-41d9-ac3d-31de7364dc68"}},{"start":{"name":"undefined:returnDependency","UUID":"ed0eb08e-3323-435b-b143-81994f988409","method":{"UUID":"ed0eb08e-3323-435b-b143-81994f988409","signature":{"name":"text","parameterUnits":[{"type":"char[]"},{"type":"int"},{"type":"int"}]}},"component":{"name":"XmlSerializer","classUnit":"c96f1d27-11dd-41d9-ac3d-31de7364dc68"}},"end":{"name":"XmlSerializer","component":{"name":"XmlSerializer","classUnit":"c96f1d27-11dd-41d9-ac3d-31de7364dc68"},"UUID":"c96f1d27-11dd-41d9-ac3d-31de7364dc68"}},{"start":{"name":"undefined:returnDependency","UUID":"4f433a33-4d3d-477a-8b39-09a1663f5529","method":{"UUID":"4f433a33-4d3d-477a-8b39-09a1663f5529","signature":{"name":"stat","parameterUnits":[]}},"component":{"name":"Stat","classUnit":"cb0a3576-f6a0-489f-8634-26533da5d5a9"}},"end":{"name":"AndroidProcess","component":{"name":"AndroidProcess","classUnit":"5064171b-644c-4684-8da6-a8565730ccf9"},"UUID":"5064171b-644c-4684-8da6-a8565730ccf9"}},{"start":{"name":"undefined:returnDependency","UUID":"0400adf3-350a-4772-85a6-f2af596716f6","method":{"UUID":"0400adf3-350a-4772-85a6-f2af596716f6","signature":{"name":"statm","parameterUnits":[]}},"component":{"name":"Statm","classUnit":"ed7223de-4601-44a2-bb44-148bb6e04021"}},"end":{"name":"AndroidProcess","component":{"name":"AndroidProcess","classUnit":"5064171b-644c-4684-8da6-a8565730ccf9"},"UUID":"5064171b-644c-4684-8da6-a8565730ccf9"}},{"start":{"name":"undefined:returnDependency","UUID":"b4db58db-cbfd-48b0-b3ec-c8c641b905e2","method":{"UUID":"b4db58db-cbfd-48b0-b3ec-c8c641b905e2","signature":{"name":"cgroup","parameterUnits":[]}},"component":{"name":"Cgroup","classUnit":"c6859050-22b1-43d2-a693-cc853b347c3b"}},"end":{"name":"AndroidProcess","component":{"name":"AndroidProcess","classUnit":"5064171b-644c-4684-8da6-a8565730ccf9"},"UUID":"5064171b-644c-4684-8da6-a8565730ccf9"}},{"start":{"name":"undefined:returnDependency","UUID":"93efbc0b-53fd-48d2-b5d4-5f80e6d5e9bb","method":{"UUID":"93efbc0b-53fd-48d2-b5d4-5f80e6d5e9bb","signature":{"name":"status","parameterUnits":[]}},"component":{"name":"Status","classUnit":"f4f2c3b1-85ce-41b1-b8bb-662bbe2231e2"}},"end":{"name":"AndroidProcess","component":{"name":"AndroidProcess","classUnit":"5064171b-644c-4684-8da6-a8565730ccf9"},"UUID":"5064171b-644c-4684-8da6-a8565730ccf9"}},{"start":{"name":"undefined:returnDependency","UUID":"dbd2c156-a60d-4239-9cc7-5221609738a6","method":{"UUID":"dbd2c156-a60d-4239-9cc7-5221609738a6","signature":{"name":"getGroup","parameterUnits":[{"type":"java.lang.String"}]}},"component":{"name":"ControlGroup","classUnit":"9240a01b-9c0f-422f-a138-367e070dee92"}},"end":{"name":"Cgroup","component":{"name":"Cgroup","classUnit":"c6859050-22b1-43d2-a693-cc853b347c3b"},"UUID":"c6859050-22b1-43d2-a693-cc853b347c3b"}},{"start":{"name":"undefined:returnDependency","UUID":"1ae824b8-6aa6-4736-b7d4-f094dd6349eb","method":{"UUID":"1ae824b8-6aa6-4736-b7d4-f094dd6349eb","signature":{"name":"get","parameterUnits":[{"type":"int"}]}},"component":{"name":"Cgroup","classUnit":"c6859050-22b1-43d2-a693-cc853b347c3b"}},"end":{"name":"Cgroup","component":{"name":"Cgroup","classUnit":"c6859050-22b1-43d2-a693-cc853b347c3b"},"UUID":"c6859050-22b1-43d2-a693-cc853b347c3b"}},{"start":{"name":"undefined:returnDependency","UUID":"bfa8d207-8691-41dd-ac12-c545f614388e","method":{"UUID":"bfa8d207-8691-41dd-ac12-c545f614388e","signature":{"name":"resolveEntity","parameterUnits":[{"type":"java.lang.String"},{"type":"java.lang.String"}]}},"component":{"name":"InputSource","classUnit":"18fee354-da10-4cbe-bc4f-bf7ca17e823a"}},"end":{"name":"EntityResolver","component":{"name":"EntityResolver","classUnit":"a6025a68-96f5-415a-8e7a-f43afe901ecd"},"UUID":"a6025a68-96f5-415a-8e7a-f43afe901ecd"}},{"start":{"name":"undefined:returnDependency","UUID":"b1c53fe4-60f0-4e7c-aac7-e877a04c9c14","method":{"UUID":"b1c53fe4-60f0-4e7c-aac7-e877a04c9c14","signature":{"name":"getService","parameterUnits":[]}},"component":{"name":"ServiceReader","classUnit":"3f935843-2461-4b17-bd51-a5899e427ac1"}},"end":{"name":"ServiceReader$ServiceReaderDataBinder","component":{"name":"ServiceReader$ServiceReaderDataBinder","classUnit":"b9579822-919a-46b3-8d17-5f4750a6c8fe"},"UUID":"b9579822-919a-46b3-8d17-5f4750a6c8fe"}},{"start":{"name":"undefined:returnDependency","UUID":"b252a702-46c3-4332-bc32-ef530aeccb2b","method":{"UUID":"b252a702-46c3-4332-bc32-ef530aeccb2b","signature":{"name":"get","parameterUnits":[{"type":"int"}]}},"component":{"name":"Statm","classUnit":"ed7223de-4601-44a2-bb44-148bb6e04021"}},"end":{"name":"Statm","component":{"name":"Statm","classUnit":"ed7223de-4601-44a2-bb44-148bb6e04021"},"UUID":"ed7223de-4601-44a2-bb44-148bb6e04021"}},{"start":{"name":"undefined:returnDependency","UUID":"8a61bddd-d32b-411e-9983-c733a1a034a9","method":{"UUID":"8a61bddd-d32b-411e-9983-c733a1a034a9","signature":{"name":"createFromParcel","parameterUnits":[{"type":"android.os.Parcel"}]}},"component":{"name":"Statm","classUnit":"ed7223de-4601-44a2-bb44-148bb6e04021"}},"end":{"name":"Statm$1","component":{"name":"Statm$1","classUnit":"5506ad90-9523-4f10-90ef-18eb99192189"},"UUID":"5506ad90-9523-4f10-90ef-18eb99192189"}},{"start":{"name":"undefined:returnDependency","UUID":"36a717d4-d6a9-4e6c-8d39-875941ac3d57","method":{"UUID":"36a717d4-d6a9-4e6c-8d39-875941ac3d57","signature":{"name":"createFromParcel","parameterUnits":[{"type":"android.os.Parcel"}]}},"component":{"name":"ControlGroup","classUnit":"9240a01b-9c0f-422f-a138-367e070dee92"}},"end":{"name":"ControlGroup$1","component":{"name":"ControlGroup$1","classUnit":"66808884-a253-4fc0-af0e-f3bead666f08"},"UUID":"66808884-a253-4fc0-af0e-f3bead666f08"}},{"start":{"name":"undefined:returnDependency","UUID":"0aa7cf5c-3503-4c8b-a568-9c9a9784a84b","method":{"UUID":"0aa7cf5c-3503-4c8b-a568-9c9a9784a84b","signature":{"name":"getErrorHandler","parameterUnits":[]}},"component":{"name":"ErrorHandler","classUnit":"615ef8be-b648-4bf0-9d4a-c2ee44a4ec5b"}},"end":{"name":"XMLReader","component":{"name":"XMLReader","classUnit":"416dafa1-064d-4d88-a429-93c5061d6c52"},"UUID":"416dafa1-064d-4d88-a429-93c5061d6c52"}},{"start":{"name":"undefined:returnDependency","UUID":"61b19881-4f9b-436e-90dd-f9db6de4d14a","method":{"UUID":"61b19881-4f9b-436e-90dd-f9db6de4d14a","signature":{"name":"getDTDHandler","parameterUnits":[]}},"component":{"name":"DTDHandler","classUnit":"877aaca7-624d-4296-852b-c8c7bf42fd80"}},"end":{"name":"XMLReader","component":{"name":"XMLReader","classUnit":"416dafa1-064d-4d88-a429-93c5061d6c52"},"UUID":"416dafa1-064d-4d88-a429-93c5061d6c52"}},{"start":{"name":"undefined:returnDependency","UUID":"3d086fb5-9e57-4111-adfc-ef4e7942cc61","method":{"UUID":"3d086fb5-9e57-4111-adfc-ef4e7942cc61","signature":{"name":"getContentHandler","parameterUnits":[]}},"component":{"name":"ContentHandler","classUnit":"3e570e0c-2791-49a8-9173-e22ec598839a"}},"end":{"name":"XMLReader","component":{"name":"XMLReader","classUnit":"416dafa1-064d-4d88-a429-93c5061d6c52"},"UUID":"416dafa1-064d-4d88-a429-93c5061d6c52"}},{"start":{"name":"undefined:returnDependency","UUID":"d93c0dec-395e-4b20-b8f2-c25682b315c9","method":{"UUID":"d93c0dec-395e-4b20-b8f2-c25682b315c9","signature":{"name":"getEntityResolver","parameterUnits":[]}},"component":{"name":"EntityResolver","classUnit":"a6025a68-96f5-415a-8e7a-f43afe901ecd"}},"end":{"name":"XMLReader","component":{"name":"XMLReader","classUnit":"416dafa1-064d-4d88-a429-93c5061d6c52"},"UUID":"416dafa1-064d-4d88-a429-93c5061d6c52"}},{"start":{"name":"undefined:returnDependency","UUID":"05bd2766-79e0-44f1-84f4-60ec843efc93","method":{"UUID":"05bd2766-79e0-44f1-84f4-60ec843efc93","signature":{"name":"createFromParcel","parameterUnits":[{"type":"android.os.Parcel"}]}},"component":{"name":"ProcFile","classUnit":"267cd0ac-d9cc-47ee-abed-9425e9da9e1e"}},"end":{"name":"ProcFile$1","component":{"name":"ProcFile$1","classUnit":"8d9c02aa-e004-4928-a992-f93ec4a7902c"},"UUID":"8d9c02aa-e004-4928-a992-f93ec4a7902c"}},{"start":{"name":"undefined:returnDependency","UUID":"0f8de91c-4ba8-41ac-ab36-fe0afe18519c","method":{"UUID":"0f8de91c-4ba8-41ac-ab36-fe0afe18519c","signature":{"name":"createFromParcel","parameterUnits":[{"type":"android.os.Parcel"}]}},"component":{"name":"Cgroup","classUnit":"c6859050-22b1-43d2-a693-cc853b347c3b"}},"end":{"name":"Cgroup$1","component":{"name":"Cgroup$1","classUnit":"9de22907-9275-4a15-bfef-dc6a2b909e7b"},"UUID":"9de22907-9275-4a15-bfef-dc6a2b909e7b"}},{"start":{"name":"undefined:returnDependency","UUID":"61959736-f7c5-4078-932d-d55e1109cd5a","method":{"UUID":"61959736-f7c5-4078-932d-d55e1109cd5a","signature":{"name":"createFromParcel","parameterUnits":[{"type":"android.os.Parcel"}]}},"component":{"name":"AndroidAppProcess","classUnit":"a21f5cd8-2de0-40ad-9225-732797e04c02"}},"end":{"name":"AndroidAppProcess$1","component":{"name":"AndroidAppProcess$1","classUnit":"a8f3844c-012a-4dea-b0b0-7a8ec246b74b"},"UUID":"a8f3844c-012a-4dea-b0b0-7a8ec246b74b"}},{"start":{"name":"undefined:returnDependency","UUID":"70675517-fb3b-409b-8faa-7a4395d4d7a9","method":{"UUID":"70675517-fb3b-409b-8faa-7a4395d4d7a9","signature":{"name":"access$200","parameterUnits":[{"type":"org.anothermonitor.ActivityMain"}]}},"component":{"name":"ServiceReader","classUnit":"3f935843-2461-4b17-bd51-a5899e427ac1"}},"end":{"name":"ActivityMain","component":{"name":"ActivityMain","classUnit":"ebaaa078-1577-49bb-94b2-159dd043f735"},"UUID":"ebaaa078-1577-49bb-94b2-159dd043f735"}},{"start":{"name":"undefined:returnDependency","UUID":"c0e08f8f-9351-45b3-82cf-d351714f170a","method":{"UUID":"c0e08f8f-9351-45b3-82cf-d351714f170a","signature":{"name":"access$202","parameterUnits":[{"type":"org.anothermonitor.ActivityMain"},{"type":"org.anothermonitor.ServiceReader"}]}},"component":{"name":"ServiceReader","classUnit":"3f935843-2461-4b17-bd51-a5899e427ac1"}},"end":{"name":"ActivityMain","component":{"name":"ActivityMain","classUnit":"ebaaa078-1577-49bb-94b2-159dd043f735"},"UUID":"ebaaa078-1577-49bb-94b2-159dd043f735"}},{"start":{"name":"undefined:returnDependency","UUID":"2083700e-b2b7-4a0a-ad05-8b39f98191a6","method":{"UUID":"2083700e-b2b7-4a0a-ad05-8b39f98191a6","signature":{"name":"access$2500","parameterUnits":[{"type":"org.anothermonitor.ActivityMain"}]}},"component":{"name":"ViewGraphic","classUnit":"f121ac39-2004-4d27-951e-e7218c521c84"}},"end":{"name":"ActivityMain","component":{"name":"ActivityMain","classUnit":"ebaaa078-1577-49bb-94b2-159dd043f735"},"UUID":"ebaaa078-1577-49bb-94b2-159dd043f735"}},{"start":{"name":"undefined:returnDependency","UUID":"62a2952d-c551-4200-9175-43125164e161","method":{"UUID":"62a2952d-c551-4200-9175-43125164e161","signature":{"name":"createFromParcel","parameterUnits":[{"type":"android.os.Parcel"}]}},"component":{"name":"AndroidProcess","classUnit":"5064171b-644c-4684-8da6-a8565730ccf9"}},"end":{"name":"AndroidProcess$1","component":{"name":"AndroidProcess$1","classUnit":"abb07164-626e-4da8-a28d-021c65879bed"},"UUID":"abb07164-626e-4da8-a28d-021c65879bed"}},{"start":{"name":"undefined:returnDependency","UUID":"56f5a04f-3820-464c-b5d2-e5836c69844a","method":{"UUID":"56f5a04f-3820-464c-b5d2-e5836c69844a","signature":{"name":"createFromParcel","parameterUnits":[{"type":"android.os.Parcel"}]}},"component":{"name":"Stat","classUnit":"cb0a3576-f6a0-489f-8634-26533da5d5a9"}},"end":{"name":"Stat$1","component":{"name":"Stat$1","classUnit":"e587d0fa-b3aa-4e1e-ac3f-809178d43768"},"UUID":"e587d0fa-b3aa-4e1e-ac3f-809178d43768"}}],"nodesLocalComposite":[],"edgesLocalComposite":[],"nodesParamComposite":[],"edgesParamComposite":[{"start":{"name":"undefined:paramDependency","UUID":"c0e08f8f-9351-45b3-82cf-d351714f170a","method":{"UUID":"c0e08f8f-9351-45b3-82cf-d351714f170a","signature":{"name":"access$202","parameterUnits":[{"type":"org.anothermonitor.ActivityMain"},{"type":"org.anothermonitor.ServiceReader"}]}},"component":{"name":"ServiceReader","compositeClassUnit":"ee8d4540-9654-4bc2-a0aa-27aa396117a9"}},"end":{"name":"97408b96-83fe-48d1-be3a-5c041f9115af","UUID":"ActivityMain","component":{"name":"ActivityMain","compositeClassUnit":"97408b96-83fe-48d1-be3a-5c041f9115af"}}},{"start":{"name":"undefined:paramDependency","UUID":"70675517-fb3b-409b-8faa-7a4395d4d7a9","method":{"UUID":"70675517-fb3b-409b-8faa-7a4395d4d7a9","signature":{"name":"access$200","parameterUnits":[{"type":"org.anothermonitor.ActivityMain"}]}},"component":{"name":"ServiceReader","compositeClassUnit":"ee8d4540-9654-4bc2-a0aa-27aa396117a9"}},"end":{"name":"97408b96-83fe-48d1-be3a-5c041f9115af","UUID":"ActivityMain","component":{"name":"ActivityMain","compositeClassUnit":"97408b96-83fe-48d1-be3a-5c041f9115af"}}},{"start":{"name":"undefined:paramDependency","UUID":"2083700e-b2b7-4a0a-ad05-8b39f98191a6","method":{"UUID":"2083700e-b2b7-4a0a-ad05-8b39f98191a6","signature":{"name":"access$2500","parameterUnits":[{"type":"org.anothermonitor.ActivityMain"}]}},"component":{"name":"ViewGraphic","compositeClassUnit":"4d487c7f-3d14-48b6-a9c6-4a8ac4859f7a"}},"end":{"name":"97408b96-83fe-48d1-be3a-5c041f9115af","UUID":"ActivityMain","component":{"name":"ActivityMain","compositeClassUnit":"97408b96-83fe-48d1-be3a-5c041f9115af"}}}],"nodesReturnComposite":[],"edgesReturnComposite":[{"start":{"name":"undefined:returnDependency","UUID":"7ca86b71-bf74-40e6-b220-9ca0d3a7df34","method":{"UUID":"7ca86b71-bf74-40e6-b220-9ca0d3a7df34","signature":{"name":"get","parameterUnits":[{"type":"int"}]}},"component":{"name":"Stat","compositeClassUnit":"6e48f124-8cc3-490b-a1b8-c0bbc0f3ba4a"}},"end":{"name":"6e48f124-8cc3-490b-a1b8-c0bbc0f3ba4a","UUID":"Stat","component":{"name":"Stat","compositeClassUnit":"6e48f124-8cc3-490b-a1b8-c0bbc0f3ba4a"}}},{"start":{"name":"undefined:returnDependency","UUID":"dac95809-2c74-4f29-b059-bd60be5b14d9","method":{"UUID":"dac95809-2c74-4f29-b059-bd60be5b14d9","signature":{"name":"createFromParcel","parameterUnits":[{"type":"android.os.Parcel"}]}},"component":{"name":"Status","compositeClassUnit":"437761c7-27fa-4238-86c9-7510a37031ad"}},"end":{"name":"437761c7-27fa-4238-86c9-7510a37031ad","UUID":"Status","component":{"name":"Status","compositeClassUnit":"437761c7-27fa-4238-86c9-7510a37031ad"}}},{"start":{"name":"undefined:returnDependency","UUID":"92861b81-5e32-46db-931f-f46867727524","method":{"UUID":"92861b81-5e32-46db-931f-f46867727524","signature":{"name":"get","parameterUnits":[{"type":"int"}]}},"component":{"name":"Status","compositeClassUnit":"437761c7-27fa-4238-86c9-7510a37031ad"}},"end":{"name":"437761c7-27fa-4238-86c9-7510a37031ad","UUID":"Status","component":{"name":"Status","compositeClassUnit":"437761c7-27fa-4238-86c9-7510a37031ad"}}},{"start":{"name":"undefined:returnDependency","UUID":"0e84c440-489e-4f0e-a364-a7abb99e08bc","method":{"UUID":"0e84c440-489e-4f0e-a364-a7abb99e08bc","signature":{"name":"startTag","parameterUnits":[{"type":"java.lang.String"},{"type":"java.lang.String"}]}},"component":{"name":"XmlSerializer","compositeClassUnit":"5ed86da1-5140-454f-ba49-e0b01bef8e00"}},"end":{"name":"5ed86da1-5140-454f-ba49-e0b01bef8e00","UUID":"XmlSerializer","component":{"name":"XmlSerializer","compositeClassUnit":"5ed86da1-5140-454f-ba49-e0b01bef8e00"}}},{"start":{"name":"undefined:returnDependency","UUID":"5955c6ad-58f3-4165-9160-d52ec7369258","method":{"UUID":"5955c6ad-58f3-4165-9160-d52ec7369258","signature":{"name":"attribute","parameterUnits":[{"type":"java.lang.String"},{"type":"java.lang.String"},{"type":"java.lang.String"}]}},"component":{"name":"XmlSerializer","compositeClassUnit":"5ed86da1-5140-454f-ba49-e0b01bef8e00"}},"end":{"name":"5ed86da1-5140-454f-ba49-e0b01bef8e00","UUID":"XmlSerializer","component":{"name":"XmlSerializer","compositeClassUnit":"5ed86da1-5140-454f-ba49-e0b01bef8e00"}}},{"start":{"name":"undefined:returnDependency","UUID":"a57b093b-9d7c-40ae-96f5-f0ad4a8ab55a","method":{"UUID":"a57b093b-9d7c-40ae-96f5-f0ad4a8ab55a","signature":{"name":"endTag","parameterUnits":[{"type":"java.lang.String"},{"type":"java.lang.String"}]}},"component":{"name":"XmlSerializer","compositeClassUnit":"5ed86da1-5140-454f-ba49-e0b01bef8e00"}},"end":{"name":"5ed86da1-5140-454f-ba49-e0b01bef8e00","UUID":"XmlSerializer","component":{"name":"XmlSerializer","compositeClassUnit":"5ed86da1-5140-454f-ba49-e0b01bef8e00"}}},{"start":{"name":"undefined:returnDependency","UUID":"ed0eb08e-3323-435b-b143-81994f988409","method":{"UUID":"ed0eb08e-3323-435b-b143-81994f988409","signature":{"name":"text","parameterUnits":[{"type":"char[]"},{"type":"int"},{"type":"int"}]}},"component":{"name":"XmlSerializer","compositeClassUnit":"5ed86da1-5140-454f-ba49-e0b01bef8e00"}},"end":{"name":"5ed86da1-5140-454f-ba49-e0b01bef8e00","UUID":"XmlSerializer","component":{"name":"XmlSerializer","compositeClassUnit":"5ed86da1-5140-454f-ba49-e0b01bef8e00"}}},{"start":{"name":"undefined:returnDependency","UUID":"ed0eb08e-3323-435b-b143-81994f988409","method":{"UUID":"ed0eb08e-3323-435b-b143-81994f988409","signature":{"name":"text","parameterUnits":[{"type":"char[]"},{"type":"int"},{"type":"int"}]}},"component":{"name":"XmlSerializer","compositeClassUnit":"5ed86da1-5140-454f-ba49-e0b01bef8e00"}},"end":{"name":"5ed86da1-5140-454f-ba49-e0b01bef8e00","UUID":"XmlSerializer","component":{"name":"XmlSerializer","compositeClassUnit":"5ed86da1-5140-454f-ba49-e0b01bef8e00"}}},{"start":{"name":"undefined:returnDependency","UUID":"4f433a33-4d3d-477a-8b39-09a1663f5529","method":{"UUID":"4f433a33-4d3d-477a-8b39-09a1663f5529","signature":{"name":"stat","parameterUnits":[]}},"component":{"name":"Stat","compositeClassUnit":"6e48f124-8cc3-490b-a1b8-c0bbc0f3ba4a"}},"end":{"name":"3b323220-eb32-424e-ba6a-6503b192dcde","UUID":"AndroidProcess","component":{"name":"AndroidProcess","compositeClassUnit":"3b323220-eb32-424e-ba6a-6503b192dcde"}}},{"start":{"name":"undefined:returnDependency","UUID":"0400adf3-350a-4772-85a6-f2af596716f6","method":{"UUID":"0400adf3-350a-4772-85a6-f2af596716f6","signature":{"name":"statm","parameterUnits":[]}},"component":{"name":"Statm","compositeClassUnit":"08f4451a-51bd-44f1-955a-97f0222aef3f"}},"end":{"name":"3b323220-eb32-424e-ba6a-6503b192dcde","UUID":"AndroidProcess","component":{"name":"AndroidProcess","compositeClassUnit":"3b323220-eb32-424e-ba6a-6503b192dcde"}}},{"start":{"name":"undefined:returnDependency","UUID":"b4db58db-cbfd-48b0-b3ec-c8c641b905e2","method":{"UUID":"b4db58db-cbfd-48b0-b3ec-c8c641b905e2","signature":{"name":"cgroup","parameterUnits":[]}},"component":{"name":"Cgroup","compositeClassUnit":"a75786d3-8023-4551-8945-0097dfcb1e30"}},"end":{"name":"3b323220-eb32-424e-ba6a-6503b192dcde","UUID":"AndroidProcess","component":{"name":"AndroidProcess","compositeClassUnit":"3b323220-eb32-424e-ba6a-6503b192dcde"}}},{"start":{"name":"undefined:returnDependency","UUID":"93efbc0b-53fd-48d2-b5d4-5f80e6d5e9bb","method":{"UUID":"93efbc0b-53fd-48d2-b5d4-5f80e6d5e9bb","signature":{"name":"status","parameterUnits":[]}},"component":{"name":"Status","compositeClassUnit":"437761c7-27fa-4238-86c9-7510a37031ad"}},"end":{"name":"3b323220-eb32-424e-ba6a-6503b192dcde","UUID":"AndroidProcess","component":{"name":"AndroidProcess","compositeClassUnit":"3b323220-eb32-424e-ba6a-6503b192dcde"}}},{"start":{"name":"undefined:returnDependency","UUID":"dbd2c156-a60d-4239-9cc7-5221609738a6","method":{"UUID":"dbd2c156-a60d-4239-9cc7-5221609738a6","signature":{"name":"getGroup","parameterUnits":[{"type":"java.lang.String"}]}},"component":{"name":"ControlGroup","compositeClassUnit":"25bec591-3e2e-45b8-ae70-99be067d718e"}},"end":{"name":"a75786d3-8023-4551-8945-0097dfcb1e30","UUID":"Cgroup","component":{"name":"Cgroup","compositeClassUnit":"a75786d3-8023-4551-8945-0097dfcb1e30"}}},{"start":{"name":"undefined:returnDependency","UUID":"1ae824b8-6aa6-4736-b7d4-f094dd6349eb","method":{"UUID":"1ae824b8-6aa6-4736-b7d4-f094dd6349eb","signature":{"name":"get","parameterUnits":[{"type":"int"}]}},"component":{"name":"Cgroup","compositeClassUnit":"a75786d3-8023-4551-8945-0097dfcb1e30"}},"end":{"name":"a75786d3-8023-4551-8945-0097dfcb1e30","UUID":"Cgroup","component":{"name":"Cgroup","compositeClassUnit":"a75786d3-8023-4551-8945-0097dfcb1e30"}}},{"start":{"name":"undefined:returnDependency","UUID":"bfa8d207-8691-41dd-ac12-c545f614388e","method":{"UUID":"bfa8d207-8691-41dd-ac12-c545f614388e","signature":{"name":"resolveEntity","parameterUnits":[{"type":"java.lang.String"},{"type":"java.lang.String"}]}},"component":{"name":"InputSource","compositeClassUnit":"9d61b310-f7b1-491a-a1d2-0773c38cc4fc"}},"end":{"name":"219e6e43-39bd-4f41-8933-d81de9fab3cc","UUID":"EntityResolver","component":{"name":"EntityResolver","compositeClassUnit":"219e6e43-39bd-4f41-8933-d81de9fab3cc"}}},{"start":{"name":"undefined:returnDependency","UUID":"b1c53fe4-60f0-4e7c-aac7-e877a04c9c14","method":{"UUID":"b1c53fe4-60f0-4e7c-aac7-e877a04c9c14","signature":{"name":"getService","parameterUnits":[]}},"component":{"name":"ServiceReader","compositeClassUnit":"ee8d4540-9654-4bc2-a0aa-27aa396117a9"}},"end":{"name":"ee8d4540-9654-4bc2-a0aa-27aa396117a9","UUID":"ServiceReader","component":{"name":"ServiceReader","compositeClassUnit":"ee8d4540-9654-4bc2-a0aa-27aa396117a9"}}},{"start":{"name":"undefined:returnDependency","UUID":"b252a702-46c3-4332-bc32-ef530aeccb2b","method":{"UUID":"b252a702-46c3-4332-bc32-ef530aeccb2b","signature":{"name":"get","parameterUnits":[{"type":"int"}]}},"component":{"name":"Statm","compositeClassUnit":"08f4451a-51bd-44f1-955a-97f0222aef3f"}},"end":{"name":"08f4451a-51bd-44f1-955a-97f0222aef3f","UUID":"Statm","component":{"name":"Statm","compositeClassUnit":"08f4451a-51bd-44f1-955a-97f0222aef3f"}}},{"start":{"name":"undefined:returnDependency","UUID":"8a61bddd-d32b-411e-9983-c733a1a034a9","method":{"UUID":"8a61bddd-d32b-411e-9983-c733a1a034a9","signature":{"name":"createFromParcel","parameterUnits":[{"type":"android.os.Parcel"}]}},"component":{"name":"Statm","compositeClassUnit":"08f4451a-51bd-44f1-955a-97f0222aef3f"}},"end":{"name":"08f4451a-51bd-44f1-955a-97f0222aef3f","UUID":"Statm","component":{"name":"Statm","compositeClassUnit":"08f4451a-51bd-44f1-955a-97f0222aef3f"}}},{"start":{"name":"undefined:returnDependency","UUID":"36a717d4-d6a9-4e6c-8d39-875941ac3d57","method":{"UUID":"36a717d4-d6a9-4e6c-8d39-875941ac3d57","signature":{"name":"createFromParcel","parameterUnits":[{"type":"android.os.Parcel"}]}},"component":{"name":"ControlGroup","compositeClassUnit":"25bec591-3e2e-45b8-ae70-99be067d718e"}},"end":{"name":"25bec591-3e2e-45b8-ae70-99be067d718e","UUID":"ControlGroup","component":{"name":"ControlGroup","compositeClassUnit":"25bec591-3e2e-45b8-ae70-99be067d718e"}}},{"start":{"name":"undefined:returnDependency","UUID":"0aa7cf5c-3503-4c8b-a568-9c9a9784a84b","method":{"UUID":"0aa7cf5c-3503-4c8b-a568-9c9a9784a84b","signature":{"name":"getErrorHandler","parameterUnits":[]}},"component":{"name":"ErrorHandler","compositeClassUnit":"9d362ead-b2a9-448f-bf1c-c83561882acb"}},"end":{"name":"af95814d-2054-4ac1-b993-bd2cf2585b09","UUID":"XMLReader","component":{"name":"XMLReader","compositeClassUnit":"af95814d-2054-4ac1-b993-bd2cf2585b09"}}},{"start":{"name":"undefined:returnDependency","UUID":"61b19881-4f9b-436e-90dd-f9db6de4d14a","method":{"UUID":"61b19881-4f9b-436e-90dd-f9db6de4d14a","signature":{"name":"getDTDHandler","parameterUnits":[]}},"component":{"name":"DTDHandler","compositeClassUnit":"ea0e07fb-64c4-4baa-9849-58467017b91a"}},"end":{"name":"af95814d-2054-4ac1-b993-bd2cf2585b09","UUID":"XMLReader","component":{"name":"XMLReader","compositeClassUnit":"af95814d-2054-4ac1-b993-bd2cf2585b09"}}},{"start":{"name":"undefined:returnDependency","UUID":"3d086fb5-9e57-4111-adfc-ef4e7942cc61","method":{"UUID":"3d086fb5-9e57-4111-adfc-ef4e7942cc61","signature":{"name":"getContentHandler","parameterUnits":[]}},"component":{"name":"ContentHandler","compositeClassUnit":"3ab3139e-3ac6-4b57-baae-d88b7e395a49"}},"end":{"name":"af95814d-2054-4ac1-b993-bd2cf2585b09","UUID":"XMLReader","component":{"name":"XMLReader","compositeClassUnit":"af95814d-2054-4ac1-b993-bd2cf2585b09"}}},{"start":{"name":"undefined:returnDependency","UUID":"d93c0dec-395e-4b20-b8f2-c25682b315c9","method":{"UUID":"d93c0dec-395e-4b20-b8f2-c25682b315c9","signature":{"name":"getEntityResolver","parameterUnits":[]}},"component":{"name":"EntityResolver","compositeClassUnit":"219e6e43-39bd-4f41-8933-d81de9fab3cc"}},"end":{"name":"af95814d-2054-4ac1-b993-bd2cf2585b09","UUID":"XMLReader","component":{"name":"XMLReader","compositeClassUnit":"af95814d-2054-4ac1-b993-bd2cf2585b09"}}},{"start":{"name":"undefined:returnDependency","UUID":"05bd2766-79e0-44f1-84f4-60ec843efc93","method":{"UUID":"05bd2766-79e0-44f1-84f4-60ec843efc93","signature":{"name":"createFromParcel","parameterUnits":[{"type":"android.os.Parcel"}]}},"component":{"name":"ProcFile","compositeClassUnit":"9d743813-7f9a-4c34-a5a4-e3a0c8a92c38"}},"end":{"name":"9d743813-7f9a-4c34-a5a4-e3a0c8a92c38","UUID":"ProcFile","component":{"name":"ProcFile","compositeClassUnit":"9d743813-7f9a-4c34-a5a4-e3a0c8a92c38"}}},{"start":{"name":"undefined:returnDependency","UUID":"0f8de91c-4ba8-41ac-ab36-fe0afe18519c","method":{"UUID":"0f8de91c-4ba8-41ac-ab36-fe0afe18519c","signature":{"name":"createFromParcel","parameterUnits":[{"type":"android.os.Parcel"}]}},"component":{"name":"Cgroup","compositeClassUnit":"a75786d3-8023-4551-8945-0097dfcb1e30"}},"end":{"name":"a75786d3-8023-4551-8945-0097dfcb1e30","UUID":"Cgroup","component":{"name":"Cgroup","compositeClassUnit":"a75786d3-8023-4551-8945-0097dfcb1e30"}}},{"start":{"name":"undefined:returnDependency","UUID":"61959736-f7c5-4078-932d-d55e1109cd5a","method":{"UUID":"61959736-f7c5-4078-932d-d55e1109cd5a","signature":{"name":"createFromParcel","parameterUnits":[{"type":"android.os.Parcel"}]}},"component":{"name":"AndroidAppProcess","compositeClassUnit":"2abda4f3-4fd6-411e-9fb1-cf2aeb37b765"}},"end":{"name":"2abda4f3-4fd6-411e-9fb1-cf2aeb37b765","UUID":"AndroidAppProcess","component":{"name":"AndroidAppProcess","compositeClassUnit":"2abda4f3-4fd6-411e-9fb1-cf2aeb37b765"}}},{"start":{"name":"undefined:returnDependency","UUID":"70675517-fb3b-409b-8faa-7a4395d4d7a9","method":{"UUID":"70675517-fb3b-409b-8faa-7a4395d4d7a9","signature":{"name":"access$200","parameterUnits":[{"type":"org.anothermonitor.ActivityMain"}]}},"component":{"name":"ServiceReader","compositeClassUnit":"ee8d4540-9654-4bc2-a0aa-27aa396117a9"}},"end":{"name":"97408b96-83fe-48d1-be3a-5c041f9115af","UUID":"ActivityMain","component":{"name":"ActivityMain","compositeClassUnit":"97408b96-83fe-48d1-be3a-5c041f9115af"}}},{"start":{"name":"undefined:returnDependency","UUID":"c0e08f8f-9351-45b3-82cf-d351714f170a","method":{"UUID":"c0e08f8f-9351-45b3-82cf-d351714f170a","signature":{"name":"access$202","parameterUnits":[{"type":"org.anothermonitor.ActivityMain"},{"type":"org.anothermonitor.ServiceReader"}]}},"component":{"name":"ServiceReader","compositeClassUnit":"ee8d4540-9654-4bc2-a0aa-27aa396117a9"}},"end":{"name":"97408b96-83fe-48d1-be3a-5c041f9115af","UUID":"ActivityMain","component":{"name":"ActivityMain","compositeClassUnit":"97408b96-83fe-48d1-be3a-5c041f9115af"}}},{"start":{"name":"undefined:returnDependency","UUID":"2083700e-b2b7-4a0a-ad05-8b39f98191a6","method":{"UUID":"2083700e-b2b7-4a0a-ad05-8b39f98191a6","signature":{"name":"access$2500","parameterUnits":[{"type":"org.anothermonitor.ActivityMain"}]}},"component":{"name":"ViewGraphic","compositeClassUnit":"4d487c7f-3d14-48b6-a9c6-4a8ac4859f7a"}},"end":{"name":"97408b96-83fe-48d1-be3a-5c041f9115af","UUID":"ActivityMain","component":{"name":"ActivityMain","compositeClassUnit":"97408b96-83fe-48d1-be3a-5c041f9115af"}}},{"start":{"name":"undefined:returnDependency","UUID":"62a2952d-c551-4200-9175-43125164e161","method":{"UUID":"62a2952d-c551-4200-9175-43125164e161","signature":{"name":"createFromParcel","parameterUnits":[{"type":"android.os.Parcel"}]}},"component":{"name":"AndroidProcess","compositeClassUnit":"3b323220-eb32-424e-ba6a-6503b192dcde"}},"end":{"name":"3b323220-eb32-424e-ba6a-6503b192dcde","UUID":"AndroidProcess","component":{"name":"AndroidProcess","compositeClassUnit":"3b323220-eb32-424e-ba6a-6503b192dcde"}}},{"start":{"name":"undefined:returnDependency","UUID":"56f5a04f-3820-464c-b5d2-e5836c69844a","method":{"UUID":"56f5a04f-3820-464c-b5d2-e5836c69844a","signature":{"name":"createFromParcel","parameterUnits":[{"type":"android.os.Parcel"}]}},"component":{"name":"Stat","compositeClassUnit":"6e48f124-8cc3-490b-a1b8-c0bbc0f3ba4a"}},"end":{"name":"6e48f124-8cc3-490b-a1b8-c0bbc0f3ba4a","UUID":"Stat","component":{"name":"Stat","compositeClassUnit":"6e48f124-8cc3-490b-a1b8-c0bbc0f3ba4a"}}}]}