<?xml version="1.0" encoding="windows-1252"?>
<xmi:XMI xmi:version="2.1" xmlns:uml="http://schema.omg.org/spec/UML/2.1" xmlns:xmi="http://schema.omg.org/spec/XMI/2.1">
	<xmi:Documentation exporter="Enterprise Architect" exporterVersion="6.5"/>
	<uml:Model xmi:type="uml:Model" name="EA_Model" visibility="public">
		<packagedElement xmi:type="uml:Package" xmi:id="EAPK_0D4BE3DE_DBA4_430b_9F5D_2D1DC1F19C54" name="use cases" visibility="public">
<packagedElement xmi:type="uml:UseCase" xmi:id="EAID_586BCAF6_15CB_4a03_81A9_EF34AE4B312B" name="Add Users1" visibility="public">
<nestedClassifier xmi:type="uml:Collaboration" xmi:id="EAID_CB000000_AF6_15CB_4a03_81A9_EF34AE4B312" name="EA_Collaboration1" visibility="public">
<ownedBehavior xmi:type="uml:Interaction" xmi:id="EAID_IN000000_AF6_15CB_4a03_81A9_EF34AE4B312" name="EA_Interaction1" visibility="public">
<lifeline xmi:type="uml:Lifeline" xmi:id="EAID_LL000000_D892_423c_850E_8109476FDED0" name="User" visibility="public" represents="EAID_AT000000_D892_423c_850E_8109476FDED0"/>
<lifeline xmi:type="uml:Lifeline" xmi:id="EAID_7183D05E_D892_423c_850E_kqNUZBgL3ZsL" name="Showconfirmationpage" visibility="public" represents="EAID_AT000000_D892_423c_850E_kqNUZBgL3ZsL"/>
<lifeline xmi:type="uml:Lifeline" xmi:id="EAID_7183D05E_D892_423c_850E_MupltB07M2Mx" name="Product" visibility="public" represents="EAID_AT000000_D892_423c_850E_MupltB07M2Mx"/>
<fragment xmi:type="uml:OccurrenceSpecification" xmi:id="EAID_FR000002_D892_423c_850E_8109476FDED0" covered="EAID_LL000000_D892_423c_850E_8109476FDED0"/>
<fragment xmi:type="uml:OccurrenceSpecification" xmi:id="EAID_FR000003_D892_423c_850E_kqNUZBgL3ZsL" covered="EAID_7183D05E_D892_423c_850E_kqNUZBgL3ZsL"/>
<fragment xmi:type="uml:OccurrenceSpecification" xmi:id="EAID_FR000004_D892_423c_850E_8109476FDED0" covered="EAID_LL000000_D892_423c_850E_8109476FDED0"/>
<fragment xmi:type="uml:OccurrenceSpecification" xmi:id="EAID_FR000005_D892_423c_850E_MupltB07M2Mx" covered="EAID_7183D05E_D892_423c_850E_MupltB07M2Mx"/>
<fragment xmi:type="uml:OccurrenceSpecification" xmi:id="EAID_FR000006_D892_423c_850E_MupltB07M2Mx" covered="EAID_7183D05E_D892_423c_850E_MupltB07M2Mx"/>
<fragment xmi:type="uml:OccurrenceSpecification" xmi:id="EAID_FR000007_D892_423c_850E_MupltB07M2Mx" covered="EAID_7183D05E_D892_423c_850E_MupltB07M2Mx"/>
<fragment xmi:type="uml:OccurrenceSpecification" xmi:id="EAID_FR000008_D892_423c_850E_MupltB07M2Mx" covered="EAID_7183D05E_D892_423c_850E_MupltB07M2Mx"/>
<fragment xmi:type="uml:OccurrenceSpecification" xmi:id="EAID_FR000009_D892_423c_850E_kqNUZBgL3ZsL" covered="EAID_7183D05E_D892_423c_850E_kqNUZBgL3ZsL"/>
<fragment xmi:type="uml:OccurrenceSpecification" xmi:id="EAID_FR0000010_D892_423c_850E_kqNUZBgL3ZsL" covered="EAID_7183D05E_D892_423c_850E_kqNUZBgL3ZsL"/>
<fragment xmi:type="uml:OccurrenceSpecification" xmi:id="EAID_FR0000011_D892_423c_850E_kqNUZBgL3ZsL" covered="EAID_7183D05E_D892_423c_850E_kqNUZBgL3ZsL"/>
<fragment xmi:type="uml:OccurrenceSpecification" xmi:id="EAID_FR0000012_D892_423c_850E_kqNUZBgL3ZsL" covered="EAID_7183D05E_D892_423c_850E_kqNUZBgL3ZsL"/>
<fragment xmi:type="uml:OccurrenceSpecification" xmi:id="EAID_FR0000013_D892_423c_850E_MupltB07M2Mx" covered="EAID_7183D05E_D892_423c_850E_MupltB07M2Mx"/>
<fragment xmi:type="uml:OccurrenceSpecification" xmi:id="EAID_FR0000014_D892_423c_850E_MupltB07M2Mx" covered="EAID_7183D05E_D892_423c_850E_MupltB07M2Mx"/>
<fragment xmi:type="uml:OccurrenceSpecification" xmi:id="EAID_FR0000015_D892_423c_850E_MupltB07M2Mx" covered="EAID_7183D05E_D892_423c_850E_MupltB07M2Mx"/>
<message xmi:type="uml:Message" xmi:id="EAID_049D1FF1_0B97_41fb_AC69_41AFDfrswGXI" name="Homepage" messageKind="complete" messageSort="synchCall" sendEvent="EAID_FR000004_D892_423c_850E_8109476FDED0" receiveEvent="EAID_FR0000012_D892_423c_850E_kqNUZBgL3ZsL"/>
<message xmi:type="uml:Message" xmi:id="EAID_049D1FF1_0B97_41fb_AC69_41AFC1zdFqMF" name="ViewProductpage" messageKind="complete" messageSort="synchCall" sendEvent="EAID_FR000004_D892_423c_850E_8109476FDED0" receiveEvent="EAID_FR0000015_D892_423c_850E_MupltB07M2Mx"/>
<message xmi:type="uml:Message" xmi:id="EAID_049D1FF1_0B97_41fb_AC69_41AFqUKheLBi" name="Chooseoneofproducts" messageKind="complete" messageSort="synchCall" sendEvent="EAID_FR0000015_D892_423c_850E_MupltB07M2Mx" receiveEvent="EAID_FR0000015_D892_423c_850E_MupltB07M2Mx"/>
<message xmi:type="uml:Message" xmi:id="EAID_049D1FF1_0B97_41fb_AC69_41AF5w6rZQkP" name="Showconfirmationpage" messageKind="complete" messageSort="synchCall" sendEvent="EAID_FR0000015_D892_423c_850E_MupltB07M2Mx" receiveEvent="EAID_FR0000012_D892_423c_850E_kqNUZBgL3ZsL"/>
<message xmi:type="uml:Message" xmi:id="EAID_049D1FF1_0B97_41fb_AC69_41AFRlVvkyxV" name="Homepage" messageKind="complete" messageSort="synchCall" sendEvent="EAID_FR0000012_D892_423c_850E_kqNUZBgL3ZsL" receiveEvent="EAID_FR0000012_D892_423c_850E_kqNUZBgL3ZsL"/>
<message xmi:type="uml:Message" xmi:id="EAID_049D1FF1_0B97_41fb_AC69_41AFMhyefIc0" name="ViewProductpage" messageKind="complete" messageSort="synchCall" sendEvent="EAID_FR0000012_D892_423c_850E_kqNUZBgL3ZsL" receiveEvent="EAID_FR0000015_D892_423c_850E_MupltB07M2Mx"/>
<message xmi:type="uml:Message" xmi:id="EAID_049D1FF1_0B97_41fb_AC69_41AFX1PkX7tv" name="Chooseoneofproducts" messageKind="complete" messageSort="synchCall" sendEvent="EAID_FR0000015_D892_423c_850E_MupltB07M2Mx" receiveEvent="EAID_FR0000015_D892_423c_850E_MupltB07M2Mx"/>
</ownedBehavior>
<ownedAttribute xmi:type="uml:Property" xmi:id="EAID_AT000000_D892_423c_850E_kqNUZBgL3ZsL"/>
<ownedAttribute xmi:type="uml:Property" xmi:id="EAID_AT000000_D892_423c_850E_MupltB07M2Mx"/>
<ownedAttribute xmi:type="uml:Property" xmi:id="EAID_AT000000_D892_423c_850E_8109476FDED0">
<type xmi:idref="EAID_9977D5D6_D839_4e85_9EF1_38844704F245"/>
					</ownedAttribute>
				</nestedClassifier>
			</packagedElement>
<packagedElement xmi:type="uml:Actor" xmi:id="EAID_9977D5D6_D839_4e85_9EF1_38844704F245" name="User" visibility="public"/>

<packagedElement xmi:type="uml:UseCase" xmi:id="EAID_586BCAF6_15CB_4a03_81A9_DA24FF2gqt2f" name="Add Users2" visibility="public">
<nestedClassifier xmi:type="uml:Collaboration" xmi:id="EAID_CB000000_AF6_15CB_4a03_81A9_ZDw1ucL911G" name="EA_Collaboration2" visibility="public">
<ownedBehavior xmi:type="uml:Interaction" xmi:id="EAID_IN000000_AF6_15CB_4a03_81A9_DiJ9sBlvvXv" name="EA_Interaction2" visibility="public">
<lifeline xmi:type="uml:Lifeline" xmi:id="EAID_LL000000_D892_423c_850E_MupltB07M2Mx" name="User" visibility="public" represents="EAID_AT000000_D892_423c_850E_8109476FDED0"/>
<lifeline xmi:type="uml:Lifeline" xmi:id="EAID_7183D05E_D892_423c_850E_iZfKDtlBUrmf" name="Product" visibility="public" represents="EAID_AT000000_D892_423c_850E_iZfKDtlBUrmf"/>
<lifeline xmi:type="uml:Lifeline" xmi:id="EAID_7183D05E_D892_423c_850E_KeeHJSVZUyE2" name="Showconfirmationpage" visibility="public" represents="EAID_AT000000_D892_423c_850E_KeeHJSVZUyE2"/>
<fragment xmi:type="uml:OccurrenceSpecification" xmi:id="EAID_FR000002_D892_423c_850E_MupltB07M2Mx" covered="EAID_LL000000_D892_423c_850E_MupltB07M2Mx"/>
<fragment xmi:type="uml:OccurrenceSpecification" xmi:id="EAID_FR000003_D892_423c_850E_iZfKDtlBUrmf" covered="EAID_7183D05E_D892_423c_850E_iZfKDtlBUrmf"/>
<fragment xmi:type="uml:OccurrenceSpecification" xmi:id="EAID_FR000004_D892_423c_850E_iZfKDtlBUrmf" covered="EAID_7183D05E_D892_423c_850E_iZfKDtlBUrmf"/>
<fragment xmi:type="uml:OccurrenceSpecification" xmi:id="EAID_FR000005_D892_423c_850E_iZfKDtlBUrmf" covered="EAID_7183D05E_D892_423c_850E_iZfKDtlBUrmf"/>
<fragment xmi:type="uml:OccurrenceSpecification" xmi:id="EAID_FR000006_D892_423c_850E_iZfKDtlBUrmf" covered="EAID_7183D05E_D892_423c_850E_iZfKDtlBUrmf"/>
<fragment xmi:type="uml:OccurrenceSpecification" xmi:id="EAID_FR000007_D892_423c_850E_KeeHJSVZUyE2" covered="EAID_7183D05E_D892_423c_850E_KeeHJSVZUyE2"/>
<fragment xmi:type="uml:OccurrenceSpecification" xmi:id="EAID_FR000008_D892_423c_850E_KeeHJSVZUyE2" covered="EAID_7183D05E_D892_423c_850E_KeeHJSVZUyE2"/>
<fragment xmi:type="uml:OccurrenceSpecification" xmi:id="EAID_FR000009_D892_423c_850E_iZfKDtlBUrmf" covered="EAID_7183D05E_D892_423c_850E_iZfKDtlBUrmf"/>
<fragment xmi:type="uml:OccurrenceSpecification" xmi:id="EAID_FR0000010_D892_423c_850E_iZfKDtlBUrmf" covered="EAID_7183D05E_D892_423c_850E_iZfKDtlBUrmf"/>
<fragment xmi:type="uml:OccurrenceSpecification" xmi:id="EAID_FR0000011_D892_423c_850E_iZfKDtlBUrmf" covered="EAID_7183D05E_D892_423c_850E_iZfKDtlBUrmf"/>
<fragment xmi:type="uml:OccurrenceSpecification" xmi:id="EAID_FR0000012_D892_423c_850E_iZfKDtlBUrmf" covered="EAID_7183D05E_D892_423c_850E_iZfKDtlBUrmf"/>
<fragment xmi:type="uml:OccurrenceSpecification" xmi:id="EAID_FR0000013_D892_423c_850E_iZfKDtlBUrmf" covered="EAID_7183D05E_D892_423c_850E_iZfKDtlBUrmf"/>
<fragment xmi:type="uml:OccurrenceSpecification" xmi:id="EAID_FR0000014_D892_423c_850E_KeeHJSVZUyE2" covered="EAID_7183D05E_D892_423c_850E_KeeHJSVZUyE2"/>
<fragment xmi:type="uml:OccurrenceSpecification" xmi:id="EAID_FR0000015_D892_423c_850E_KeeHJSVZUyE2" covered="EAID_7183D05E_D892_423c_850E_KeeHJSVZUyE2"/>
<fragment xmi:type="uml:OccurrenceSpecification" xmi:id="EAID_FR0000016_D892_423c_850E_MupltB07M2Mx" covered="EAID_LL000000_D892_423c_850E_MupltB07M2Mx"/>
<fragment xmi:type="uml:OccurrenceSpecification" xmi:id="EAID_FR0000017_D892_423c_850E_KeeHJSVZUyE2" covered="EAID_7183D05E_D892_423c_850E_KeeHJSVZUyE2"/>
<message xmi:type="uml:Message" xmi:id="EAID_049D1FF1_0B97_41fb_AC69_41AFhVmYGjIX" name="AddRemoveUpdateProductpage" messageKind="complete" messageSort="synchCall" sendEvent="EAID_FR0000016_D892_423c_850E_MupltB07M2Mx" receiveEvent="EAID_FR0000013_D892_423c_850E_iZfKDtlBUrmf"/>
<message xmi:type="uml:Message" xmi:id="EAID_049D1FF1_0B97_41fb_AC69_41AF5JPOgJOc" name="AddRemoveUpdateProductfromshoppingcart" messageKind="complete" messageSort="synchCall" sendEvent="EAID_FR0000013_D892_423c_850E_iZfKDtlBUrmf" receiveEvent="EAID_FR0000013_D892_423c_850E_iZfKDtlBUrmf"/>
<message xmi:type="uml:Message" xmi:id="EAID_049D1FF1_0B97_41fb_AC69_41AFSQu3Fomm" name="Showconfirmationpage" messageKind="complete" messageSort="synchCall" sendEvent="EAID_FR0000013_D892_423c_850E_iZfKDtlBUrmf" receiveEvent="EAID_FR0000017_D892_423c_850E_KeeHJSVZUyE2"/>
<message xmi:type="uml:Message" xmi:id="EAID_049D1FF1_0B97_41fb_AC69_41AFIUTA6jl0" name="AddRemoveUpdateProductpage" messageKind="complete" messageSort="synchCall" sendEvent="EAID_FR0000017_D892_423c_850E_KeeHJSVZUyE2" receiveEvent="EAID_FR0000013_D892_423c_850E_iZfKDtlBUrmf"/>
<message xmi:type="uml:Message" xmi:id="EAID_049D1FF1_0B97_41fb_AC69_41AFI77jqNao" name="AddRemoveUpdateProductfromshoppingcart" messageKind="complete" messageSort="synchCall" sendEvent="EAID_FR0000013_D892_423c_850E_iZfKDtlBUrmf" receiveEvent="EAID_FR0000013_D892_423c_850E_iZfKDtlBUrmf"/>
<message xmi:type="uml:Message" xmi:id="EAID_049D1FF1_0B97_41fb_AC69_41AFuDuaPEmW" name="Productdb" messageKind="complete" messageSort="synchCall" sendEvent="EAID_FR0000013_D892_423c_850E_iZfKDtlBUrmf" receiveEvent="EAID_FR0000013_D892_423c_850E_iZfKDtlBUrmf"/>
<message xmi:type="uml:Message" xmi:id="EAID_049D1FF1_0B97_41fb_AC69_41AF5uODGXWO" name="Homepage" messageKind="complete" messageSort="synchCall" sendEvent="EAID_FR0000017_D892_423c_850E_KeeHJSVZUyE2" receiveEvent="EAID_FR0000017_D892_423c_850E_KeeHJSVZUyE2"/>
<message xmi:type="uml:Message" xmi:id="EAID_049D1FF1_0B97_41fb_AC69_41AFqFsUaYJd" name="Homepage" messageKind="complete" messageSort="synchCall" sendEvent="EAID_FR0000016_D892_423c_850E_MupltB07M2Mx" receiveEvent="EAID_FR0000017_D892_423c_850E_KeeHJSVZUyE2"/>
</ownedBehavior>
<ownedAttribute xmi:type="uml:Property" xmi:id="EAID_AT000000_D892_423c_850E_iZfKDtlBUrmf"/>
<ownedAttribute xmi:type="uml:Property" xmi:id="EAID_AT000000_D892_423c_850E_KeeHJSVZUyE2"/>
<ownedAttribute xmi:type="uml:Property" xmi:id="EAID_AT000000_D892_423c_850E_8109476FDED0">
<type xmi:idref="EAID_9977D5D6_D839_4e85_9EF1_hTYRFilV2BSv"/>
					</ownedAttribute>
				</nestedClassifier>
			</packagedElement>
<packagedElement xmi:type="uml:Actor" xmi:id="EAID_9977D5D6_D839_4e85_9EF1_hTYRFilV2BSv" name="User" visibility="public"/>

<packagedElement xmi:type="uml:UseCase" xmi:id="EAID_586BCAF6_15CB_4a03_81A9_fX5kyNcwaZRe" name="Add Users3" visibility="public">
<nestedClassifier xmi:type="uml:Collaboration" xmi:id="EAID_CB000000_AF6_15CB_4a03_81A9_JKbMD0coY4a" name="EA_Collaboration3" visibility="public">
<ownedBehavior xmi:type="uml:Interaction" xmi:id="EAID_IN000000_AF6_15CB_4a03_81A9_vLMbk5PaWhf" name="EA_Interaction3" visibility="public">
<lifeline xmi:type="uml:Lifeline" xmi:id="EAID_LL000000_D892_423c_850E_KeeHJSVZUyE2" name="User" visibility="public" represents="EAID_AT000000_D892_423c_850E_8109476FDED0"/>
<lifeline xmi:type="uml:Lifeline" xmi:id="EAID_7183D05E_D892_423c_850E_hKHfe0E2nOiA" name="Showconfirmationpage" visibility="public" represents="EAID_AT000000_D892_423c_850E_hKHfe0E2nOiA"/>
<lifeline xmi:type="uml:Lifeline" xmi:id="EAID_7183D05E_D892_423c_850E_APM0gxPkb8Og" name="Blog Comment" visibility="public" represents="EAID_AT000000_D892_423c_850E_APM0gxPkb8Og"/>
<fragment xmi:type="uml:OccurrenceSpecification" xmi:id="EAID_FR000002_D892_423c_850E_KeeHJSVZUyE2" covered="EAID_LL000000_D892_423c_850E_KeeHJSVZUyE2"/>
<fragment xmi:type="uml:OccurrenceSpecification" xmi:id="EAID_FR000003_D892_423c_850E_hKHfe0E2nOiA" covered="EAID_7183D05E_D892_423c_850E_hKHfe0E2nOiA"/>
<fragment xmi:type="uml:OccurrenceSpecification" xmi:id="EAID_FR000004_D892_423c_850E_KeeHJSVZUyE2" covered="EAID_LL000000_D892_423c_850E_KeeHJSVZUyE2"/>
<fragment xmi:type="uml:OccurrenceSpecification" xmi:id="EAID_FR000005_D892_423c_850E_APM0gxPkb8Og" covered="EAID_7183D05E_D892_423c_850E_APM0gxPkb8Og"/>
<fragment xmi:type="uml:OccurrenceSpecification" xmi:id="EAID_FR000006_D892_423c_850E_APM0gxPkb8Og" covered="EAID_7183D05E_D892_423c_850E_APM0gxPkb8Og"/>
<fragment xmi:type="uml:OccurrenceSpecification" xmi:id="EAID_FR000007_D892_423c_850E_APM0gxPkb8Og" covered="EAID_7183D05E_D892_423c_850E_APM0gxPkb8Og"/>
<fragment xmi:type="uml:OccurrenceSpecification" xmi:id="EAID_FR000008_D892_423c_850E_APM0gxPkb8Og" covered="EAID_7183D05E_D892_423c_850E_APM0gxPkb8Og"/>
<fragment xmi:type="uml:OccurrenceSpecification" xmi:id="EAID_FR000009_D892_423c_850E_hKHfe0E2nOiA" covered="EAID_7183D05E_D892_423c_850E_hKHfe0E2nOiA"/>
<fragment xmi:type="uml:OccurrenceSpecification" xmi:id="EAID_FR0000010_D892_423c_850E_hKHfe0E2nOiA" covered="EAID_7183D05E_D892_423c_850E_hKHfe0E2nOiA"/>
<fragment xmi:type="uml:OccurrenceSpecification" xmi:id="EAID_FR0000011_D892_423c_850E_hKHfe0E2nOiA" covered="EAID_7183D05E_D892_423c_850E_hKHfe0E2nOiA"/>
<fragment xmi:type="uml:OccurrenceSpecification" xmi:id="EAID_FR0000012_D892_423c_850E_hKHfe0E2nOiA" covered="EAID_7183D05E_D892_423c_850E_hKHfe0E2nOiA"/>
<fragment xmi:type="uml:OccurrenceSpecification" xmi:id="EAID_FR0000013_D892_423c_850E_APM0gxPkb8Og" covered="EAID_7183D05E_D892_423c_850E_APM0gxPkb8Og"/>
<fragment xmi:type="uml:OccurrenceSpecification" xmi:id="EAID_FR0000014_D892_423c_850E_APM0gxPkb8Og" covered="EAID_7183D05E_D892_423c_850E_APM0gxPkb8Og"/>
<fragment xmi:type="uml:OccurrenceSpecification" xmi:id="EAID_FR0000015_D892_423c_850E_APM0gxPkb8Og" covered="EAID_7183D05E_D892_423c_850E_APM0gxPkb8Og"/>
<message xmi:type="uml:Message" xmi:id="EAID_049D1FF1_0B97_41fb_AC69_41AFfdhgtbWg" name="Homepage" messageKind="complete" messageSort="synchCall" sendEvent="EAID_FR000004_D892_423c_850E_KeeHJSVZUyE2" receiveEvent="EAID_FR0000012_D892_423c_850E_hKHfe0E2nOiA"/>
<message xmi:type="uml:Message" xmi:id="EAID_049D1FF1_0B97_41fb_AC69_41AFuKzgafQE" name="Writeablogcommnetpage" messageKind="complete" messageSort="synchCall" sendEvent="EAID_FR000004_D892_423c_850E_KeeHJSVZUyE2" receiveEvent="EAID_FR0000015_D892_423c_850E_APM0gxPkb8Og"/>
<message xmi:type="uml:Message" xmi:id="EAID_049D1FF1_0B97_41fb_AC69_41AFSlYVdFjG" name="Entersnameemailandcomment" messageKind="complete" messageSort="synchCall" sendEvent="EAID_FR0000015_D892_423c_850E_APM0gxPkb8Og" receiveEvent="EAID_FR0000015_D892_423c_850E_APM0gxPkb8Og"/>
<message xmi:type="uml:Message" xmi:id="EAID_049D1FF1_0B97_41fb_AC69_41AF0ySEUt1V" name="Showconfirmationpage" messageKind="complete" messageSort="synchCall" sendEvent="EAID_FR0000015_D892_423c_850E_APM0gxPkb8Og" receiveEvent="EAID_FR0000012_D892_423c_850E_hKHfe0E2nOiA"/>
<message xmi:type="uml:Message" xmi:id="EAID_049D1FF1_0B97_41fb_AC69_41AFKDNXDYma" name="Homepage" messageKind="complete" messageSort="synchCall" sendEvent="EAID_FR0000012_D892_423c_850E_hKHfe0E2nOiA" receiveEvent="EAID_FR0000012_D892_423c_850E_hKHfe0E2nOiA"/>
<message xmi:type="uml:Message" xmi:id="EAID_049D1FF1_0B97_41fb_AC69_41AFna0MMFa3" name="Writeablogcommnetpage" messageKind="complete" messageSort="synchCall" sendEvent="EAID_FR0000012_D892_423c_850E_hKHfe0E2nOiA" receiveEvent="EAID_FR0000015_D892_423c_850E_APM0gxPkb8Og"/>
<message xmi:type="uml:Message" xmi:id="EAID_049D1FF1_0B97_41fb_AC69_41AFCxe2qUlo" name="Entersnameemailandcomment" messageKind="complete" messageSort="synchCall" sendEvent="EAID_FR0000015_D892_423c_850E_APM0gxPkb8Og" receiveEvent="EAID_FR0000015_D892_423c_850E_APM0gxPkb8Og"/>
</ownedBehavior>
<ownedAttribute xmi:type="uml:Property" xmi:id="EAID_AT000000_D892_423c_850E_hKHfe0E2nOiA"/>
<ownedAttribute xmi:type="uml:Property" xmi:id="EAID_AT000000_D892_423c_850E_APM0gxPkb8Og"/>
<ownedAttribute xmi:type="uml:Property" xmi:id="EAID_AT000000_D892_423c_850E_8109476FDED0">
<type xmi:idref="EAID_9977D5D6_D839_4e85_9EF1_8UDzHeDwp93S"/>
					</ownedAttribute>
				</nestedClassifier>
			</packagedElement>
<packagedElement xmi:type="uml:Actor" xmi:id="EAID_9977D5D6_D839_4e85_9EF1_8UDzHeDwp93S" name="User" visibility="public"/>

<packagedElement xmi:type="uml:UseCase" xmi:id="EAID_586BCAF6_15CB_4a03_81A9_QWMI92xAyN9M" name="Add Users4" visibility="public">
<nestedClassifier xmi:type="uml:Collaboration" xmi:id="EAID_CB000000_AF6_15CB_4a03_81A9_oRueliPkyGR" name="EA_Collaboration4" visibility="public">
<ownedBehavior xmi:type="uml:Interaction" xmi:id="EAID_IN000000_AF6_15CB_4a03_81A9_AoNjrIW1Rkc" name="EA_Interaction4" visibility="public">
<lifeline xmi:type="uml:Lifeline" xmi:id="EAID_LL000000_D892_423c_850E_APM0gxPkb8Og" name="User" visibility="public" represents="EAID_AT000000_D892_423c_850E_8109476FDED0"/>
<lifeline xmi:type="uml:Lifeline" xmi:id="EAID_7183D05E_D892_423c_850E_1E9rVosimrrs" name="Showconfirmationpage" visibility="public" represents="EAID_AT000000_D892_423c_850E_1E9rVosimrrs"/>
<lifeline xmi:type="uml:Lifeline" xmi:id="EAID_7183D05E_D892_423c_850E_CYSvSjqCr7bP" name="Blog Entry" visibility="public" represents="EAID_AT000000_D892_423c_850E_CYSvSjqCr7bP"/>
<fragment xmi:type="uml:OccurrenceSpecification" xmi:id="EAID_FR000002_D892_423c_850E_APM0gxPkb8Og" covered="EAID_LL000000_D892_423c_850E_APM0gxPkb8Og"/>
<fragment xmi:type="uml:OccurrenceSpecification" xmi:id="EAID_FR000003_D892_423c_850E_1E9rVosimrrs" covered="EAID_7183D05E_D892_423c_850E_1E9rVosimrrs"/>
<fragment xmi:type="uml:OccurrenceSpecification" xmi:id="EAID_FR000004_D892_423c_850E_APM0gxPkb8Og" covered="EAID_LL000000_D892_423c_850E_APM0gxPkb8Og"/>
<fragment xmi:type="uml:OccurrenceSpecification" xmi:id="EAID_FR000005_D892_423c_850E_CYSvSjqCr7bP" covered="EAID_7183D05E_D892_423c_850E_CYSvSjqCr7bP"/>
<fragment xmi:type="uml:OccurrenceSpecification" xmi:id="EAID_FR000006_D892_423c_850E_CYSvSjqCr7bP" covered="EAID_7183D05E_D892_423c_850E_CYSvSjqCr7bP"/>
<fragment xmi:type="uml:OccurrenceSpecification" xmi:id="EAID_FR000007_D892_423c_850E_CYSvSjqCr7bP" covered="EAID_7183D05E_D892_423c_850E_CYSvSjqCr7bP"/>
<fragment xmi:type="uml:OccurrenceSpecification" xmi:id="EAID_FR000008_D892_423c_850E_CYSvSjqCr7bP" covered="EAID_7183D05E_D892_423c_850E_CYSvSjqCr7bP"/>
<fragment xmi:type="uml:OccurrenceSpecification" xmi:id="EAID_FR000009_D892_423c_850E_CYSvSjqCr7bP" covered="EAID_7183D05E_D892_423c_850E_CYSvSjqCr7bP"/>
<fragment xmi:type="uml:OccurrenceSpecification" xmi:id="EAID_FR0000010_D892_423c_850E_CYSvSjqCr7bP" covered="EAID_7183D05E_D892_423c_850E_CYSvSjqCr7bP"/>
<fragment xmi:type="uml:OccurrenceSpecification" xmi:id="EAID_FR0000011_D892_423c_850E_1E9rVosimrrs" covered="EAID_7183D05E_D892_423c_850E_1E9rVosimrrs"/>
<fragment xmi:type="uml:OccurrenceSpecification" xmi:id="EAID_FR0000012_D892_423c_850E_1E9rVosimrrs" covered="EAID_7183D05E_D892_423c_850E_1E9rVosimrrs"/>
<fragment xmi:type="uml:OccurrenceSpecification" xmi:id="EAID_FR0000013_D892_423c_850E_1E9rVosimrrs" covered="EAID_7183D05E_D892_423c_850E_1E9rVosimrrs"/>
<fragment xmi:type="uml:OccurrenceSpecification" xmi:id="EAID_FR0000014_D892_423c_850E_1E9rVosimrrs" covered="EAID_7183D05E_D892_423c_850E_1E9rVosimrrs"/>
<fragment xmi:type="uml:OccurrenceSpecification" xmi:id="EAID_FR0000015_D892_423c_850E_CYSvSjqCr7bP" covered="EAID_7183D05E_D892_423c_850E_CYSvSjqCr7bP"/>
<fragment xmi:type="uml:OccurrenceSpecification" xmi:id="EAID_FR0000016_D892_423c_850E_CYSvSjqCr7bP" covered="EAID_7183D05E_D892_423c_850E_CYSvSjqCr7bP"/>
<fragment xmi:type="uml:OccurrenceSpecification" xmi:id="EAID_FR0000017_D892_423c_850E_CYSvSjqCr7bP" covered="EAID_7183D05E_D892_423c_850E_CYSvSjqCr7bP"/>
<message xmi:type="uml:Message" xmi:id="EAID_049D1FF1_0B97_41fb_AC69_41AFh2z4f5eB" name="Homepage" messageKind="complete" messageSort="synchCall" sendEvent="EAID_FR000004_D892_423c_850E_APM0gxPkb8Og" receiveEvent="EAID_FR0000014_D892_423c_850E_1E9rVosimrrs"/>
<message xmi:type="uml:Message" xmi:id="EAID_049D1FF1_0B97_41fb_AC69_41AFoL3vDgtQ" name="Maintainblogpage" messageKind="complete" messageSort="synchCall" sendEvent="EAID_FR000004_D892_423c_850E_APM0gxPkb8Og" receiveEvent="EAID_FR0000017_D892_423c_850E_CYSvSjqCr7bP"/>
<message xmi:type="uml:Message" xmi:id="EAID_049D1FF1_0B97_41fb_AC69_41AFpeFZad4G" name="Manageablog" messageKind="complete" messageSort="synchCall" sendEvent="EAID_FR0000017_D892_423c_850E_CYSvSjqCr7bP" receiveEvent="EAID_FR0000017_D892_423c_850E_CYSvSjqCr7bP"/>
<message xmi:type="uml:Message" xmi:id="EAID_049D1FF1_0B97_41fb_AC69_41AFGHuNC5xc" name="Blogdb" messageKind="complete" messageSort="synchCall" sendEvent="EAID_FR0000017_D892_423c_850E_CYSvSjqCr7bP" receiveEvent="EAID_FR0000017_D892_423c_850E_CYSvSjqCr7bP"/>
<message xmi:type="uml:Message" xmi:id="EAID_049D1FF1_0B97_41fb_AC69_41AFcnASbF8i" name="Showconfirmationpage" messageKind="complete" messageSort="synchCall" sendEvent="EAID_FR0000017_D892_423c_850E_CYSvSjqCr7bP" receiveEvent="EAID_FR0000014_D892_423c_850E_1E9rVosimrrs"/>
<message xmi:type="uml:Message" xmi:id="EAID_049D1FF1_0B97_41fb_AC69_41AFLyurppZ3" name="Homepage" messageKind="complete" messageSort="synchCall" sendEvent="EAID_FR0000014_D892_423c_850E_1E9rVosimrrs" receiveEvent="EAID_FR0000014_D892_423c_850E_1E9rVosimrrs"/>
<message xmi:type="uml:Message" xmi:id="EAID_049D1FF1_0B97_41fb_AC69_41AFWT0DdeWe" name="Maintainblogpage" messageKind="complete" messageSort="synchCall" sendEvent="EAID_FR0000014_D892_423c_850E_1E9rVosimrrs" receiveEvent="EAID_FR0000017_D892_423c_850E_CYSvSjqCr7bP"/>
<message xmi:type="uml:Message" xmi:id="EAID_049D1FF1_0B97_41fb_AC69_41AFwmZEqKiL" name="Manageablog" messageKind="complete" messageSort="synchCall" sendEvent="EAID_FR0000017_D892_423c_850E_CYSvSjqCr7bP" receiveEvent="EAID_FR0000017_D892_423c_850E_CYSvSjqCr7bP"/>
</ownedBehavior>
<ownedAttribute xmi:type="uml:Property" xmi:id="EAID_AT000000_D892_423c_850E_1E9rVosimrrs"/>
<ownedAttribute xmi:type="uml:Property" xmi:id="EAID_AT000000_D892_423c_850E_CYSvSjqCr7bP"/>
<ownedAttribute xmi:type="uml:Property" xmi:id="EAID_AT000000_D892_423c_850E_8109476FDED0">
<type xmi:idref="EAID_9977D5D6_D839_4e85_9EF1_xOqGywJOAsd6"/>
					</ownedAttribute>
				</nestedClassifier>
			</packagedElement>
<packagedElement xmi:type="uml:Actor" xmi:id="EAID_9977D5D6_D839_4e85_9EF1_xOqGywJOAsd6" name="User" visibility="public"/>

<packagedElement xmi:type="uml:UseCase" xmi:id="EAID_586BCAF6_15CB_4a03_81A9_hmmgrppAaLm7" name="Add Users5" visibility="public">
<nestedClassifier xmi:type="uml:Collaboration" xmi:id="EAID_CB000000_AF6_15CB_4a03_81A9_RKp08v46vl9" name="EA_Collaboration5" visibility="public">
<ownedBehavior xmi:type="uml:Interaction" xmi:id="EAID_IN000000_AF6_15CB_4a03_81A9_qCNHJuSSQSi" name="EA_Interaction5" visibility="public">
<lifeline xmi:type="uml:Lifeline" xmi:id="EAID_LL000000_D892_423c_850E_CYSvSjqCr7bP" name="User" visibility="public" represents="EAID_AT000000_D892_423c_850E_8109476FDED0"/>
<lifeline xmi:type="uml:Lifeline" xmi:id="EAID_7183D05E_D892_423c_850E_B8OEBDzyqQ9K" name="Product" visibility="public" represents="EAID_AT000000_D892_423c_850E_B8OEBDzyqQ9K"/>
<lifeline xmi:type="uml:Lifeline" xmi:id="EAID_7183D05E_D892_423c_850E_ZDkwcpl6J7Ey" name="Showconfirmationpage" visibility="public" represents="EAID_AT000000_D892_423c_850E_ZDkwcpl6J7Ey"/>
<lifeline xmi:type="uml:Lifeline" xmi:id="EAID_7183D05E_D892_423c_850E_7xspt5svqXUZ" name="Updatesocialmedia" visibility="public" represents="EAID_AT000000_D892_423c_850E_7xspt5svqXUZ"/>
<fragment xmi:type="uml:OccurrenceSpecification" xmi:id="EAID_FR000002_D892_423c_850E_CYSvSjqCr7bP" covered="EAID_LL000000_D892_423c_850E_CYSvSjqCr7bP"/>
<fragment xmi:type="uml:OccurrenceSpecification" xmi:id="EAID_FR000003_D892_423c_850E_B8OEBDzyqQ9K" covered="EAID_7183D05E_D892_423c_850E_B8OEBDzyqQ9K"/>
<fragment xmi:type="uml:OccurrenceSpecification" xmi:id="EAID_FR000004_D892_423c_850E_B8OEBDzyqQ9K" covered="EAID_7183D05E_D892_423c_850E_B8OEBDzyqQ9K"/>
<fragment xmi:type="uml:OccurrenceSpecification" xmi:id="EAID_FR000005_D892_423c_850E_B8OEBDzyqQ9K" covered="EAID_7183D05E_D892_423c_850E_B8OEBDzyqQ9K"/>
<fragment xmi:type="uml:OccurrenceSpecification" xmi:id="EAID_FR000006_D892_423c_850E_B8OEBDzyqQ9K" covered="EAID_7183D05E_D892_423c_850E_B8OEBDzyqQ9K"/>
<fragment xmi:type="uml:OccurrenceSpecification" xmi:id="EAID_FR000007_D892_423c_850E_7xspt5svqXUZ" covered="EAID_7183D05E_D892_423c_850E_7xspt5svqXUZ"/>
<fragment xmi:type="uml:OccurrenceSpecification" xmi:id="EAID_FR000008_D892_423c_850E_B8OEBDzyqQ9K" covered="EAID_7183D05E_D892_423c_850E_B8OEBDzyqQ9K"/>
<fragment xmi:type="uml:OccurrenceSpecification" xmi:id="EAID_FR000009_D892_423c_850E_ZDkwcpl6J7Ey" covered="EAID_7183D05E_D892_423c_850E_ZDkwcpl6J7Ey"/>
<fragment xmi:type="uml:OccurrenceSpecification" xmi:id="EAID_FR0000010_D892_423c_850E_ZDkwcpl6J7Ey" covered="EAID_7183D05E_D892_423c_850E_ZDkwcpl6J7Ey"/>
<fragment xmi:type="uml:OccurrenceSpecification" xmi:id="EAID_FR0000011_D892_423c_850E_ZDkwcpl6J7Ey" covered="EAID_7183D05E_D892_423c_850E_ZDkwcpl6J7Ey"/>
<fragment xmi:type="uml:OccurrenceSpecification" xmi:id="EAID_FR0000012_D892_423c_850E_ZDkwcpl6J7Ey" covered="EAID_7183D05E_D892_423c_850E_ZDkwcpl6J7Ey"/>
<fragment xmi:type="uml:OccurrenceSpecification" xmi:id="EAID_FR0000013_D892_423c_850E_B8OEBDzyqQ9K" covered="EAID_7183D05E_D892_423c_850E_B8OEBDzyqQ9K"/>
<fragment xmi:type="uml:OccurrenceSpecification" xmi:id="EAID_FR0000014_D892_423c_850E_B8OEBDzyqQ9K" covered="EAID_7183D05E_D892_423c_850E_B8OEBDzyqQ9K"/>
<fragment xmi:type="uml:OccurrenceSpecification" xmi:id="EAID_FR0000015_D892_423c_850E_B8OEBDzyqQ9K" covered="EAID_7183D05E_D892_423c_850E_B8OEBDzyqQ9K"/>
<fragment xmi:type="uml:OccurrenceSpecification" xmi:id="EAID_FR0000016_D892_423c_850E_CYSvSjqCr7bP" covered="EAID_LL000000_D892_423c_850E_CYSvSjqCr7bP"/>
<fragment xmi:type="uml:OccurrenceSpecification" xmi:id="EAID_FR0000017_D892_423c_850E_ZDkwcpl6J7Ey" covered="EAID_7183D05E_D892_423c_850E_ZDkwcpl6J7Ey"/>
<message xmi:type="uml:Message" xmi:id="EAID_049D1FF1_0B97_41fb_AC69_41AFTaYKa28p" name="Productwebpage" messageKind="complete" messageSort="synchCall" sendEvent="EAID_FR0000016_D892_423c_850E_CYSvSjqCr7bP" receiveEvent="EAID_FR0000015_D892_423c_850E_B8OEBDzyqQ9K"/>
<message xmi:type="uml:Message" xmi:id="EAID_049D1FF1_0B97_41fb_AC69_41AF9UBv6m5g" name="Purchaseaproduct" messageKind="complete" messageSort="synchCall" sendEvent="EAID_FR0000015_D892_423c_850E_B8OEBDzyqQ9K" receiveEvent="EAID_FR0000015_D892_423c_850E_B8OEBDzyqQ9K"/>
<message xmi:type="uml:Message" xmi:id="EAID_049D1FF1_0B97_41fb_AC69_41AFHUeNXl0d" name="Socialmediadb" messageKind="complete" messageSort="synchCall" sendEvent="EAID_FR0000015_D892_423c_850E_B8OEBDzyqQ9K" receiveEvent="EAID_FR000007_D892_423c_850E_7xspt5svqXUZ"/>
<message xmi:type="uml:Message" xmi:id="EAID_049D1FF1_0B97_41fb_AC69_41AF0jYRbNCZ" name="Showconfirmationpage" messageKind="complete" messageSort="synchCall" sendEvent="EAID_FR0000015_D892_423c_850E_B8OEBDzyqQ9K" receiveEvent="EAID_FR0000017_D892_423c_850E_ZDkwcpl6J7Ey"/>
<message xmi:type="uml:Message" xmi:id="EAID_049D1FF1_0B97_41fb_AC69_41AFJuxwBgkG" name="Homepage" messageKind="complete" messageSort="synchCall" sendEvent="EAID_FR0000017_D892_423c_850E_ZDkwcpl6J7Ey" receiveEvent="EAID_FR0000017_D892_423c_850E_ZDkwcpl6J7Ey"/>
<message xmi:type="uml:Message" xmi:id="EAID_049D1FF1_0B97_41fb_AC69_41AF2oaxJ1Y4" name="Productwebpage" messageKind="complete" messageSort="synchCall" sendEvent="EAID_FR0000017_D892_423c_850E_ZDkwcpl6J7Ey" receiveEvent="EAID_FR0000015_D892_423c_850E_B8OEBDzyqQ9K"/>
<message xmi:type="uml:Message" xmi:id="EAID_049D1FF1_0B97_41fb_AC69_41AFLOcEqTwJ" name="Purchaseaproduct" messageKind="complete" messageSort="synchCall" sendEvent="EAID_FR0000015_D892_423c_850E_B8OEBDzyqQ9K" receiveEvent="EAID_FR0000015_D892_423c_850E_B8OEBDzyqQ9K"/>
<message xmi:type="uml:Message" xmi:id="EAID_049D1FF1_0B97_41fb_AC69_41AFnhxgPS19" name="Homepage" messageKind="complete" messageSort="synchCall" sendEvent="EAID_FR0000016_D892_423c_850E_CYSvSjqCr7bP" receiveEvent="EAID_FR0000017_D892_423c_850E_ZDkwcpl6J7Ey"/>
</ownedBehavior>
<ownedAttribute xmi:type="uml:Property" xmi:id="EAID_AT000000_D892_423c_850E_B8OEBDzyqQ9K"/>
<ownedAttribute xmi:type="uml:Property" xmi:id="EAID_AT000000_D892_423c_850E_ZDkwcpl6J7Ey"/>
<ownedAttribute xmi:type="uml:Property" xmi:id="EAID_AT000000_D892_423c_850E_7xspt5svqXUZ"/>
<ownedAttribute xmi:type="uml:Property" xmi:id="EAID_AT000000_D892_423c_850E_8109476FDED0">
<type xmi:idref="EAID_9977D5D6_D839_4e85_9EF1_pCZ69nuXThkv"/>
					</ownedAttribute>
				</nestedClassifier>
			</packagedElement>
<packagedElement xmi:type="uml:Actor" xmi:id="EAID_9977D5D6_D839_4e85_9EF1_pCZ69nuXThkv" name="User" visibility="public"/>

<packagedElement xmi:type="uml:UseCase" xmi:id="EAID_586BCAF6_15CB_4a03_81A9_YoZGMesOsI5m" name="Add Users6" visibility="public">
<nestedClassifier xmi:type="uml:Collaboration" xmi:id="EAID_CB000000_AF6_15CB_4a03_81A9_hD17fKcE9xL" name="EA_Collaboration6" visibility="public">
<ownedBehavior xmi:type="uml:Interaction" xmi:id="EAID_IN000000_AF6_15CB_4a03_81A9_b7a9fANz9mV" name="EA_Interaction6" visibility="public">
<lifeline xmi:type="uml:Lifeline" xmi:id="EAID_LL000000_D892_423c_850E_7xspt5svqXUZ" name="User" visibility="public" represents="EAID_AT000000_D892_423c_850E_8109476FDED0"/>
<lifeline xmi:type="uml:Lifeline" xmi:id="EAID_7183D05E_D892_423c_850E_t5yTkoOCUK3Y" name="Administrator" visibility="public" represents="EAID_AT000000_D892_423c_850E_t5yTkoOCUK3Y"/>
<lifeline xmi:type="uml:Lifeline" xmi:id="EAID_7183D05E_D892_423c_850E_1SpTP5dI18wb" name="Showconfirmationpage" visibility="public" represents="EAID_AT000000_D892_423c_850E_1SpTP5dI18wb"/>
<fragment xmi:type="uml:OccurrenceSpecification" xmi:id="EAID_FR000002_D892_423c_850E_7xspt5svqXUZ" covered="EAID_LL000000_D892_423c_850E_7xspt5svqXUZ"/>
<fragment xmi:type="uml:OccurrenceSpecification" xmi:id="EAID_FR000003_D892_423c_850E_t5yTkoOCUK3Y" covered="EAID_7183D05E_D892_423c_850E_t5yTkoOCUK3Y"/>
<fragment xmi:type="uml:OccurrenceSpecification" xmi:id="EAID_FR000004_D892_423c_850E_t5yTkoOCUK3Y" covered="EAID_7183D05E_D892_423c_850E_t5yTkoOCUK3Y"/>
<fragment xmi:type="uml:OccurrenceSpecification" xmi:id="EAID_FR000005_D892_423c_850E_1SpTP5dI18wb" covered="EAID_7183D05E_D892_423c_850E_1SpTP5dI18wb"/>
<fragment xmi:type="uml:OccurrenceSpecification" xmi:id="EAID_FR000006_D892_423c_850E_1SpTP5dI18wb" covered="EAID_7183D05E_D892_423c_850E_1SpTP5dI18wb"/>
<fragment xmi:type="uml:OccurrenceSpecification" xmi:id="EAID_FR000007_D892_423c_850E_t5yTkoOCUK3Y" covered="EAID_7183D05E_D892_423c_850E_t5yTkoOCUK3Y"/>
<fragment xmi:type="uml:OccurrenceSpecification" xmi:id="EAID_FR000008_D892_423c_850E_1SpTP5dI18wb" covered="EAID_7183D05E_D892_423c_850E_1SpTP5dI18wb"/>
<fragment xmi:type="uml:OccurrenceSpecification" xmi:id="EAID_FR000009_D892_423c_850E_1SpTP5dI18wb" covered="EAID_7183D05E_D892_423c_850E_1SpTP5dI18wb"/>
<fragment xmi:type="uml:OccurrenceSpecification" xmi:id="EAID_FR0000010_D892_423c_850E_1SpTP5dI18wb" covered="EAID_7183D05E_D892_423c_850E_1SpTP5dI18wb"/>
<fragment xmi:type="uml:OccurrenceSpecification" xmi:id="EAID_FR0000011_D892_423c_850E_t5yTkoOCUK3Y" covered="EAID_7183D05E_D892_423c_850E_t5yTkoOCUK3Y"/>
<fragment xmi:type="uml:OccurrenceSpecification" xmi:id="EAID_FR0000012_D892_423c_850E_t5yTkoOCUK3Y" covered="EAID_7183D05E_D892_423c_850E_t5yTkoOCUK3Y"/>
<fragment xmi:type="uml:OccurrenceSpecification" xmi:id="EAID_FR0000013_D892_423c_850E_1SpTP5dI18wb" covered="EAID_7183D05E_D892_423c_850E_1SpTP5dI18wb"/>
<fragment xmi:type="uml:OccurrenceSpecification" xmi:id="EAID_FR0000014_D892_423c_850E_1SpTP5dI18wb" covered="EAID_7183D05E_D892_423c_850E_1SpTP5dI18wb"/>
<fragment xmi:type="uml:OccurrenceSpecification" xmi:id="EAID_FR0000015_D892_423c_850E_1SpTP5dI18wb" covered="EAID_7183D05E_D892_423c_850E_1SpTP5dI18wb"/>
<fragment xmi:type="uml:OccurrenceSpecification" xmi:id="EAID_FR0000016_D892_423c_850E_7xspt5svqXUZ" covered="EAID_LL000000_D892_423c_850E_7xspt5svqXUZ"/>
<fragment xmi:type="uml:OccurrenceSpecification" xmi:id="EAID_FR0000017_D892_423c_850E_1SpTP5dI18wb" covered="EAID_7183D05E_D892_423c_850E_1SpTP5dI18wb"/>
<message xmi:type="uml:Message" xmi:id="EAID_049D1FF1_0B97_41fb_AC69_41AFgZl1Kjv2" name="Contacttheadminpage" messageKind="complete" messageSort="synchCall" sendEvent="EAID_FR0000016_D892_423c_850E_7xspt5svqXUZ" receiveEvent="EAID_FR0000012_D892_423c_850E_t5yTkoOCUK3Y"/>
<message xmi:type="uml:Message" xmi:id="EAID_049D1FF1_0B97_41fb_AC69_41AFWT00u443" name="Chooseacontactform" messageKind="complete" messageSort="synchCall" sendEvent="EAID_FR0000012_D892_423c_850E_t5yTkoOCUK3Y" receiveEvent="EAID_FR0000017_D892_423c_850E_1SpTP5dI18wb"/>
<message xmi:type="uml:Message" xmi:id="EAID_049D1FF1_0B97_41fb_AC69_41AFtO6xYucP" name="Admindb" messageKind="complete" messageSort="synchCall" sendEvent="EAID_FR0000017_D892_423c_850E_1SpTP5dI18wb" receiveEvent="EAID_FR0000012_D892_423c_850E_t5yTkoOCUK3Y"/>
<message xmi:type="uml:Message" xmi:id="EAID_049D1FF1_0B97_41fb_AC69_41AFuvhfqy2R" name="Showconfirmationpage" messageKind="complete" messageSort="synchCall" sendEvent="EAID_FR0000017_D892_423c_850E_1SpTP5dI18wb" receiveEvent="EAID_FR0000017_D892_423c_850E_1SpTP5dI18wb"/>
<message xmi:type="uml:Message" xmi:id="EAID_049D1FF1_0B97_41fb_AC69_41AFXoKEZWwg" name="Contacttheadminpage" messageKind="complete" messageSort="synchCall" sendEvent="EAID_FR0000017_D892_423c_850E_1SpTP5dI18wb" receiveEvent="EAID_FR0000012_D892_423c_850E_t5yTkoOCUK3Y"/>
<message xmi:type="uml:Message" xmi:id="EAID_049D1FF1_0B97_41fb_AC69_41AF0yKQGNvn" name="Chooseacontactform" messageKind="complete" messageSort="synchCall" sendEvent="EAID_FR0000012_D892_423c_850E_t5yTkoOCUK3Y" receiveEvent="EAID_FR0000017_D892_423c_850E_1SpTP5dI18wb"/>
<message xmi:type="uml:Message" xmi:id="EAID_049D1FF1_0B97_41fb_AC69_41AFPNuXjsWN" name="Homepage" messageKind="complete" messageSort="synchCall" sendEvent="EAID_FR0000017_D892_423c_850E_1SpTP5dI18wb" receiveEvent="EAID_FR0000017_D892_423c_850E_1SpTP5dI18wb"/>
<message xmi:type="uml:Message" xmi:id="EAID_049D1FF1_0B97_41fb_AC69_41AFOr87D9uq" name="Homepage" messageKind="complete" messageSort="synchCall" sendEvent="EAID_FR0000016_D892_423c_850E_7xspt5svqXUZ" receiveEvent="EAID_FR0000017_D892_423c_850E_1SpTP5dI18wb"/>
</ownedBehavior>
<ownedAttribute xmi:type="uml:Property" xmi:id="EAID_AT000000_D892_423c_850E_t5yTkoOCUK3Y"/>
<ownedAttribute xmi:type="uml:Property" xmi:id="EAID_AT000000_D892_423c_850E_1SpTP5dI18wb"/>
<ownedAttribute xmi:type="uml:Property" xmi:id="EAID_AT000000_D892_423c_850E_8109476FDED0">
<type xmi:idref="EAID_9977D5D6_D839_4e85_9EF1_5Mo5Vc2BeBxk"/>
					</ownedAttribute>
				</nestedClassifier>
			</packagedElement>
<packagedElement xmi:type="uml:Actor" xmi:id="EAID_9977D5D6_D839_4e85_9EF1_5Mo5Vc2BeBxk" name="User" visibility="public"/>

<packagedElement xmi:type="uml:UseCase" xmi:id="EAID_586BCAF6_15CB_4a03_81A9_bDShTckxXkcv" name="Add Users7" visibility="public">
<nestedClassifier xmi:type="uml:Collaboration" xmi:id="EAID_CB000000_AF6_15CB_4a03_81A9_hDAdUNDElF4" name="EA_Collaboration7" visibility="public">
<ownedBehavior xmi:type="uml:Interaction" xmi:id="EAID_IN000000_AF6_15CB_4a03_81A9_6ev8HDiHT3s" name="EA_Interaction7" visibility="public">
<lifeline xmi:type="uml:Lifeline" xmi:id="EAID_LL000000_D892_423c_850E_1SpTP5dI18wb" name="User" visibility="public" represents="EAID_AT000000_D892_423c_850E_8109476FDED0"/>
<lifeline xmi:type="uml:Lifeline" xmi:id="EAID_7183D05E_D892_423c_850E_nU3GosvyuqfX" name="Showconfirmationpage" visibility="public" represents="EAID_AT000000_D892_423c_850E_nU3GosvyuqfX"/>
<lifeline xmi:type="uml:Lifeline" xmi:id="EAID_7183D05E_D892_423c_850E_YjLcCdwkMG5k" name="Addnewpagespage" visibility="public" represents="EAID_AT000000_D892_423c_850E_YjLcCdwkMG5k"/>
<lifeline xmi:type="uml:Lifeline" xmi:id="EAID_7183D05E_D892_423c_850E_AS4xRPJTMRJy" name="Websitesdesignsdb" visibility="public" represents="EAID_AT000000_D892_423c_850E_AS4xRPJTMRJy"/>
<fragment xmi:type="uml:OccurrenceSpecification" xmi:id="EAID_FR000002_D892_423c_850E_1SpTP5dI18wb" covered="EAID_LL000000_D892_423c_850E_1SpTP5dI18wb"/>
<fragment xmi:type="uml:OccurrenceSpecification" xmi:id="EAID_FR000003_D892_423c_850E_nU3GosvyuqfX" covered="EAID_7183D05E_D892_423c_850E_nU3GosvyuqfX"/>
<fragment xmi:type="uml:OccurrenceSpecification" xmi:id="EAID_FR000004_D892_423c_850E_1SpTP5dI18wb" covered="EAID_LL000000_D892_423c_850E_1SpTP5dI18wb"/>
<fragment xmi:type="uml:OccurrenceSpecification" xmi:id="EAID_FR000005_D892_423c_850E_YjLcCdwkMG5k" covered="EAID_7183D05E_D892_423c_850E_YjLcCdwkMG5k"/>
<fragment xmi:type="uml:OccurrenceSpecification" xmi:id="EAID_FR000006_D892_423c_850E_YjLcCdwkMG5k" covered="EAID_7183D05E_D892_423c_850E_YjLcCdwkMG5k"/>
<fragment xmi:type="uml:OccurrenceSpecification" xmi:id="EAID_FR000007_D892_423c_850E_AS4xRPJTMRJy" covered="EAID_7183D05E_D892_423c_850E_AS4xRPJTMRJy"/>
<fragment xmi:type="uml:OccurrenceSpecification" xmi:id="EAID_FR000008_D892_423c_850E_AS4xRPJTMRJy" covered="EAID_7183D05E_D892_423c_850E_AS4xRPJTMRJy"/>
<fragment xmi:type="uml:OccurrenceSpecification" xmi:id="EAID_FR000009_D892_423c_850E_AS4xRPJTMRJy" covered="EAID_7183D05E_D892_423c_850E_AS4xRPJTMRJy"/>
<fragment xmi:type="uml:OccurrenceSpecification" xmi:id="EAID_FR0000010_D892_423c_850E_AS4xRPJTMRJy" covered="EAID_7183D05E_D892_423c_850E_AS4xRPJTMRJy"/>
<fragment xmi:type="uml:OccurrenceSpecification" xmi:id="EAID_FR0000011_D892_423c_850E_nU3GosvyuqfX" covered="EAID_7183D05E_D892_423c_850E_nU3GosvyuqfX"/>
<fragment xmi:type="uml:OccurrenceSpecification" xmi:id="EAID_FR0000012_D892_423c_850E_nU3GosvyuqfX" covered="EAID_7183D05E_D892_423c_850E_nU3GosvyuqfX"/>
<fragment xmi:type="uml:OccurrenceSpecification" xmi:id="EAID_FR0000013_D892_423c_850E_AS4xRPJTMRJy" covered="EAID_7183D05E_D892_423c_850E_AS4xRPJTMRJy"/>
<fragment xmi:type="uml:OccurrenceSpecification" xmi:id="EAID_FR0000014_D892_423c_850E_AS4xRPJTMRJy" covered="EAID_7183D05E_D892_423c_850E_AS4xRPJTMRJy"/>
<fragment xmi:type="uml:OccurrenceSpecification" xmi:id="EAID_FR0000015_D892_423c_850E_AS4xRPJTMRJy" covered="EAID_7183D05E_D892_423c_850E_AS4xRPJTMRJy"/>
<fragment xmi:type="uml:OccurrenceSpecification" xmi:id="EAID_FR0000016_D892_423c_850E_nU3GosvyuqfX" covered="EAID_7183D05E_D892_423c_850E_nU3GosvyuqfX"/>
<fragment xmi:type="uml:OccurrenceSpecification" xmi:id="EAID_FR0000017_D892_423c_850E_nU3GosvyuqfX" covered="EAID_7183D05E_D892_423c_850E_nU3GosvyuqfX"/>
<message xmi:type="uml:Message" xmi:id="EAID_049D1FF1_0B97_41fb_AC69_41AFGo7Gi1rD" name="Homepage" messageKind="complete" messageSort="synchCall" sendEvent="EAID_FR000004_D892_423c_850E_1SpTP5dI18wb" receiveEvent="EAID_FR0000017_D892_423c_850E_nU3GosvyuqfX"/>
<message xmi:type="uml:Message" xmi:id="EAID_049D1FF1_0B97_41fb_AC69_41AFblZW7nM6" name="Changewebsitedesignspage" messageKind="complete" messageSort="synchCall" sendEvent="EAID_FR000004_D892_423c_850E_1SpTP5dI18wb" receiveEvent="EAID_FR000006_D892_423c_850E_YjLcCdwkMG5k"/>
<message xmi:type="uml:Message" xmi:id="EAID_049D1FF1_0B97_41fb_AC69_41AF0fxgUheJ" name="Changewebsitedesigns" messageKind="complete" messageSort="synchCall" sendEvent="EAID_FR000006_D892_423c_850E_YjLcCdwkMG5k" receiveEvent="EAID_FR0000015_D892_423c_850E_AS4xRPJTMRJy"/>
<message xmi:type="uml:Message" xmi:id="EAID_049D1FF1_0B97_41fb_AC69_41AFIDIUAfR4" name="Websitesdesignsdb" messageKind="complete" messageSort="synchCall" sendEvent="EAID_FR0000015_D892_423c_850E_AS4xRPJTMRJy" receiveEvent="EAID_FR0000015_D892_423c_850E_AS4xRPJTMRJy"/>
<message xmi:type="uml:Message" xmi:id="EAID_049D1FF1_0B97_41fb_AC69_41AFjddDehBK" name="Showconfirmationpage" messageKind="complete" messageSort="synchCall" sendEvent="EAID_FR0000015_D892_423c_850E_AS4xRPJTMRJy" receiveEvent="EAID_FR0000017_D892_423c_850E_nU3GosvyuqfX"/>
<message xmi:type="uml:Message" xmi:id="EAID_049D1FF1_0B97_41fb_AC69_41AFAjPfGdbf" name="Changewebsitedesignspage" messageKind="complete" messageSort="synchCall" sendEvent="EAID_FR0000017_D892_423c_850E_nU3GosvyuqfX" receiveEvent="EAID_FR0000015_D892_423c_850E_AS4xRPJTMRJy"/>
<message xmi:type="uml:Message" xmi:id="EAID_049D1FF1_0B97_41fb_AC69_41AFmLntIqAe" name="Changewebsitedesigns" messageKind="complete" messageSort="synchCall" sendEvent="EAID_FR0000015_D892_423c_850E_AS4xRPJTMRJy" receiveEvent="EAID_FR0000015_D892_423c_850E_AS4xRPJTMRJy"/>
<message xmi:type="uml:Message" xmi:id="EAID_049D1FF1_0B97_41fb_AC69_41AFvbacvGVr" name="Homepage" messageKind="complete" messageSort="synchCall" sendEvent="EAID_FR0000017_D892_423c_850E_nU3GosvyuqfX" receiveEvent="EAID_FR0000017_D892_423c_850E_nU3GosvyuqfX"/>
</ownedBehavior>
<ownedAttribute xmi:type="uml:Property" xmi:id="EAID_AT000000_D892_423c_850E_nU3GosvyuqfX"/>
<ownedAttribute xmi:type="uml:Property" xmi:id="EAID_AT000000_D892_423c_850E_YjLcCdwkMG5k"/>
<ownedAttribute xmi:type="uml:Property" xmi:id="EAID_AT000000_D892_423c_850E_AS4xRPJTMRJy"/>
<ownedAttribute xmi:type="uml:Property" xmi:id="EAID_AT000000_D892_423c_850E_8109476FDED0">
<type xmi:idref="EAID_9977D5D6_D839_4e85_9EF1_82TjXBv6IRgp"/>
					</ownedAttribute>
				</nestedClassifier>
			</packagedElement>
<packagedElement xmi:type="uml:Actor" xmi:id="EAID_9977D5D6_D839_4e85_9EF1_82TjXBv6IRgp" name="User" visibility="public"/>

<packagedElement xmi:type="uml:UseCase" xmi:id="EAID_586BCAF6_15CB_4a03_81A9_OJtm7eMoCXpe" name="Add Users8" visibility="public">
<nestedClassifier xmi:type="uml:Collaboration" xmi:id="EAID_CB000000_AF6_15CB_4a03_81A9_jFtBKcdKWya" name="EA_Collaboration8" visibility="public">
<ownedBehavior xmi:type="uml:Interaction" xmi:id="EAID_IN000000_AF6_15CB_4a03_81A9_N0gRSup45Qj" name="EA_Interaction8" visibility="public">
<lifeline xmi:type="uml:Lifeline" xmi:id="EAID_LL000000_D892_423c_850E_AS4xRPJTMRJy" name="User" visibility="public" represents="EAID_AT000000_D892_423c_850E_8109476FDED0"/>
<lifeline xmi:type="uml:Lifeline" xmi:id="EAID_7183D05E_D892_423c_850E_fYwkHpC8y7iL" name="Showconfirmationpage" visibility="public" represents="EAID_AT000000_D892_423c_850E_fYwkHpC8y7iL"/>
<lifeline xmi:type="uml:Lifeline" xmi:id="EAID_7183D05E_D892_423c_850E_Qpg05h9qebbd" name="Addnewpagespage" visibility="public" represents="EAID_AT000000_D892_423c_850E_Qpg05h9qebbd"/>
<fragment xmi:type="uml:OccurrenceSpecification" xmi:id="EAID_FR000002_D892_423c_850E_AS4xRPJTMRJy" covered="EAID_LL000000_D892_423c_850E_AS4xRPJTMRJy"/>
<fragment xmi:type="uml:OccurrenceSpecification" xmi:id="EAID_FR000003_D892_423c_850E_fYwkHpC8y7iL" covered="EAID_7183D05E_D892_423c_850E_fYwkHpC8y7iL"/>
<fragment xmi:type="uml:OccurrenceSpecification" xmi:id="EAID_FR000004_D892_423c_850E_AS4xRPJTMRJy" covered="EAID_LL000000_D892_423c_850E_AS4xRPJTMRJy"/>
<fragment xmi:type="uml:OccurrenceSpecification" xmi:id="EAID_FR000005_D892_423c_850E_Qpg05h9qebbd" covered="EAID_7183D05E_D892_423c_850E_Qpg05h9qebbd"/>
<fragment xmi:type="uml:OccurrenceSpecification" xmi:id="EAID_FR000006_D892_423c_850E_Qpg05h9qebbd" covered="EAID_7183D05E_D892_423c_850E_Qpg05h9qebbd"/>
<fragment xmi:type="uml:OccurrenceSpecification" xmi:id="EAID_FR000007_D892_423c_850E_Qpg05h9qebbd" covered="EAID_7183D05E_D892_423c_850E_Qpg05h9qebbd"/>
<fragment xmi:type="uml:OccurrenceSpecification" xmi:id="EAID_FR000008_D892_423c_850E_Qpg05h9qebbd" covered="EAID_7183D05E_D892_423c_850E_Qpg05h9qebbd"/>
<fragment xmi:type="uml:OccurrenceSpecification" xmi:id="EAID_FR000009_D892_423c_850E_fYwkHpC8y7iL" covered="EAID_7183D05E_D892_423c_850E_fYwkHpC8y7iL"/>
<fragment xmi:type="uml:OccurrenceSpecification" xmi:id="EAID_FR0000010_D892_423c_850E_fYwkHpC8y7iL" covered="EAID_7183D05E_D892_423c_850E_fYwkHpC8y7iL"/>
<fragment xmi:type="uml:OccurrenceSpecification" xmi:id="EAID_FR0000011_D892_423c_850E_Qpg05h9qebbd" covered="EAID_7183D05E_D892_423c_850E_Qpg05h9qebbd"/>
<fragment xmi:type="uml:OccurrenceSpecification" xmi:id="EAID_FR0000012_D892_423c_850E_Qpg05h9qebbd" covered="EAID_7183D05E_D892_423c_850E_Qpg05h9qebbd"/>
<fragment xmi:type="uml:OccurrenceSpecification" xmi:id="EAID_FR0000013_D892_423c_850E_Qpg05h9qebbd" covered="EAID_7183D05E_D892_423c_850E_Qpg05h9qebbd"/>
<fragment xmi:type="uml:OccurrenceSpecification" xmi:id="EAID_FR0000014_D892_423c_850E_Qpg05h9qebbd" covered="EAID_7183D05E_D892_423c_850E_Qpg05h9qebbd"/>
<fragment xmi:type="uml:OccurrenceSpecification" xmi:id="EAID_FR0000015_D892_423c_850E_Qpg05h9qebbd" covered="EAID_7183D05E_D892_423c_850E_Qpg05h9qebbd"/>
<fragment xmi:type="uml:OccurrenceSpecification" xmi:id="EAID_FR0000016_D892_423c_850E_fYwkHpC8y7iL" covered="EAID_7183D05E_D892_423c_850E_fYwkHpC8y7iL"/>
<fragment xmi:type="uml:OccurrenceSpecification" xmi:id="EAID_FR0000017_D892_423c_850E_fYwkHpC8y7iL" covered="EAID_7183D05E_D892_423c_850E_fYwkHpC8y7iL"/>
<message xmi:type="uml:Message" xmi:id="EAID_049D1FF1_0B97_41fb_AC69_41AFI5vlLqV9" name="Homepage" messageKind="complete" messageSort="synchCall" sendEvent="EAID_FR000004_D892_423c_850E_AS4xRPJTMRJy" receiveEvent="EAID_FR0000017_D892_423c_850E_fYwkHpC8y7iL"/>
<message xmi:type="uml:Message" xmi:id="EAID_049D1FF1_0B97_41fb_AC69_41AF5L6tEnET" name="Addnewpagespage" messageKind="complete" messageSort="synchCall" sendEvent="EAID_FR000004_D892_423c_850E_AS4xRPJTMRJy" receiveEvent="EAID_FR0000015_D892_423c_850E_Qpg05h9qebbd"/>
<message xmi:type="uml:Message" xmi:id="EAID_049D1FF1_0B97_41fb_AC69_41AFuC5Fvjvy" name="Addnewpages" messageKind="complete" messageSort="synchCall" sendEvent="EAID_FR0000015_D892_423c_850E_Qpg05h9qebbd" receiveEvent="EAID_FR0000015_D892_423c_850E_Qpg05h9qebbd"/>
<message xmi:type="uml:Message" xmi:id="EAID_049D1FF1_0B97_41fb_AC69_41AFSMuchZmJ" name="Showconfirmationpage" messageKind="complete" messageSort="synchCall" sendEvent="EAID_FR0000015_D892_423c_850E_Qpg05h9qebbd" receiveEvent="EAID_FR0000017_D892_423c_850E_fYwkHpC8y7iL"/>
<message xmi:type="uml:Message" xmi:id="EAID_049D1FF1_0B97_41fb_AC69_41AFegwf0TUb" name="Addnewpagespage" messageKind="complete" messageSort="synchCall" sendEvent="EAID_FR0000017_D892_423c_850E_fYwkHpC8y7iL" receiveEvent="EAID_FR0000015_D892_423c_850E_Qpg05h9qebbd"/>
<message xmi:type="uml:Message" xmi:id="EAID_049D1FF1_0B97_41fb_AC69_41AFbOEWccTa" name="Addnewpages" messageKind="complete" messageSort="synchCall" sendEvent="EAID_FR0000015_D892_423c_850E_Qpg05h9qebbd" receiveEvent="EAID_FR0000015_D892_423c_850E_Qpg05h9qebbd"/>
<message xmi:type="uml:Message" xmi:id="EAID_049D1FF1_0B97_41fb_AC69_41AFanFOjkdX" name="Pagesdb" messageKind="complete" messageSort="synchCall" sendEvent="EAID_FR0000015_D892_423c_850E_Qpg05h9qebbd" receiveEvent="EAID_FR0000015_D892_423c_850E_Qpg05h9qebbd"/>
<message xmi:type="uml:Message" xmi:id="EAID_049D1FF1_0B97_41fb_AC69_41AFYrG0q3Ag" name="Homepage" messageKind="complete" messageSort="synchCall" sendEvent="EAID_FR0000017_D892_423c_850E_fYwkHpC8y7iL" receiveEvent="EAID_FR0000017_D892_423c_850E_fYwkHpC8y7iL"/>
</ownedBehavior>
<ownedAttribute xmi:type="uml:Property" xmi:id="EAID_AT000000_D892_423c_850E_fYwkHpC8y7iL"/>
<ownedAttribute xmi:type="uml:Property" xmi:id="EAID_AT000000_D892_423c_850E_Qpg05h9qebbd"/>
<ownedAttribute xmi:type="uml:Property" xmi:id="EAID_AT000000_D892_423c_850E_8109476FDED0">
<type xmi:idref="EAID_9977D5D6_D839_4e85_9EF1_RuF1MvfX3Z1Z"/>
					</ownedAttribute>
				</nestedClassifier>
			</packagedElement>
<packagedElement xmi:type="uml:Actor" xmi:id="EAID_9977D5D6_D839_4e85_9EF1_RuF1MvfX3Z1Z" name="User" visibility="public"/>

<packagedElement xmi:type="uml:UseCase" xmi:id="EAID_586BCAF6_15CB_4a03_81A9_vaYHu0kZmXPE" name="Add Users9" visibility="public">
<nestedClassifier xmi:type="uml:Collaboration" xmi:id="EAID_CB000000_AF6_15CB_4a03_81A9_K5m7XeBWZTW" name="EA_Collaboration9" visibility="public">
<ownedBehavior xmi:type="uml:Interaction" xmi:id="EAID_IN000000_AF6_15CB_4a03_81A9_8CaU1BY9RF1" name="EA_Interaction9" visibility="public">
<lifeline xmi:type="uml:Lifeline" xmi:id="EAID_LL000000_D892_423c_850E_Qpg05h9qebbd" name="User" visibility="public" represents="EAID_AT000000_D892_423c_850E_8109476FDED0"/>
<lifeline xmi:type="uml:Lifeline" xmi:id="EAID_7183D05E_D892_423c_850E_u8Ho1YR9dpdF" name="Customer" visibility="public" represents="EAID_AT000000_D892_423c_850E_u8Ho1YR9dpdF"/>
<lifeline xmi:type="uml:Lifeline" xmi:id="EAID_7183D05E_D892_423c_850E_22KnzfXlEeci" name="Updatesocialmedia" visibility="public" represents="EAID_AT000000_D892_423c_850E_22KnzfXlEeci"/>
<lifeline xmi:type="uml:Lifeline" xmi:id="EAID_7183D05E_D892_423c_850E_yziVmRDQZ4WU" name="Showconfirmationpage" visibility="public" represents="EAID_AT000000_D892_423c_850E_yziVmRDQZ4WU"/>
<fragment xmi:type="uml:OccurrenceSpecification" xmi:id="EAID_FR000002_D892_423c_850E_Qpg05h9qebbd" covered="EAID_LL000000_D892_423c_850E_Qpg05h9qebbd"/>
<fragment xmi:type="uml:OccurrenceSpecification" xmi:id="EAID_FR000003_D892_423c_850E_u8Ho1YR9dpdF" covered="EAID_7183D05E_D892_423c_850E_u8Ho1YR9dpdF"/>
<fragment xmi:type="uml:OccurrenceSpecification" xmi:id="EAID_FR000004_D892_423c_850E_Qpg05h9qebbd" covered="EAID_LL000000_D892_423c_850E_Qpg05h9qebbd"/>
<fragment xmi:type="uml:OccurrenceSpecification" xmi:id="EAID_FR000005_D892_423c_850E_22KnzfXlEeci" covered="EAID_7183D05E_D892_423c_850E_22KnzfXlEeci"/>
<fragment xmi:type="uml:OccurrenceSpecification" xmi:id="EAID_FR000006_D892_423c_850E_22KnzfXlEeci" covered="EAID_7183D05E_D892_423c_850E_22KnzfXlEeci"/>
<fragment xmi:type="uml:OccurrenceSpecification" xmi:id="EAID_FR000007_D892_423c_850E_22KnzfXlEeci" covered="EAID_7183D05E_D892_423c_850E_22KnzfXlEeci"/>
<fragment xmi:type="uml:OccurrenceSpecification" xmi:id="EAID_FR000008_D892_423c_850E_22KnzfXlEeci" covered="EAID_7183D05E_D892_423c_850E_22KnzfXlEeci"/>
<fragment xmi:type="uml:OccurrenceSpecification" xmi:id="EAID_FR000009_D892_423c_850E_yziVmRDQZ4WU" covered="EAID_7183D05E_D892_423c_850E_yziVmRDQZ4WU"/>
<fragment xmi:type="uml:OccurrenceSpecification" xmi:id="EAID_FR0000010_D892_423c_850E_yziVmRDQZ4WU" covered="EAID_7183D05E_D892_423c_850E_yziVmRDQZ4WU"/>
<fragment xmi:type="uml:OccurrenceSpecification" xmi:id="EAID_FR0000011_D892_423c_850E_u8Ho1YR9dpdF" covered="EAID_7183D05E_D892_423c_850E_u8Ho1YR9dpdF"/>
<fragment xmi:type="uml:OccurrenceSpecification" xmi:id="EAID_FR0000012_D892_423c_850E_yziVmRDQZ4WU" covered="EAID_7183D05E_D892_423c_850E_yziVmRDQZ4WU"/>
<fragment xmi:type="uml:OccurrenceSpecification" xmi:id="EAID_FR0000013_D892_423c_850E_22KnzfXlEeci" covered="EAID_7183D05E_D892_423c_850E_22KnzfXlEeci"/>
<fragment xmi:type="uml:OccurrenceSpecification" xmi:id="EAID_FR0000014_D892_423c_850E_22KnzfXlEeci" covered="EAID_7183D05E_D892_423c_850E_22KnzfXlEeci"/>
<fragment xmi:type="uml:OccurrenceSpecification" xmi:id="EAID_FR0000015_D892_423c_850E_22KnzfXlEeci" covered="EAID_7183D05E_D892_423c_850E_22KnzfXlEeci"/>
<fragment xmi:type="uml:OccurrenceSpecification" xmi:id="EAID_FR0000016_D892_423c_850E_22KnzfXlEeci" covered="EAID_7183D05E_D892_423c_850E_22KnzfXlEeci"/>
<fragment xmi:type="uml:OccurrenceSpecification" xmi:id="EAID_FR0000017_D892_423c_850E_22KnzfXlEeci" covered="EAID_7183D05E_D892_423c_850E_22KnzfXlEeci"/>
<message xmi:type="uml:Message" xmi:id="EAID_049D1FF1_0B97_41fb_AC69_41AFPQkx9UP8" name="Homepage" messageKind="complete" messageSort="synchCall" sendEvent="EAID_FR000004_D892_423c_850E_Qpg05h9qebbd" receiveEvent="EAID_FR0000011_D892_423c_850E_u8Ho1YR9dpdF"/>
<message xmi:type="uml:Message" xmi:id="EAID_049D1FF1_0B97_41fb_AC69_41AFgu5xPG8G" name="Updatedbysocialmediapage" messageKind="complete" messageSort="synchCall" sendEvent="EAID_FR000004_D892_423c_850E_Qpg05h9qebbd" receiveEvent="EAID_FR0000017_D892_423c_850E_22KnzfXlEeci"/>
<message xmi:type="uml:Message" xmi:id="EAID_049D1FF1_0B97_41fb_AC69_41AFtNPwRoME" name="Updatesocialmedia" messageKind="complete" messageSort="synchCall" sendEvent="EAID_FR0000017_D892_423c_850E_22KnzfXlEeci" receiveEvent="EAID_FR0000017_D892_423c_850E_22KnzfXlEeci"/>
<message xmi:type="uml:Message" xmi:id="EAID_049D1FF1_0B97_41fb_AC69_41AFgW559F49" name="Showconfirmationpage" messageKind="complete" messageSort="synchCall" sendEvent="EAID_FR0000017_D892_423c_850E_22KnzfXlEeci" receiveEvent="EAID_FR0000012_D892_423c_850E_yziVmRDQZ4WU"/>
<message xmi:type="uml:Message" xmi:id="EAID_049D1FF1_0B97_41fb_AC69_41AFJC7POQn8" name="Homepage" messageKind="complete" messageSort="synchCall" sendEvent="EAID_FR0000012_D892_423c_850E_yziVmRDQZ4WU" receiveEvent="EAID_FR0000011_D892_423c_850E_u8Ho1YR9dpdF"/>
<message xmi:type="uml:Message" xmi:id="EAID_049D1FF1_0B97_41fb_AC69_41AFJEUv8SUY" name="Updatedbysocialmediapage" messageKind="complete" messageSort="synchCall" sendEvent="EAID_FR0000012_D892_423c_850E_yziVmRDQZ4WU" receiveEvent="EAID_FR0000017_D892_423c_850E_22KnzfXlEeci"/>
<message xmi:type="uml:Message" xmi:id="EAID_049D1FF1_0B97_41fb_AC69_41AFLo9vqnBL" name="Updatesocialmedia" messageKind="complete" messageSort="synchCall" sendEvent="EAID_FR0000017_D892_423c_850E_22KnzfXlEeci" receiveEvent="EAID_FR0000017_D892_423c_850E_22KnzfXlEeci"/>
<message xmi:type="uml:Message" xmi:id="EAID_049D1FF1_0B97_41fb_AC69_41AFXZC366TM" name="Socialmediadb" messageKind="complete" messageSort="synchCall" sendEvent="EAID_FR0000017_D892_423c_850E_22KnzfXlEeci" receiveEvent="EAID_FR0000017_D892_423c_850E_22KnzfXlEeci"/>
</ownedBehavior>
<ownedAttribute xmi:type="uml:Property" xmi:id="EAID_AT000000_D892_423c_850E_u8Ho1YR9dpdF"/>
<ownedAttribute xmi:type="uml:Property" xmi:id="EAID_AT000000_D892_423c_850E_22KnzfXlEeci"/>
<ownedAttribute xmi:type="uml:Property" xmi:id="EAID_AT000000_D892_423c_850E_yziVmRDQZ4WU"/>
<ownedAttribute xmi:type="uml:Property" xmi:id="EAID_AT000000_D892_423c_850E_8109476FDED0">
<type xmi:idref="EAID_9977D5D6_D839_4e85_9EF1_IuJjtx8aNDg6"/>
					</ownedAttribute>
				</nestedClassifier>
			</packagedElement>
<packagedElement xmi:type="uml:Actor" xmi:id="EAID_9977D5D6_D839_4e85_9EF1_IuJjtx8aNDg6" name="User" visibility="public"/>

</packagedElement>
</uml:Model>
<xmi:Extension extender="Enterprise Architect" extenderID="6.5">
<primitivetypes>
			<packagedElement xmi:type="uml:Package" xmi:id="EAPrimitiveTypesPackage" name="EA_PrimitiveTypes_Package" visibility="public"/>
		</primitivetypes>
<profiles/><diagrams>

<diagram xmi:id="EAID_3E9162E8_3B10_4fb1_9A31_IBumxx2gmlJt">
<model package="EAPK_0D4BE3DE_DBA4_430b_9F5D_2D1DC1F19C54" localID="25" owner="EAPK_0D4BE3DE_DBA4_430b_9F5D_2D1DC1F19C54" parent="EAID_586BCAF6_15CB_4a03_81A9_EF34AE4B312B"/>
<properties name="use cases" type="Sequence"/>
<project author="HOME" version="1.0" created="2018-11-27 16:22:38" modified="2018-11-27 16:23:00"/>
				<style1 value="ShowPrivate=1;ShowProtected=1;ShowPublic=1;HideRelationships=0;Locked=0;Border=1;HighlightForeign=1;PackageContents=1;SequenceNotes=0;ScalePrintImage=0;PPgs.cx=0;PPgs.cy=0;DocSize.cx=850;DocSize.cy=1098;ShowDetails=0;Orientation=P;Zoom=100;ShowTags=0;OpParams=1;VisibleAttributeDetail=0;ShowOpRetType=1;ShowIcons=1;CollabNums=0;HideProps=0;ShowReqs=0;ShowCons=0;PaperSize=1;HideParents=0;UseAlias=0;HideAtts=0;HideOps=0;HideStereo=0;HideElemStereo=0;ShowTests=0;ShowMaint=0;ConnectorNotation=UML 2.1;ExplicitNavigability=0;ShowShape=1;AllDockable=0;AdvancedElementProps=1;AdvancedFeatureProps=1;AdvancedConnectorProps=1;m_bElementClassifier=1;SPT=1;ShowNotes=0;SuppressBrackets=0;SuppConnectorLabels=0;PrintPageHeadFoot=0;ShowAsList=0;"/>
				<style2 value="ExcludeRTF=0;DocAll=0;HideQuals=0;AttPkg=1;ShowTests=0;ShowMaint=0;SuppressFOC=0;INT_ARGS=;INT_RET=;INT_ATT=;SeqTopMargin=50;MatrixActive=0;SwimlanesActive=1;KanbanActive=0;MatrixLineWidth=1;MatrixLineClr=0;MatrixLocked=0;TConnectorNotation=UML 2.1;TExplicitNavigability=0;AdvancedElementProps=1;AdvancedFeatureProps=1;AdvancedConnectorProps=1;m_bElementClassifier=1;SPT=1;MDGDgm=;STBLDgm=;ShowNotes=0;VisibleAttributeDetail=0;ShowOpRetType=1;SuppressBrackets=0;SuppConnectorLabels=0;PrintPageHeadFoot=0;ShowAsList=0;SuppressedCompartments=;Theme=:119;SaveTag=56D01039;"/>
				<swimlanes value="locked=false;orientation=0;width=0;inbar=false;names=false;color=-1;bold=false;fcol=0;tcol=-1;ofCol=-1;ufCol=-1;hl=0;ufh=0;hh=0;cls=0;bw=0;hli=0;SwimlaneFont=lfh:-10,lfw:0,lfi:0,lfu:0,lfs:0,lfface:Calibri,lfe:0,lfo:0,lfchar:1,lfop:0,lfcp:0,lfq:0,lfpf=0,lfWidth=0;"/>
				<matrixitems value="locked=false;matrixactive=false;swimlanesactive=true;kanbanactive=false;width=1;clrLine=0;"/>
				<extendedProperties/>
<elements>
<element geometry="Left=99;Top=50;Right=189;Bottom=390;" subject="EAID_9977D5D6_D839_4e85_9EF1_38844704F245" seqno="1" style="DUID=D5409A04;NSL=0;BCol=-1;BFol=-1;LCol=-1;LWth=-1;fontsz=0;bold=0;black=0;italic=0;ul=0;charset=0;pitch=0;"/>
<element geometry="Left=299;Top=50;Right=389;;Bottom=390;" subject="EAID_7183D05E_D892_423c_850E_kqNUZBgL3ZsL" seqno="2" style="DUID=D5409A04;NSL=0;BCol=-1;BFol=-1;LCol=-1;LWth=-1;fontsz=0;bold=0;black=0;italic=0;ul=0;charset=0;pitch=0;"/>
<element geometry="Left=499;Top=50;Right=589;;Bottom=390;" subject="EAID_7183D05E_D892_423c_850E_MupltB07M2Mx" seqno="3" style="DUID=D5409A04;NSL=0;BCol=-1;BFol=-1;LCol=-1;LWth=-1;fontsz=0;bold=0;black=0;italic=0;ul=0;charset=0;pitch=0;"/>
<element geometry="SX=0;SY=0;EX=0;EY=0;Path=;" subject="EAID_049D1FF1_0B97_41fb_AC69_41AFDfrswGXI" style=";Hidden=0;"/>
<element geometry="SX=0;SY=0;EX=0;EY=0;Path=;" subject="EAID_049D1FF1_0B97_41fb_AC69_41AFC1zdFqMF" style=";Hidden=0;"/>
<element geometry="SX=0;SY=0;EX=0;EY=0;Path=;" subject="EAID_049D1FF1_0B97_41fb_AC69_41AFX1PkX7tv" style=";Hidden=0;"/>
<element geometry="SX=0;SY=0;EX=0;EY=0;Path=;" subject="EAID_049D1FF1_0B97_41fb_AC69_41AF5w6rZQkP" style=";Hidden=0;"/>
<element geometry="SX=0;SY=0;EX=0;EY=0;Path=;" subject="EAID_049D1FF1_0B97_41fb_AC69_41AFRlVvkyxV" style=";Hidden=0;"/>
<element geometry="SX=0;SY=0;EX=0;EY=0;Path=;" subject="EAID_049D1FF1_0B97_41fb_AC69_41AFMhyefIc0" style=";Hidden=0;"/>
<element geometry="SX=0;SY=0;EX=0;EY=0;Path=;" subject="EAID_049D1FF1_0B97_41fb_AC69_41AFX1PkX7tv" style=";Hidden=0;"/>
</elements>
</diagram>

<diagram xmi:id="EAID_3E9162E8_3B10_4fb1_9A31_4AzEw13nl3sg">
<model package="EAPK_0D4BE3DE_DBA4_430b_9F5D_2D1DC1F19C54" localID="26" owner="EAPK_0D4BE3DE_DBA4_430b_9F5D_2D1DC1F19C54" parent="EAID_586BCAF6_15CB_4a03_81A9_DA24FF2gqt2f"/>
<properties name="use cases" type="Sequence"/>
<project author="HOME" version="1.0" created="2018-11-27 16:22:38" modified="2018-11-27 16:23:00"/>
				<style1 value="ShowPrivate=1;ShowProtected=1;ShowPublic=1;HideRelationships=0;Locked=0;Border=1;HighlightForeign=1;PackageContents=1;SequenceNotes=0;ScalePrintImage=0;PPgs.cx=0;PPgs.cy=0;DocSize.cx=850;DocSize.cy=1098;ShowDetails=0;Orientation=P;Zoom=100;ShowTags=0;OpParams=1;VisibleAttributeDetail=0;ShowOpRetType=1;ShowIcons=1;CollabNums=0;HideProps=0;ShowReqs=0;ShowCons=0;PaperSize=1;HideParents=0;UseAlias=0;HideAtts=0;HideOps=0;HideStereo=0;HideElemStereo=0;ShowTests=0;ShowMaint=0;ConnectorNotation=UML 2.1;ExplicitNavigability=0;ShowShape=1;AllDockable=0;AdvancedElementProps=1;AdvancedFeatureProps=1;AdvancedConnectorProps=1;m_bElementClassifier=1;SPT=1;ShowNotes=0;SuppressBrackets=0;SuppConnectorLabels=0;PrintPageHeadFoot=0;ShowAsList=0;"/>
				<style2 value="ExcludeRTF=0;DocAll=0;HideQuals=0;AttPkg=1;ShowTests=0;ShowMaint=0;SuppressFOC=0;INT_ARGS=;INT_RET=;INT_ATT=;SeqTopMargin=50;MatrixActive=0;SwimlanesActive=1;KanbanActive=0;MatrixLineWidth=1;MatrixLineClr=0;MatrixLocked=0;TConnectorNotation=UML 2.1;TExplicitNavigability=0;AdvancedElementProps=1;AdvancedFeatureProps=1;AdvancedConnectorProps=1;m_bElementClassifier=1;SPT=1;MDGDgm=;STBLDgm=;ShowNotes=0;VisibleAttributeDetail=0;ShowOpRetType=1;SuppressBrackets=0;SuppConnectorLabels=0;PrintPageHeadFoot=0;ShowAsList=0;SuppressedCompartments=;Theme=:119;SaveTag=56D01039;"/>
				<swimlanes value="locked=false;orientation=0;width=0;inbar=false;names=false;color=-1;bold=false;fcol=0;tcol=-1;ofCol=-1;ufCol=-1;hl=0;ufh=0;hh=0;cls=0;bw=0;hli=0;SwimlaneFont=lfh:-10,lfw:0,lfi:0,lfu:0,lfs:0,lfface:Calibri,lfe:0,lfo:0,lfchar:1,lfop:0,lfcp:0,lfq:0,lfpf=0,lfWidth=0;"/>
				<matrixitems value="locked=false;matrixactive=false;swimlanesactive=true;kanbanactive=false;width=1;clrLine=0;"/>
				<extendedProperties/>
<elements>
<element geometry="Left=99;Top=50;Right=189;Bottom=390;" subject="EAID_9977D5D6_D839_4e85_9EF1_hTYRFilV2BSv" seqno="1" style="DUID=D5409A04;NSL=0;BCol=-1;BFol=-1;LCol=-1;LWth=-1;fontsz=0;bold=0;black=0;italic=0;ul=0;charset=0;pitch=0;"/>
<element geometry="Left=299;Top=50;Right=389;;Bottom=390;" subject="EAID_7183D05E_D892_423c_850E_iZfKDtlBUrmf" seqno="2" style="DUID=D5409A04;NSL=0;BCol=-1;BFol=-1;LCol=-1;LWth=-1;fontsz=0;bold=0;black=0;italic=0;ul=0;charset=0;pitch=0;"/>
<element geometry="Left=499;Top=50;Right=589;;Bottom=390;" subject="EAID_7183D05E_D892_423c_850E_KeeHJSVZUyE2" seqno="3" style="DUID=D5409A04;NSL=0;BCol=-1;BFol=-1;LCol=-1;LWth=-1;fontsz=0;bold=0;black=0;italic=0;ul=0;charset=0;pitch=0;"/>
<element geometry="SX=0;SY=0;EX=0;EY=0;Path=;" subject="EAID_049D1FF1_0B97_41fb_AC69_41AFhVmYGjIX" style=";Hidden=0;"/>
<element geometry="SX=0;SY=0;EX=0;EY=0;Path=;" subject="EAID_049D1FF1_0B97_41fb_AC69_41AFI77jqNao" style=";Hidden=0;"/>
<element geometry="SX=0;SY=0;EX=0;EY=0;Path=;" subject="EAID_049D1FF1_0B97_41fb_AC69_41AFSQu3Fomm" style=";Hidden=0;"/>
<element geometry="SX=0;SY=0;EX=0;EY=0;Path=;" subject="EAID_049D1FF1_0B97_41fb_AC69_41AFIUTA6jl0" style=";Hidden=0;"/>
<element geometry="SX=0;SY=0;EX=0;EY=0;Path=;" subject="EAID_049D1FF1_0B97_41fb_AC69_41AFI77jqNao" style=";Hidden=0;"/>
<element geometry="SX=0;SY=0;EX=0;EY=0;Path=;" subject="EAID_049D1FF1_0B97_41fb_AC69_41AFuDuaPEmW" style=";Hidden=0;"/>
<element geometry="SX=0;SY=0;EX=0;EY=0;Path=;" subject="EAID_049D1FF1_0B97_41fb_AC69_41AF5uODGXWO" style=";Hidden=0;"/>
<element geometry="SX=0;SY=0;EX=0;EY=0;Path=;" subject="EAID_049D1FF1_0B97_41fb_AC69_41AFqFsUaYJd" style=";Hidden=0;"/>
</elements>
</diagram>

<diagram xmi:id="EAID_3E9162E8_3B10_4fb1_9A31_WwqZnYFTSuA7">
<model package="EAPK_0D4BE3DE_DBA4_430b_9F5D_2D1DC1F19C54" localID="27" owner="EAPK_0D4BE3DE_DBA4_430b_9F5D_2D1DC1F19C54" parent="EAID_586BCAF6_15CB_4a03_81A9_fX5kyNcwaZRe"/>
<properties name="use cases" type="Sequence"/>
<project author="HOME" version="1.0" created="2018-11-27 16:22:38" modified="2018-11-27 16:23:00"/>
				<style1 value="ShowPrivate=1;ShowProtected=1;ShowPublic=1;HideRelationships=0;Locked=0;Border=1;HighlightForeign=1;PackageContents=1;SequenceNotes=0;ScalePrintImage=0;PPgs.cx=0;PPgs.cy=0;DocSize.cx=850;DocSize.cy=1098;ShowDetails=0;Orientation=P;Zoom=100;ShowTags=0;OpParams=1;VisibleAttributeDetail=0;ShowOpRetType=1;ShowIcons=1;CollabNums=0;HideProps=0;ShowReqs=0;ShowCons=0;PaperSize=1;HideParents=0;UseAlias=0;HideAtts=0;HideOps=0;HideStereo=0;HideElemStereo=0;ShowTests=0;ShowMaint=0;ConnectorNotation=UML 2.1;ExplicitNavigability=0;ShowShape=1;AllDockable=0;AdvancedElementProps=1;AdvancedFeatureProps=1;AdvancedConnectorProps=1;m_bElementClassifier=1;SPT=1;ShowNotes=0;SuppressBrackets=0;SuppConnectorLabels=0;PrintPageHeadFoot=0;ShowAsList=0;"/>
				<style2 value="ExcludeRTF=0;DocAll=0;HideQuals=0;AttPkg=1;ShowTests=0;ShowMaint=0;SuppressFOC=0;INT_ARGS=;INT_RET=;INT_ATT=;SeqTopMargin=50;MatrixActive=0;SwimlanesActive=1;KanbanActive=0;MatrixLineWidth=1;MatrixLineClr=0;MatrixLocked=0;TConnectorNotation=UML 2.1;TExplicitNavigability=0;AdvancedElementProps=1;AdvancedFeatureProps=1;AdvancedConnectorProps=1;m_bElementClassifier=1;SPT=1;MDGDgm=;STBLDgm=;ShowNotes=0;VisibleAttributeDetail=0;ShowOpRetType=1;SuppressBrackets=0;SuppConnectorLabels=0;PrintPageHeadFoot=0;ShowAsList=0;SuppressedCompartments=;Theme=:119;SaveTag=56D01039;"/>
				<swimlanes value="locked=false;orientation=0;width=0;inbar=false;names=false;color=-1;bold=false;fcol=0;tcol=-1;ofCol=-1;ufCol=-1;hl=0;ufh=0;hh=0;cls=0;bw=0;hli=0;SwimlaneFont=lfh:-10,lfw:0,lfi:0,lfu:0,lfs:0,lfface:Calibri,lfe:0,lfo:0,lfchar:1,lfop:0,lfcp:0,lfq:0,lfpf=0,lfWidth=0;"/>
				<matrixitems value="locked=false;matrixactive=false;swimlanesactive=true;kanbanactive=false;width=1;clrLine=0;"/>
				<extendedProperties/>
<elements>
<element geometry="Left=99;Top=50;Right=189;Bottom=390;" subject="EAID_9977D5D6_D839_4e85_9EF1_8UDzHeDwp93S" seqno="1" style="DUID=D5409A04;NSL=0;BCol=-1;BFol=-1;LCol=-1;LWth=-1;fontsz=0;bold=0;black=0;italic=0;ul=0;charset=0;pitch=0;"/>
<element geometry="Left=299;Top=50;Right=389;;Bottom=390;" subject="EAID_7183D05E_D892_423c_850E_hKHfe0E2nOiA" seqno="2" style="DUID=D5409A04;NSL=0;BCol=-1;BFol=-1;LCol=-1;LWth=-1;fontsz=0;bold=0;black=0;italic=0;ul=0;charset=0;pitch=0;"/>
<element geometry="Left=499;Top=50;Right=589;;Bottom=390;" subject="EAID_7183D05E_D892_423c_850E_APM0gxPkb8Og" seqno="3" style="DUID=D5409A04;NSL=0;BCol=-1;BFol=-1;LCol=-1;LWth=-1;fontsz=0;bold=0;black=0;italic=0;ul=0;charset=0;pitch=0;"/>
<element geometry="SX=0;SY=0;EX=0;EY=0;Path=;" subject="EAID_049D1FF1_0B97_41fb_AC69_41AFfdhgtbWg" style=";Hidden=0;"/>
<element geometry="SX=0;SY=0;EX=0;EY=0;Path=;" subject="EAID_049D1FF1_0B97_41fb_AC69_41AFuKzgafQE" style=";Hidden=0;"/>
<element geometry="SX=0;SY=0;EX=0;EY=0;Path=;" subject="EAID_049D1FF1_0B97_41fb_AC69_41AFCxe2qUlo" style=";Hidden=0;"/>
<element geometry="SX=0;SY=0;EX=0;EY=0;Path=;" subject="EAID_049D1FF1_0B97_41fb_AC69_41AF0ySEUt1V" style=";Hidden=0;"/>
<element geometry="SX=0;SY=0;EX=0;EY=0;Path=;" subject="EAID_049D1FF1_0B97_41fb_AC69_41AFKDNXDYma" style=";Hidden=0;"/>
<element geometry="SX=0;SY=0;EX=0;EY=0;Path=;" subject="EAID_049D1FF1_0B97_41fb_AC69_41AFna0MMFa3" style=";Hidden=0;"/>
<element geometry="SX=0;SY=0;EX=0;EY=0;Path=;" subject="EAID_049D1FF1_0B97_41fb_AC69_41AFCxe2qUlo" style=";Hidden=0;"/>
</elements>
</diagram>

<diagram xmi:id="EAID_3E9162E8_3B10_4fb1_9A31_sm0NAnPB8wZg">
<model package="EAPK_0D4BE3DE_DBA4_430b_9F5D_2D1DC1F19C54" localID="28" owner="EAPK_0D4BE3DE_DBA4_430b_9F5D_2D1DC1F19C54" parent="EAID_586BCAF6_15CB_4a03_81A9_QWMI92xAyN9M"/>
<properties name="use cases" type="Sequence"/>
<project author="HOME" version="1.0" created="2018-11-27 16:22:38" modified="2018-11-27 16:23:00"/>
				<style1 value="ShowPrivate=1;ShowProtected=1;ShowPublic=1;HideRelationships=0;Locked=0;Border=1;HighlightForeign=1;PackageContents=1;SequenceNotes=0;ScalePrintImage=0;PPgs.cx=0;PPgs.cy=0;DocSize.cx=850;DocSize.cy=1098;ShowDetails=0;Orientation=P;Zoom=100;ShowTags=0;OpParams=1;VisibleAttributeDetail=0;ShowOpRetType=1;ShowIcons=1;CollabNums=0;HideProps=0;ShowReqs=0;ShowCons=0;PaperSize=1;HideParents=0;UseAlias=0;HideAtts=0;HideOps=0;HideStereo=0;HideElemStereo=0;ShowTests=0;ShowMaint=0;ConnectorNotation=UML 2.1;ExplicitNavigability=0;ShowShape=1;AllDockable=0;AdvancedElementProps=1;AdvancedFeatureProps=1;AdvancedConnectorProps=1;m_bElementClassifier=1;SPT=1;ShowNotes=0;SuppressBrackets=0;SuppConnectorLabels=0;PrintPageHeadFoot=0;ShowAsList=0;"/>
				<style2 value="ExcludeRTF=0;DocAll=0;HideQuals=0;AttPkg=1;ShowTests=0;ShowMaint=0;SuppressFOC=0;INT_ARGS=;INT_RET=;INT_ATT=;SeqTopMargin=50;MatrixActive=0;SwimlanesActive=1;KanbanActive=0;MatrixLineWidth=1;MatrixLineClr=0;MatrixLocked=0;TConnectorNotation=UML 2.1;TExplicitNavigability=0;AdvancedElementProps=1;AdvancedFeatureProps=1;AdvancedConnectorProps=1;m_bElementClassifier=1;SPT=1;MDGDgm=;STBLDgm=;ShowNotes=0;VisibleAttributeDetail=0;ShowOpRetType=1;SuppressBrackets=0;SuppConnectorLabels=0;PrintPageHeadFoot=0;ShowAsList=0;SuppressedCompartments=;Theme=:119;SaveTag=56D01039;"/>
				<swimlanes value="locked=false;orientation=0;width=0;inbar=false;names=false;color=-1;bold=false;fcol=0;tcol=-1;ofCol=-1;ufCol=-1;hl=0;ufh=0;hh=0;cls=0;bw=0;hli=0;SwimlaneFont=lfh:-10,lfw:0,lfi:0,lfu:0,lfs:0,lfface:Calibri,lfe:0,lfo:0,lfchar:1,lfop:0,lfcp:0,lfq:0,lfpf=0,lfWidth=0;"/>
				<matrixitems value="locked=false;matrixactive=false;swimlanesactive=true;kanbanactive=false;width=1;clrLine=0;"/>
				<extendedProperties/>
<elements>
<element geometry="Left=99;Top=50;Right=189;Bottom=390;" subject="EAID_9977D5D6_D839_4e85_9EF1_xOqGywJOAsd6" seqno="1" style="DUID=D5409A04;NSL=0;BCol=-1;BFol=-1;LCol=-1;LWth=-1;fontsz=0;bold=0;black=0;italic=0;ul=0;charset=0;pitch=0;"/>
<element geometry="Left=299;Top=50;Right=389;;Bottom=390;" subject="EAID_7183D05E_D892_423c_850E_1E9rVosimrrs" seqno="2" style="DUID=D5409A04;NSL=0;BCol=-1;BFol=-1;LCol=-1;LWth=-1;fontsz=0;bold=0;black=0;italic=0;ul=0;charset=0;pitch=0;"/>
<element geometry="Left=499;Top=50;Right=589;;Bottom=390;" subject="EAID_7183D05E_D892_423c_850E_CYSvSjqCr7bP" seqno="3" style="DUID=D5409A04;NSL=0;BCol=-1;BFol=-1;LCol=-1;LWth=-1;fontsz=0;bold=0;black=0;italic=0;ul=0;charset=0;pitch=0;"/>
<element geometry="SX=0;SY=0;EX=0;EY=0;Path=;" subject="EAID_049D1FF1_0B97_41fb_AC69_41AFh2z4f5eB" style=";Hidden=0;"/>
<element geometry="SX=0;SY=0;EX=0;EY=0;Path=;" subject="EAID_049D1FF1_0B97_41fb_AC69_41AFoL3vDgtQ" style=";Hidden=0;"/>
<element geometry="SX=0;SY=0;EX=0;EY=0;Path=;" subject="EAID_049D1FF1_0B97_41fb_AC69_41AFwmZEqKiL" style=";Hidden=0;"/>
<element geometry="SX=0;SY=0;EX=0;EY=0;Path=;" subject="EAID_049D1FF1_0B97_41fb_AC69_41AFGHuNC5xc" style=";Hidden=0;"/>
<element geometry="SX=0;SY=0;EX=0;EY=0;Path=;" subject="EAID_049D1FF1_0B97_41fb_AC69_41AFcnASbF8i" style=";Hidden=0;"/>
<element geometry="SX=0;SY=0;EX=0;EY=0;Path=;" subject="EAID_049D1FF1_0B97_41fb_AC69_41AFLyurppZ3" style=";Hidden=0;"/>
<element geometry="SX=0;SY=0;EX=0;EY=0;Path=;" subject="EAID_049D1FF1_0B97_41fb_AC69_41AFWT0DdeWe" style=";Hidden=0;"/>
<element geometry="SX=0;SY=0;EX=0;EY=0;Path=;" subject="EAID_049D1FF1_0B97_41fb_AC69_41AFwmZEqKiL" style=";Hidden=0;"/>
</elements>
</diagram>

<diagram xmi:id="EAID_3E9162E8_3B10_4fb1_9A31_u6Lgi3SvoILN">
<model package="EAPK_0D4BE3DE_DBA4_430b_9F5D_2D1DC1F19C54" localID="29" owner="EAPK_0D4BE3DE_DBA4_430b_9F5D_2D1DC1F19C54" parent="EAID_586BCAF6_15CB_4a03_81A9_hmmgrppAaLm7"/>
<properties name="use cases" type="Sequence"/>
<project author="HOME" version="1.0" created="2018-11-27 16:22:38" modified="2018-11-27 16:23:00"/>
				<style1 value="ShowPrivate=1;ShowProtected=1;ShowPublic=1;HideRelationships=0;Locked=0;Border=1;HighlightForeign=1;PackageContents=1;SequenceNotes=0;ScalePrintImage=0;PPgs.cx=0;PPgs.cy=0;DocSize.cx=850;DocSize.cy=1098;ShowDetails=0;Orientation=P;Zoom=100;ShowTags=0;OpParams=1;VisibleAttributeDetail=0;ShowOpRetType=1;ShowIcons=1;CollabNums=0;HideProps=0;ShowReqs=0;ShowCons=0;PaperSize=1;HideParents=0;UseAlias=0;HideAtts=0;HideOps=0;HideStereo=0;HideElemStereo=0;ShowTests=0;ShowMaint=0;ConnectorNotation=UML 2.1;ExplicitNavigability=0;ShowShape=1;AllDockable=0;AdvancedElementProps=1;AdvancedFeatureProps=1;AdvancedConnectorProps=1;m_bElementClassifier=1;SPT=1;ShowNotes=0;SuppressBrackets=0;SuppConnectorLabels=0;PrintPageHeadFoot=0;ShowAsList=0;"/>
				<style2 value="ExcludeRTF=0;DocAll=0;HideQuals=0;AttPkg=1;ShowTests=0;ShowMaint=0;SuppressFOC=0;INT_ARGS=;INT_RET=;INT_ATT=;SeqTopMargin=50;MatrixActive=0;SwimlanesActive=1;KanbanActive=0;MatrixLineWidth=1;MatrixLineClr=0;MatrixLocked=0;TConnectorNotation=UML 2.1;TExplicitNavigability=0;AdvancedElementProps=1;AdvancedFeatureProps=1;AdvancedConnectorProps=1;m_bElementClassifier=1;SPT=1;MDGDgm=;STBLDgm=;ShowNotes=0;VisibleAttributeDetail=0;ShowOpRetType=1;SuppressBrackets=0;SuppConnectorLabels=0;PrintPageHeadFoot=0;ShowAsList=0;SuppressedCompartments=;Theme=:119;SaveTag=56D01039;"/>
				<swimlanes value="locked=false;orientation=0;width=0;inbar=false;names=false;color=-1;bold=false;fcol=0;tcol=-1;ofCol=-1;ufCol=-1;hl=0;ufh=0;hh=0;cls=0;bw=0;hli=0;SwimlaneFont=lfh:-10,lfw:0,lfi:0,lfu:0,lfs:0,lfface:Calibri,lfe:0,lfo:0,lfchar:1,lfop:0,lfcp:0,lfq:0,lfpf=0,lfWidth=0;"/>
				<matrixitems value="locked=false;matrixactive=false;swimlanesactive=true;kanbanactive=false;width=1;clrLine=0;"/>
				<extendedProperties/>
<elements>
<element geometry="Left=99;Top=50;Right=189;Bottom=390;" subject="EAID_9977D5D6_D839_4e85_9EF1_pCZ69nuXThkv" seqno="1" style="DUID=D5409A04;NSL=0;BCol=-1;BFol=-1;LCol=-1;LWth=-1;fontsz=0;bold=0;black=0;italic=0;ul=0;charset=0;pitch=0;"/>
<element geometry="Left=299;Top=50;Right=389;;Bottom=390;" subject="EAID_7183D05E_D892_423c_850E_B8OEBDzyqQ9K" seqno="2" style="DUID=D5409A04;NSL=0;BCol=-1;BFol=-1;LCol=-1;LWth=-1;fontsz=0;bold=0;black=0;italic=0;ul=0;charset=0;pitch=0;"/>
<element geometry="Left=499;Top=50;Right=589;;Bottom=390;" subject="EAID_7183D05E_D892_423c_850E_ZDkwcpl6J7Ey" seqno="3" style="DUID=D5409A04;NSL=0;BCol=-1;BFol=-1;LCol=-1;LWth=-1;fontsz=0;bold=0;black=0;italic=0;ul=0;charset=0;pitch=0;"/>
<element geometry="Left=699;Top=50;Right=789;;Bottom=390;" subject="EAID_7183D05E_D892_423c_850E_7xspt5svqXUZ" seqno="4" style="DUID=D5409A04;NSL=0;BCol=-1;BFol=-1;LCol=-1;LWth=-1;fontsz=0;bold=0;black=0;italic=0;ul=0;charset=0;pitch=0;"/>
<element geometry="SX=0;SY=0;EX=0;EY=0;Path=;" subject="EAID_049D1FF1_0B97_41fb_AC69_41AFTaYKa28p" style=";Hidden=0;"/>
<element geometry="SX=0;SY=0;EX=0;EY=0;Path=;" subject="EAID_049D1FF1_0B97_41fb_AC69_41AFLOcEqTwJ" style=";Hidden=0;"/>
<element geometry="SX=0;SY=0;EX=0;EY=0;Path=;" subject="EAID_049D1FF1_0B97_41fb_AC69_41AFHUeNXl0d" style=";Hidden=0;"/>
<element geometry="SX=0;SY=0;EX=0;EY=0;Path=;" subject="EAID_049D1FF1_0B97_41fb_AC69_41AF0jYRbNCZ" style=";Hidden=0;"/>
<element geometry="SX=0;SY=0;EX=0;EY=0;Path=;" subject="EAID_049D1FF1_0B97_41fb_AC69_41AFJuxwBgkG" style=";Hidden=0;"/>
<element geometry="SX=0;SY=0;EX=0;EY=0;Path=;" subject="EAID_049D1FF1_0B97_41fb_AC69_41AF2oaxJ1Y4" style=";Hidden=0;"/>
<element geometry="SX=0;SY=0;EX=0;EY=0;Path=;" subject="EAID_049D1FF1_0B97_41fb_AC69_41AFLOcEqTwJ" style=";Hidden=0;"/>
<element geometry="SX=0;SY=0;EX=0;EY=0;Path=;" subject="EAID_049D1FF1_0B97_41fb_AC69_41AFnhxgPS19" style=";Hidden=0;"/>
</elements>
</diagram>

<diagram xmi:id="EAID_3E9162E8_3B10_4fb1_9A31_6c1kGf9DZ5pP">
<model package="EAPK_0D4BE3DE_DBA4_430b_9F5D_2D1DC1F19C54" localID="30" owner="EAPK_0D4BE3DE_DBA4_430b_9F5D_2D1DC1F19C54" parent="EAID_586BCAF6_15CB_4a03_81A9_YoZGMesOsI5m"/>
<properties name="use cases" type="Sequence"/>
<project author="HOME" version="1.0" created="2018-11-27 16:22:38" modified="2018-11-27 16:23:00"/>
				<style1 value="ShowPrivate=1;ShowProtected=1;ShowPublic=1;HideRelationships=0;Locked=0;Border=1;HighlightForeign=1;PackageContents=1;SequenceNotes=0;ScalePrintImage=0;PPgs.cx=0;PPgs.cy=0;DocSize.cx=850;DocSize.cy=1098;ShowDetails=0;Orientation=P;Zoom=100;ShowTags=0;OpParams=1;VisibleAttributeDetail=0;ShowOpRetType=1;ShowIcons=1;CollabNums=0;HideProps=0;ShowReqs=0;ShowCons=0;PaperSize=1;HideParents=0;UseAlias=0;HideAtts=0;HideOps=0;HideStereo=0;HideElemStereo=0;ShowTests=0;ShowMaint=0;ConnectorNotation=UML 2.1;ExplicitNavigability=0;ShowShape=1;AllDockable=0;AdvancedElementProps=1;AdvancedFeatureProps=1;AdvancedConnectorProps=1;m_bElementClassifier=1;SPT=1;ShowNotes=0;SuppressBrackets=0;SuppConnectorLabels=0;PrintPageHeadFoot=0;ShowAsList=0;"/>
				<style2 value="ExcludeRTF=0;DocAll=0;HideQuals=0;AttPkg=1;ShowTests=0;ShowMaint=0;SuppressFOC=0;INT_ARGS=;INT_RET=;INT_ATT=;SeqTopMargin=50;MatrixActive=0;SwimlanesActive=1;KanbanActive=0;MatrixLineWidth=1;MatrixLineClr=0;MatrixLocked=0;TConnectorNotation=UML 2.1;TExplicitNavigability=0;AdvancedElementProps=1;AdvancedFeatureProps=1;AdvancedConnectorProps=1;m_bElementClassifier=1;SPT=1;MDGDgm=;STBLDgm=;ShowNotes=0;VisibleAttributeDetail=0;ShowOpRetType=1;SuppressBrackets=0;SuppConnectorLabels=0;PrintPageHeadFoot=0;ShowAsList=0;SuppressedCompartments=;Theme=:119;SaveTag=56D01039;"/>
				<swimlanes value="locked=false;orientation=0;width=0;inbar=false;names=false;color=-1;bold=false;fcol=0;tcol=-1;ofCol=-1;ufCol=-1;hl=0;ufh=0;hh=0;cls=0;bw=0;hli=0;SwimlaneFont=lfh:-10,lfw:0,lfi:0,lfu:0,lfs:0,lfface:Calibri,lfe:0,lfo:0,lfchar:1,lfop:0,lfcp:0,lfq:0,lfpf=0,lfWidth=0;"/>
				<matrixitems value="locked=false;matrixactive=false;swimlanesactive=true;kanbanactive=false;width=1;clrLine=0;"/>
				<extendedProperties/>
<elements>
<element geometry="Left=99;Top=50;Right=189;Bottom=390;" subject="EAID_9977D5D6_D839_4e85_9EF1_5Mo5Vc2BeBxk" seqno="1" style="DUID=D5409A04;NSL=0;BCol=-1;BFol=-1;LCol=-1;LWth=-1;fontsz=0;bold=0;black=0;italic=0;ul=0;charset=0;pitch=0;"/>
<element geometry="Left=299;Top=50;Right=389;;Bottom=390;" subject="EAID_7183D05E_D892_423c_850E_t5yTkoOCUK3Y" seqno="2" style="DUID=D5409A04;NSL=0;BCol=-1;BFol=-1;LCol=-1;LWth=-1;fontsz=0;bold=0;black=0;italic=0;ul=0;charset=0;pitch=0;"/>
<element geometry="Left=499;Top=50;Right=589;;Bottom=390;" subject="EAID_7183D05E_D892_423c_850E_1SpTP5dI18wb" seqno="3" style="DUID=D5409A04;NSL=0;BCol=-1;BFol=-1;LCol=-1;LWth=-1;fontsz=0;bold=0;black=0;italic=0;ul=0;charset=0;pitch=0;"/>
<element geometry="SX=0;SY=0;EX=0;EY=0;Path=;" subject="EAID_049D1FF1_0B97_41fb_AC69_41AFgZl1Kjv2" style=";Hidden=0;"/>
<element geometry="SX=0;SY=0;EX=0;EY=0;Path=;" subject="EAID_049D1FF1_0B97_41fb_AC69_41AF0yKQGNvn" style=";Hidden=0;"/>
<element geometry="SX=0;SY=0;EX=0;EY=0;Path=;" subject="EAID_049D1FF1_0B97_41fb_AC69_41AFtO6xYucP" style=";Hidden=0;"/>
<element geometry="SX=0;SY=0;EX=0;EY=0;Path=;" subject="EAID_049D1FF1_0B97_41fb_AC69_41AFuvhfqy2R" style=";Hidden=0;"/>
<element geometry="SX=0;SY=0;EX=0;EY=0;Path=;" subject="EAID_049D1FF1_0B97_41fb_AC69_41AFXoKEZWwg" style=";Hidden=0;"/>
<element geometry="SX=0;SY=0;EX=0;EY=0;Path=;" subject="EAID_049D1FF1_0B97_41fb_AC69_41AF0yKQGNvn" style=";Hidden=0;"/>
<element geometry="SX=0;SY=0;EX=0;EY=0;Path=;" subject="EAID_049D1FF1_0B97_41fb_AC69_41AFPNuXjsWN" style=";Hidden=0;"/>
<element geometry="SX=0;SY=0;EX=0;EY=0;Path=;" subject="EAID_049D1FF1_0B97_41fb_AC69_41AFOr87D9uq" style=";Hidden=0;"/>
</elements>
</diagram>

<diagram xmi:id="EAID_3E9162E8_3B10_4fb1_9A31_y37OWEOaSSvt">
<model package="EAPK_0D4BE3DE_DBA4_430b_9F5D_2D1DC1F19C54" localID="31" owner="EAPK_0D4BE3DE_DBA4_430b_9F5D_2D1DC1F19C54" parent="EAID_586BCAF6_15CB_4a03_81A9_bDShTckxXkcv"/>
<properties name="use cases" type="Sequence"/>
<project author="HOME" version="1.0" created="2018-11-27 16:22:38" modified="2018-11-27 16:23:00"/>
				<style1 value="ShowPrivate=1;ShowProtected=1;ShowPublic=1;HideRelationships=0;Locked=0;Border=1;HighlightForeign=1;PackageContents=1;SequenceNotes=0;ScalePrintImage=0;PPgs.cx=0;PPgs.cy=0;DocSize.cx=850;DocSize.cy=1098;ShowDetails=0;Orientation=P;Zoom=100;ShowTags=0;OpParams=1;VisibleAttributeDetail=0;ShowOpRetType=1;ShowIcons=1;CollabNums=0;HideProps=0;ShowReqs=0;ShowCons=0;PaperSize=1;HideParents=0;UseAlias=0;HideAtts=0;HideOps=0;HideStereo=0;HideElemStereo=0;ShowTests=0;ShowMaint=0;ConnectorNotation=UML 2.1;ExplicitNavigability=0;ShowShape=1;AllDockable=0;AdvancedElementProps=1;AdvancedFeatureProps=1;AdvancedConnectorProps=1;m_bElementClassifier=1;SPT=1;ShowNotes=0;SuppressBrackets=0;SuppConnectorLabels=0;PrintPageHeadFoot=0;ShowAsList=0;"/>
				<style2 value="ExcludeRTF=0;DocAll=0;HideQuals=0;AttPkg=1;ShowTests=0;ShowMaint=0;SuppressFOC=0;INT_ARGS=;INT_RET=;INT_ATT=;SeqTopMargin=50;MatrixActive=0;SwimlanesActive=1;KanbanActive=0;MatrixLineWidth=1;MatrixLineClr=0;MatrixLocked=0;TConnectorNotation=UML 2.1;TExplicitNavigability=0;AdvancedElementProps=1;AdvancedFeatureProps=1;AdvancedConnectorProps=1;m_bElementClassifier=1;SPT=1;MDGDgm=;STBLDgm=;ShowNotes=0;VisibleAttributeDetail=0;ShowOpRetType=1;SuppressBrackets=0;SuppConnectorLabels=0;PrintPageHeadFoot=0;ShowAsList=0;SuppressedCompartments=;Theme=:119;SaveTag=56D01039;"/>
				<swimlanes value="locked=false;orientation=0;width=0;inbar=false;names=false;color=-1;bold=false;fcol=0;tcol=-1;ofCol=-1;ufCol=-1;hl=0;ufh=0;hh=0;cls=0;bw=0;hli=0;SwimlaneFont=lfh:-10,lfw:0,lfi:0,lfu:0,lfs:0,lfface:Calibri,lfe:0,lfo:0,lfchar:1,lfop:0,lfcp:0,lfq:0,lfpf=0,lfWidth=0;"/>
				<matrixitems value="locked=false;matrixactive=false;swimlanesactive=true;kanbanactive=false;width=1;clrLine=0;"/>
				<extendedProperties/>
<elements>
<element geometry="Left=99;Top=50;Right=189;Bottom=390;" subject="EAID_9977D5D6_D839_4e85_9EF1_82TjXBv6IRgp" seqno="1" style="DUID=D5409A04;NSL=0;BCol=-1;BFol=-1;LCol=-1;LWth=-1;fontsz=0;bold=0;black=0;italic=0;ul=0;charset=0;pitch=0;"/>
<element geometry="Left=299;Top=50;Right=389;;Bottom=390;" subject="EAID_7183D05E_D892_423c_850E_nU3GosvyuqfX" seqno="2" style="DUID=D5409A04;NSL=0;BCol=-1;BFol=-1;LCol=-1;LWth=-1;fontsz=0;bold=0;black=0;italic=0;ul=0;charset=0;pitch=0;"/>
<element geometry="Left=499;Top=50;Right=589;;Bottom=390;" subject="EAID_7183D05E_D892_423c_850E_YjLcCdwkMG5k" seqno="3" style="DUID=D5409A04;NSL=0;BCol=-1;BFol=-1;LCol=-1;LWth=-1;fontsz=0;bold=0;black=0;italic=0;ul=0;charset=0;pitch=0;"/>
<element geometry="Left=699;Top=50;Right=789;;Bottom=390;" subject="EAID_7183D05E_D892_423c_850E_AS4xRPJTMRJy" seqno="4" style="DUID=D5409A04;NSL=0;BCol=-1;BFol=-1;LCol=-1;LWth=-1;fontsz=0;bold=0;black=0;italic=0;ul=0;charset=0;pitch=0;"/>
<element geometry="SX=0;SY=0;EX=0;EY=0;Path=;" subject="EAID_049D1FF1_0B97_41fb_AC69_41AFGo7Gi1rD" style=";Hidden=0;"/>
<element geometry="SX=0;SY=0;EX=0;EY=0;Path=;" subject="EAID_049D1FF1_0B97_41fb_AC69_41AFblZW7nM6" style=";Hidden=0;"/>
<element geometry="SX=0;SY=0;EX=0;EY=0;Path=;" subject="EAID_049D1FF1_0B97_41fb_AC69_41AF0fxgUheJ" style=";Hidden=0;"/>
<element geometry="SX=0;SY=0;EX=0;EY=0;Path=;" subject="EAID_049D1FF1_0B97_41fb_AC69_41AFIDIUAfR4" style=";Hidden=0;"/>
<element geometry="SX=0;SY=0;EX=0;EY=0;Path=;" subject="EAID_049D1FF1_0B97_41fb_AC69_41AFjddDehBK" style=";Hidden=0;"/>
<element geometry="SX=0;SY=0;EX=0;EY=0;Path=;" subject="EAID_049D1FF1_0B97_41fb_AC69_41AFAjPfGdbf" style=";Hidden=0;"/>
<element geometry="SX=0;SY=0;EX=0;EY=0;Path=;" subject="EAID_049D1FF1_0B97_41fb_AC69_41AFmLntIqAe" style=";Hidden=0;"/>
<element geometry="SX=0;SY=0;EX=0;EY=0;Path=;" subject="EAID_049D1FF1_0B97_41fb_AC69_41AFvbacvGVr" style=";Hidden=0;"/>
</elements>
</diagram>

<diagram xmi:id="EAID_3E9162E8_3B10_4fb1_9A31_B6YmNHTqrk2n">
<model package="EAPK_0D4BE3DE_DBA4_430b_9F5D_2D1DC1F19C54" localID="32" owner="EAPK_0D4BE3DE_DBA4_430b_9F5D_2D1DC1F19C54" parent="EAID_586BCAF6_15CB_4a03_81A9_OJtm7eMoCXpe"/>
<properties name="use cases" type="Sequence"/>
<project author="HOME" version="1.0" created="2018-11-27 16:22:38" modified="2018-11-27 16:23:00"/>
				<style1 value="ShowPrivate=1;ShowProtected=1;ShowPublic=1;HideRelationships=0;Locked=0;Border=1;HighlightForeign=1;PackageContents=1;SequenceNotes=0;ScalePrintImage=0;PPgs.cx=0;PPgs.cy=0;DocSize.cx=850;DocSize.cy=1098;ShowDetails=0;Orientation=P;Zoom=100;ShowTags=0;OpParams=1;VisibleAttributeDetail=0;ShowOpRetType=1;ShowIcons=1;CollabNums=0;HideProps=0;ShowReqs=0;ShowCons=0;PaperSize=1;HideParents=0;UseAlias=0;HideAtts=0;HideOps=0;HideStereo=0;HideElemStereo=0;ShowTests=0;ShowMaint=0;ConnectorNotation=UML 2.1;ExplicitNavigability=0;ShowShape=1;AllDockable=0;AdvancedElementProps=1;AdvancedFeatureProps=1;AdvancedConnectorProps=1;m_bElementClassifier=1;SPT=1;ShowNotes=0;SuppressBrackets=0;SuppConnectorLabels=0;PrintPageHeadFoot=0;ShowAsList=0;"/>
				<style2 value="ExcludeRTF=0;DocAll=0;HideQuals=0;AttPkg=1;ShowTests=0;ShowMaint=0;SuppressFOC=0;INT_ARGS=;INT_RET=;INT_ATT=;SeqTopMargin=50;MatrixActive=0;SwimlanesActive=1;KanbanActive=0;MatrixLineWidth=1;MatrixLineClr=0;MatrixLocked=0;TConnectorNotation=UML 2.1;TExplicitNavigability=0;AdvancedElementProps=1;AdvancedFeatureProps=1;AdvancedConnectorProps=1;m_bElementClassifier=1;SPT=1;MDGDgm=;STBLDgm=;ShowNotes=0;VisibleAttributeDetail=0;ShowOpRetType=1;SuppressBrackets=0;SuppConnectorLabels=0;PrintPageHeadFoot=0;ShowAsList=0;SuppressedCompartments=;Theme=:119;SaveTag=56D01039;"/>
				<swimlanes value="locked=false;orientation=0;width=0;inbar=false;names=false;color=-1;bold=false;fcol=0;tcol=-1;ofCol=-1;ufCol=-1;hl=0;ufh=0;hh=0;cls=0;bw=0;hli=0;SwimlaneFont=lfh:-10,lfw:0,lfi:0,lfu:0,lfs:0,lfface:Calibri,lfe:0,lfo:0,lfchar:1,lfop:0,lfcp:0,lfq:0,lfpf=0,lfWidth=0;"/>
				<matrixitems value="locked=false;matrixactive=false;swimlanesactive=true;kanbanactive=false;width=1;clrLine=0;"/>
				<extendedProperties/>
<elements>
<element geometry="Left=99;Top=50;Right=189;Bottom=390;" subject="EAID_9977D5D6_D839_4e85_9EF1_RuF1MvfX3Z1Z" seqno="1" style="DUID=D5409A04;NSL=0;BCol=-1;BFol=-1;LCol=-1;LWth=-1;fontsz=0;bold=0;black=0;italic=0;ul=0;charset=0;pitch=0;"/>
<element geometry="Left=299;Top=50;Right=389;;Bottom=390;" subject="EAID_7183D05E_D892_423c_850E_fYwkHpC8y7iL" seqno="2" style="DUID=D5409A04;NSL=0;BCol=-1;BFol=-1;LCol=-1;LWth=-1;fontsz=0;bold=0;black=0;italic=0;ul=0;charset=0;pitch=0;"/>
<element geometry="Left=499;Top=50;Right=589;;Bottom=390;" subject="EAID_7183D05E_D892_423c_850E_Qpg05h9qebbd" seqno="3" style="DUID=D5409A04;NSL=0;BCol=-1;BFol=-1;LCol=-1;LWth=-1;fontsz=0;bold=0;black=0;italic=0;ul=0;charset=0;pitch=0;"/>
<element geometry="SX=0;SY=0;EX=0;EY=0;Path=;" subject="EAID_049D1FF1_0B97_41fb_AC69_41AFI5vlLqV9" style=";Hidden=0;"/>
<element geometry="SX=0;SY=0;EX=0;EY=0;Path=;" subject="EAID_049D1FF1_0B97_41fb_AC69_41AF5L6tEnET" style=";Hidden=0;"/>
<element geometry="SX=0;SY=0;EX=0;EY=0;Path=;" subject="EAID_049D1FF1_0B97_41fb_AC69_41AFbOEWccTa" style=";Hidden=0;"/>
<element geometry="SX=0;SY=0;EX=0;EY=0;Path=;" subject="EAID_049D1FF1_0B97_41fb_AC69_41AFSMuchZmJ" style=";Hidden=0;"/>
<element geometry="SX=0;SY=0;EX=0;EY=0;Path=;" subject="EAID_049D1FF1_0B97_41fb_AC69_41AFegwf0TUb" style=";Hidden=0;"/>
<element geometry="SX=0;SY=0;EX=0;EY=0;Path=;" subject="EAID_049D1FF1_0B97_41fb_AC69_41AFbOEWccTa" style=";Hidden=0;"/>
<element geometry="SX=0;SY=0;EX=0;EY=0;Path=;" subject="EAID_049D1FF1_0B97_41fb_AC69_41AFanFOjkdX" style=";Hidden=0;"/>
<element geometry="SX=0;SY=0;EX=0;EY=0;Path=;" subject="EAID_049D1FF1_0B97_41fb_AC69_41AFYrG0q3Ag" style=";Hidden=0;"/>
</elements>
</diagram>

<diagram xmi:id="EAID_3E9162E8_3B10_4fb1_9A31_rWtm81AThSUZ">
<model package="EAPK_0D4BE3DE_DBA4_430b_9F5D_2D1DC1F19C54" localID="33" owner="EAPK_0D4BE3DE_DBA4_430b_9F5D_2D1DC1F19C54" parent="EAID_586BCAF6_15CB_4a03_81A9_vaYHu0kZmXPE"/>
<properties name="use cases" type="Sequence"/>
<project author="HOME" version="1.0" created="2018-11-27 16:22:38" modified="2018-11-27 16:23:00"/>
				<style1 value="ShowPrivate=1;ShowProtected=1;ShowPublic=1;HideRelationships=0;Locked=0;Border=1;HighlightForeign=1;PackageContents=1;SequenceNotes=0;ScalePrintImage=0;PPgs.cx=0;PPgs.cy=0;DocSize.cx=850;DocSize.cy=1098;ShowDetails=0;Orientation=P;Zoom=100;ShowTags=0;OpParams=1;VisibleAttributeDetail=0;ShowOpRetType=1;ShowIcons=1;CollabNums=0;HideProps=0;ShowReqs=0;ShowCons=0;PaperSize=1;HideParents=0;UseAlias=0;HideAtts=0;HideOps=0;HideStereo=0;HideElemStereo=0;ShowTests=0;ShowMaint=0;ConnectorNotation=UML 2.1;ExplicitNavigability=0;ShowShape=1;AllDockable=0;AdvancedElementProps=1;AdvancedFeatureProps=1;AdvancedConnectorProps=1;m_bElementClassifier=1;SPT=1;ShowNotes=0;SuppressBrackets=0;SuppConnectorLabels=0;PrintPageHeadFoot=0;ShowAsList=0;"/>
				<style2 value="ExcludeRTF=0;DocAll=0;HideQuals=0;AttPkg=1;ShowTests=0;ShowMaint=0;SuppressFOC=0;INT_ARGS=;INT_RET=;INT_ATT=;SeqTopMargin=50;MatrixActive=0;SwimlanesActive=1;KanbanActive=0;MatrixLineWidth=1;MatrixLineClr=0;MatrixLocked=0;TConnectorNotation=UML 2.1;TExplicitNavigability=0;AdvancedElementProps=1;AdvancedFeatureProps=1;AdvancedConnectorProps=1;m_bElementClassifier=1;SPT=1;MDGDgm=;STBLDgm=;ShowNotes=0;VisibleAttributeDetail=0;ShowOpRetType=1;SuppressBrackets=0;SuppConnectorLabels=0;PrintPageHeadFoot=0;ShowAsList=0;SuppressedCompartments=;Theme=:119;SaveTag=56D01039;"/>
				<swimlanes value="locked=false;orientation=0;width=0;inbar=false;names=false;color=-1;bold=false;fcol=0;tcol=-1;ofCol=-1;ufCol=-1;hl=0;ufh=0;hh=0;cls=0;bw=0;hli=0;SwimlaneFont=lfh:-10,lfw:0,lfi:0,lfu:0,lfs:0,lfface:Calibri,lfe:0,lfo:0,lfchar:1,lfop:0,lfcp:0,lfq:0,lfpf=0,lfWidth=0;"/>
				<matrixitems value="locked=false;matrixactive=false;swimlanesactive=true;kanbanactive=false;width=1;clrLine=0;"/>
				<extendedProperties/>
<elements>
<element geometry="Left=99;Top=50;Right=189;Bottom=390;" subject="EAID_9977D5D6_D839_4e85_9EF1_IuJjtx8aNDg6" seqno="1" style="DUID=D5409A04;NSL=0;BCol=-1;BFol=-1;LCol=-1;LWth=-1;fontsz=0;bold=0;black=0;italic=0;ul=0;charset=0;pitch=0;"/>
<element geometry="Left=299;Top=50;Right=389;;Bottom=390;" subject="EAID_7183D05E_D892_423c_850E_u8Ho1YR9dpdF" seqno="2" style="DUID=D5409A04;NSL=0;BCol=-1;BFol=-1;LCol=-1;LWth=-1;fontsz=0;bold=0;black=0;italic=0;ul=0;charset=0;pitch=0;"/>
<element geometry="Left=499;Top=50;Right=589;;Bottom=390;" subject="EAID_7183D05E_D892_423c_850E_22KnzfXlEeci" seqno="3" style="DUID=D5409A04;NSL=0;BCol=-1;BFol=-1;LCol=-1;LWth=-1;fontsz=0;bold=0;black=0;italic=0;ul=0;charset=0;pitch=0;"/>
<element geometry="Left=699;Top=50;Right=789;;Bottom=390;" subject="EAID_7183D05E_D892_423c_850E_yziVmRDQZ4WU" seqno="4" style="DUID=D5409A04;NSL=0;BCol=-1;BFol=-1;LCol=-1;LWth=-1;fontsz=0;bold=0;black=0;italic=0;ul=0;charset=0;pitch=0;"/>
<element geometry="SX=0;SY=0;EX=0;EY=0;Path=;" subject="EAID_049D1FF1_0B97_41fb_AC69_41AFPQkx9UP8" style=";Hidden=0;"/>
<element geometry="SX=0;SY=0;EX=0;EY=0;Path=;" subject="EAID_049D1FF1_0B97_41fb_AC69_41AFgu5xPG8G" style=";Hidden=0;"/>
<element geometry="SX=0;SY=0;EX=0;EY=0;Path=;" subject="EAID_049D1FF1_0B97_41fb_AC69_41AFLo9vqnBL" style=";Hidden=0;"/>
<element geometry="SX=0;SY=0;EX=0;EY=0;Path=;" subject="EAID_049D1FF1_0B97_41fb_AC69_41AFgW559F49" style=";Hidden=0;"/>
<element geometry="SX=0;SY=0;EX=0;EY=0;Path=;" subject="EAID_049D1FF1_0B97_41fb_AC69_41AFJC7POQn8" style=";Hidden=0;"/>
<element geometry="SX=0;SY=0;EX=0;EY=0;Path=;" subject="EAID_049D1FF1_0B97_41fb_AC69_41AFJEUv8SUY" style=";Hidden=0;"/>
<element geometry="SX=0;SY=0;EX=0;EY=0;Path=;" subject="EAID_049D1FF1_0B97_41fb_AC69_41AFLo9vqnBL" style=";Hidden=0;"/>
<element geometry="SX=0;SY=0;EX=0;EY=0;Path=;" subject="EAID_049D1FF1_0B97_41fb_AC69_41AFXZC366TM" style=";Hidden=0;"/>
</elements>
</diagram>
</diagrams>
	</xmi:Extension></xmi:XMI>