<?xml version="1.0" encoding="windows-1252"?>
<xmi:XMI xmi:version="2.1" xmlns:uml="http://schema.omg.org/spec/UML/2.1" xmlns:xmi="http://schema.omg.org/spec/XMI/2.1">
	<xmi:Documentation exporter="Enterprise Architect" exporterVersion="6.5"/>
	<uml:Model xmi:type="uml:Model" name="EA_Model" visibility="public">
		<packagedElement xmi:type="uml:Package" xmi:id="EAPK_0D4BE3DE_DBA4_430b_9F5D_2D1DC1F19C54" name="use cases" visibility="public">
<packagedElement xmi:type="uml:UseCase" xmi:id="EAID_586BCAF6_15CB_4a03_81A9_EF34AE4B312B" name="Add Users1" visibility="public">
<nestedClassifier xmi:type="uml:Collaboration" xmi:id="EAID_CB000000_AF6_15CB_4a03_81A9_EF34AE4B312" name="EA_Collaboration1" visibility="public">
<ownedBehavior xmi:type="uml:Interaction" xmi:id="EAID_IN000000_AF6_15CB_4a03_81A9_EF34AE4B312" name="EA_Interaction1" visibility="public">
<lifeline xmi:type="uml:Lifeline" xmi:id="EAID_LL000000_D892_423c_850E_8109476FDED0" name="User" visibility="public" represents="EAID_AT000000_D892_423c_850E_8109476FDED0"/>
<lifeline xmi:type="uml:Lifeline" xmi:id="EAID_7183D05E_D892_423c_850E_2wwGQngbFX5z" name="Comments" visibility="public" represents="EAID_AT000000_D892_423c_850E_2wwGQngbFX5z"/>
<lifeline xmi:type="uml:Lifeline" xmi:id="EAID_7183D05E_D892_423c_850E_COBS9nQ8Hp2c" name="Search Results" visibility="public" represents="EAID_AT000000_D892_423c_850E_COBS9nQ8Hp2c"/>
<lifeline xmi:type="uml:Lifeline" xmi:id="EAID_7183D05E_D892_423c_850E_Q8pMIo9iPezR" name="Business Claim" visibility="public" represents="EAID_AT000000_D892_423c_850E_Q8pMIo9iPezR"/>
<lifeline xmi:type="uml:Lifeline" xmi:id="EAID_7183D05E_D892_423c_850E_rmqznPctO0CT" name="$help://use_case_model_pattern.htm" visibility="public" represents="EAID_AT000000_D892_423c_850E_rmqznPctO0CT"/>
<lifeline xmi:type="uml:Lifeline" xmi:id="EAID_7183D05E_D892_423c_850E_d0xlFUFa9ebJ" name="Question Form" visibility="public" represents="EAID_AT000000_D892_423c_850E_d0xlFUFa9ebJ"/>
<fragment xmi:type="uml:OccurrenceSpecification" xmi:id="EAID_FR000002_D892_423c_850E_8109476FDED0" covered="EAID_LL000000_D892_423c_850E_8109476FDED0"/>
<fragment xmi:type="uml:OccurrenceSpecification" xmi:id="EAID_FR000003_D892_423c_850E_2wwGQngbFX5z" covered="EAID_7183D05E_D892_423c_850E_2wwGQngbFX5z"/>
<fragment xmi:type="uml:OccurrenceSpecification" xmi:id="EAID_FR000004_D892_423c_850E_2wwGQngbFX5z" covered="EAID_7183D05E_D892_423c_850E_2wwGQngbFX5z"/>
<fragment xmi:type="uml:OccurrenceSpecification" xmi:id="EAID_FR000005_D892_423c_850E_d0xlFUFa9ebJ" covered="EAID_7183D05E_D892_423c_850E_d0xlFUFa9ebJ"/>
<fragment xmi:type="uml:OccurrenceSpecification" xmi:id="EAID_FR000006_D892_423c_850E_d0xlFUFa9ebJ" covered="EAID_7183D05E_D892_423c_850E_d0xlFUFa9ebJ"/>
<fragment xmi:type="uml:OccurrenceSpecification" xmi:id="EAID_FR000007_D892_423c_850E_rmqznPctO0CT" covered="EAID_7183D05E_D892_423c_850E_rmqznPctO0CT"/>
<fragment xmi:type="uml:OccurrenceSpecification" xmi:id="EAID_FR000008_D892_423c_850E_rmqznPctO0CT" covered="EAID_7183D05E_D892_423c_850E_rmqznPctO0CT"/>
<fragment xmi:type="uml:OccurrenceSpecification" xmi:id="EAID_FR000009_D892_423c_850E_Q8pMIo9iPezR" covered="EAID_7183D05E_D892_423c_850E_Q8pMIo9iPezR"/>
<fragment xmi:type="uml:OccurrenceSpecification" xmi:id="EAID_FR0000010_D892_423c_850E_Q8pMIo9iPezR" covered="EAID_7183D05E_D892_423c_850E_Q8pMIo9iPezR"/>
<fragment xmi:type="uml:OccurrenceSpecification" xmi:id="EAID_FR0000011_D892_423c_850E_COBS9nQ8Hp2c" covered="EAID_7183D05E_D892_423c_850E_COBS9nQ8Hp2c"/>
<fragment xmi:type="uml:OccurrenceSpecification" xmi:id="EAID_FR0000012_D892_423c_850E_COBS9nQ8Hp2c" covered="EAID_7183D05E_D892_423c_850E_COBS9nQ8Hp2c"/>
<fragment xmi:type="uml:OccurrenceSpecification" xmi:id="EAID_FR0000013_D892_423c_850E_COBS9nQ8Hp2c" covered="EAID_7183D05E_D892_423c_850E_COBS9nQ8Hp2c"/>
<fragment xmi:type="uml:OccurrenceSpecification" xmi:id="EAID_FR0000014_D892_423c_850E_COBS9nQ8Hp2c" covered="EAID_7183D05E_D892_423c_850E_COBS9nQ8Hp2c"/>
<fragment xmi:type="uml:OccurrenceSpecification" xmi:id="EAID_FR0000015_D892_423c_850E_rmqznPctO0CT" covered="EAID_7183D05E_D892_423c_850E_rmqznPctO0CT"/>
<fragment xmi:type="uml:OccurrenceSpecification" xmi:id="EAID_FR0000016_D892_423c_850E_rmqznPctO0CT" covered="EAID_7183D05E_D892_423c_850E_rmqznPctO0CT"/>
<fragment xmi:type="uml:OccurrenceSpecification" xmi:id="EAID_FR0000017_D892_423c_850E_Q8pMIo9iPezR" covered="EAID_7183D05E_D892_423c_850E_Q8pMIo9iPezR"/>
<fragment xmi:type="uml:OccurrenceSpecification" xmi:id="EAID_FR0000018_D892_423c_850E_Q8pMIo9iPezR" covered="EAID_7183D05E_D892_423c_850E_Q8pMIo9iPezR"/>
<fragment xmi:type="uml:OccurrenceSpecification" xmi:id="EAID_FR0000019_D892_423c_850E_Q8pMIo9iPezR" covered="EAID_7183D05E_D892_423c_850E_Q8pMIo9iPezR"/>
<fragment xmi:type="uml:OccurrenceSpecification" xmi:id="EAID_FR00000110_D892_423c_850E_Q8pMIo9iPezR" covered="EAID_7183D05E_D892_423c_850E_Q8pMIo9iPezR"/>
<fragment xmi:type="uml:OccurrenceSpecification" xmi:id="EAID_FR00000111_D892_423c_850E_Q8pMIo9iPezR" covered="EAID_7183D05E_D892_423c_850E_Q8pMIo9iPezR"/>
<fragment xmi:type="uml:OccurrenceSpecification" xmi:id="EAID_FR00000112_D892_423c_850E_Q8pMIo9iPezR" covered="EAID_7183D05E_D892_423c_850E_Q8pMIo9iPezR"/>
<fragment xmi:type="uml:OccurrenceSpecification" xmi:id="EAID_FR00000113_D892_423c_850E_d0xlFUFa9ebJ" covered="EAID_7183D05E_D892_423c_850E_d0xlFUFa9ebJ"/>
<fragment xmi:type="uml:OccurrenceSpecification" xmi:id="EAID_FR00000114_D892_423c_850E_d0xlFUFa9ebJ" covered="EAID_7183D05E_D892_423c_850E_d0xlFUFa9ebJ"/>
<fragment xmi:type="uml:OccurrenceSpecification" xmi:id="EAID_FR00000115_D892_423c_850E_Q8pMIo9iPezR" covered="EAID_7183D05E_D892_423c_850E_Q8pMIo9iPezR"/>
<fragment xmi:type="uml:OccurrenceSpecification" xmi:id="EAID_FR00000116_D892_423c_850E_8109476FDED0" covered="EAID_LL000000_D892_423c_850E_8109476FDED0"/>
<fragment xmi:type="uml:OccurrenceSpecification" xmi:id="EAID_FR00000117_D892_423c_850E_COBS9nQ8Hp2c" covered="EAID_7183D05E_D892_423c_850E_COBS9nQ8Hp2c"/>
<fragment xmi:type="uml:OccurrenceSpecification" xmi:id="EAID_FR00000118_D892_423c_850E_COBS9nQ8Hp2c" covered="EAID_7183D05E_D892_423c_850E_COBS9nQ8Hp2c"/>
<fragment xmi:type="uml:OccurrenceSpecification" xmi:id="EAID_FR00000119_D892_423c_850E_COBS9nQ8Hp2c" covered="EAID_7183D05E_D892_423c_850E_COBS9nQ8Hp2c"/>
<fragment xmi:type="uml:OccurrenceSpecification" xmi:id="EAID_FR000001110_D892_423c_850E_8109476FDED0" covered="EAID_LL000000_D892_423c_850E_8109476FDED0"/>
<fragment xmi:type="uml:OccurrenceSpecification" xmi:id="EAID_FR000001111_D892_423c_850E_Q8pMIo9iPezR" covered="EAID_7183D05E_D892_423c_850E_Q8pMIo9iPezR"/>
<fragment xmi:type="uml:OccurrenceSpecification" xmi:id="EAID_FR000001112_D892_423c_850E_Q8pMIo9iPezR" covered="EAID_7183D05E_D892_423c_850E_Q8pMIo9iPezR"/>
<fragment xmi:type="uml:OccurrenceSpecification" xmi:id="EAID_FR000001113_D892_423c_850E_d0xlFUFa9ebJ" covered="EAID_7183D05E_D892_423c_850E_d0xlFUFa9ebJ"/>
<fragment xmi:type="uml:OccurrenceSpecification" xmi:id="EAID_FR000001114_D892_423c_850E_8109476FDED0" covered="EAID_LL000000_D892_423c_850E_8109476FDED0"/>
<fragment xmi:type="uml:OccurrenceSpecification" xmi:id="EAID_FR000001115_D892_423c_850E_rmqznPctO0CT" covered="EAID_7183D05E_D892_423c_850E_rmqznPctO0CT"/>
<fragment xmi:type="uml:OccurrenceSpecification" xmi:id="EAID_FR000001116_D892_423c_850E_rmqznPctO0CT" covered="EAID_7183D05E_D892_423c_850E_rmqznPctO0CT"/>
<fragment xmi:type="uml:OccurrenceSpecification" xmi:id="EAID_FR000001117_D892_423c_850E_Q8pMIo9iPezR" covered="EAID_7183D05E_D892_423c_850E_Q8pMIo9iPezR"/>
<message xmi:type="uml:Message" xmi:id="EAID_049D1FF1_0B97_41fb_AC69_41AF9Hh2u23D" name="Homepage" messageKind="complete" messageSort="synchCall" sendEvent="EAID_FR000001114_D892_423c_850E_8109476FDED0" receiveEvent="EAID_FR000004_D892_423c_850E_2wwGQngbFX5z"/>
<message xmi:type="uml:Message" xmi:id="EAID_049D1FF1_0B97_41fb_AC69_41AFKYlZAx2B" name="displayselectionpanel" messageKind="complete" messageSort="synchCall" sendEvent="EAID_FR000004_D892_423c_850E_2wwGQngbFX5z" receiveEvent="EAID_FR000001113_D892_423c_850E_d0xlFUFa9ebJ"/>
<message xmi:type="uml:Message" xmi:id="EAID_049D1FF1_0B97_41fb_AC69_41AFjDve7Uf0" name="operationselectionpanel" messageKind="complete" messageSort="synchCall" sendEvent="EAID_FR000001113_D892_423c_850E_d0xlFUFa9ebJ" receiveEvent="EAID_FR000001116_D892_423c_850E_rmqznPctO0CT"/>
<message xmi:type="uml:Message" xmi:id="EAID_049D1FF1_0B97_41fb_AC69_41AFWmwlf4qp" name="Querybusinessbyoptions" messageKind="complete" messageSort="synchCall" sendEvent="EAID_FR000001116_D892_423c_850E_rmqznPctO0CT" receiveEvent="EAID_FR000001117_D892_423c_850E_Q8pMIo9iPezR"/>
<message xmi:type="uml:Message" xmi:id="EAID_049D1FF1_0B97_41fb_AC69_41AFwi58WHik" name="Noresultfoundmessage" messageKind="complete" messageSort="synchCall" sendEvent="EAID_FR000001117_D892_423c_850E_Q8pMIo9iPezR" receiveEvent="EAID_FR00000119_D892_423c_850E_COBS9nQ8Hp2c"/>
<message xmi:type="uml:Message" xmi:id="EAID_049D1FF1_0B97_41fb_AC69_41AFboGHtcM1" name="redirecttosearchpanel" messageKind="complete" messageSort="synchCall" sendEvent="EAID_FR00000119_D892_423c_850E_COBS9nQ8Hp2c" receiveEvent="EAID_FR00000119_D892_423c_850E_COBS9nQ8Hp2c"/>
<message xmi:type="uml:Message" xmi:id="EAID_049D1FF1_0B97_41fb_AC69_41AF8Eh0vul9" name="operationselectionpanel" messageKind="complete" messageSort="synchCall" sendEvent="EAID_FR00000119_D892_423c_850E_COBS9nQ8Hp2c" receiveEvent="EAID_FR000001116_D892_423c_850E_rmqznPctO0CT"/>
<message xmi:type="uml:Message" xmi:id="EAID_049D1FF1_0B97_41fb_AC69_41AFw0n6LUIR" name="Querybusinessbyoptions" messageKind="complete" messageSort="synchCall" sendEvent="EAID_FR000001116_D892_423c_850E_rmqznPctO0CT" receiveEvent="EAID_FR000001117_D892_423c_850E_Q8pMIo9iPezR"/>
<message xmi:type="uml:Message" xmi:id="EAID_049D1FF1_0B97_41fb_AC69_41AFFCpDl1Xt" name="business" messageKind="complete" messageSort="synchCall" sendEvent="EAID_FR000001117_D892_423c_850E_Q8pMIo9iPezR" receiveEvent="EAID_FR000001117_D892_423c_850E_Q8pMIo9iPezR"/>
<message xmi:type="uml:Message" xmi:id="EAID_049D1FF1_0B97_41fb_AC69_41AFTPpohpKn" name="businesslist" messageKind="complete" messageSort="synchCall" sendEvent="EAID_FR000001117_D892_423c_850E_Q8pMIo9iPezR" receiveEvent="EAID_FR000001117_D892_423c_850E_Q8pMIo9iPezR"/>
<message xmi:type="uml:Message" xmi:id="EAID_049D1FF1_0B97_41fb_AC69_41AFulTfYkyJ" name="Querybusinessinformation" messageKind="complete" messageSort="synchCall" sendEvent="EAID_FR000001117_D892_423c_850E_Q8pMIo9iPezR" receiveEvent="EAID_FR000001113_D892_423c_850E_d0xlFUFa9ebJ"/>
<message xmi:type="uml:Message" xmi:id="EAID_049D1FF1_0B97_41fb_AC69_41AFykfDXsRF" name="business" messageKind="complete" messageSort="synchCall" sendEvent="EAID_FR000001113_D892_423c_850E_d0xlFUFa9ebJ" receiveEvent="EAID_FR000001117_D892_423c_850E_Q8pMIo9iPezR"/>
<message xmi:type="uml:Message" xmi:id="EAID_049D1FF1_0B97_41fb_AC69_41AFTjfgMgCZ" name="Noresultfoundmessage" messageKind="complete" messageSort="synchCall" sendEvent="EAID_FR000001114_D892_423c_850E_8109476FDED0" receiveEvent="EAID_FR00000119_D892_423c_850E_COBS9nQ8Hp2c"/>
<message xmi:type="uml:Message" xmi:id="EAID_049D1FF1_0B97_41fb_AC69_41AFoDklB4ky" name="redirecttosearchpanel" messageKind="complete" messageSort="synchCall" sendEvent="EAID_FR00000119_D892_423c_850E_COBS9nQ8Hp2c" receiveEvent="EAID_FR00000119_D892_423c_850E_COBS9nQ8Hp2c"/>
<message xmi:type="uml:Message" xmi:id="EAID_049D1FF1_0B97_41fb_AC69_41AFIp0JNpss" name="businesslist" messageKind="complete" messageSort="synchCall" sendEvent="EAID_FR000001114_D892_423c_850E_8109476FDED0" receiveEvent="EAID_FR000001117_D892_423c_850E_Q8pMIo9iPezR"/>
<message xmi:type="uml:Message" xmi:id="EAID_049D1FF1_0B97_41fb_AC69_41AFe9whQepT" name="Querybusinessinformation" messageKind="complete" messageSort="synchCall" sendEvent="EAID_FR000001117_D892_423c_850E_Q8pMIo9iPezR" receiveEvent="EAID_FR000001113_D892_423c_850E_d0xlFUFa9ebJ"/>
<message xmi:type="uml:Message" xmi:id="EAID_049D1FF1_0B97_41fb_AC69_41AFz3vEdc0G" name="operationselectionpanel" messageKind="complete" messageSort="synchCall" sendEvent="EAID_FR000001114_D892_423c_850E_8109476FDED0" receiveEvent="EAID_FR000001116_D892_423c_850E_rmqznPctO0CT"/>
<message xmi:type="uml:Message" xmi:id="EAID_049D1FF1_0B97_41fb_AC69_41AFlWoziU4b" name="Querybusinessbyoptions" messageKind="complete" messageSort="synchCall" sendEvent="EAID_FR000001116_D892_423c_850E_rmqznPctO0CT" receiveEvent="EAID_FR000001117_D892_423c_850E_Q8pMIo9iPezR"/>
</ownedBehavior>
<ownedAttribute xmi:type="uml:Property" xmi:id="EAID_AT000000_D892_423c_850E_2wwGQngbFX5z"/>
<ownedAttribute xmi:type="uml:Property" xmi:id="EAID_AT000000_D892_423c_850E_COBS9nQ8Hp2c"/>
<ownedAttribute xmi:type="uml:Property" xmi:id="EAID_AT000000_D892_423c_850E_Q8pMIo9iPezR"/>
<ownedAttribute xmi:type="uml:Property" xmi:id="EAID_AT000000_D892_423c_850E_rmqznPctO0CT"/>
<ownedAttribute xmi:type="uml:Property" xmi:id="EAID_AT000000_D892_423c_850E_d0xlFUFa9ebJ"/>
<ownedAttribute xmi:type="uml:Property" xmi:id="EAID_AT000000_D892_423c_850E_8109476FDED0">
<type xmi:idref="EAID_9977D5D6_D839_4e85_9EF1_38844704F245"/>
					</ownedAttribute>
				</nestedClassifier>
			</packagedElement>
<packagedElement xmi:type="uml:Actor" xmi:id="EAID_9977D5D6_D839_4e85_9EF1_38844704F245" name="User" visibility="public"/>

<packagedElement xmi:type="uml:UseCase" xmi:id="EAID_586BCAF6_15CB_4a03_81A9_6wvt5gOqUcbd" name="Add Users2" visibility="public">
<nestedClassifier xmi:type="uml:Collaboration" xmi:id="EAID_CB000000_AF6_15CB_4a03_81A9_jerFfeygDkp" name="EA_Collaboration2" visibility="public">
<ownedBehavior xmi:type="uml:Interaction" xmi:id="EAID_IN000000_AF6_15CB_4a03_81A9_odMC8Zou3nH" name="EA_Interaction2" visibility="public">
<lifeline xmi:type="uml:Lifeline" xmi:id="EAID_LL000000_D892_423c_850E_d0xlFUFa9ebJ" name="User" visibility="public" represents="EAID_AT000000_D892_423c_850E_8109476FDED0"/>
<lifeline xmi:type="uml:Lifeline" xmi:id="EAID_7183D05E_D892_423c_850E_3LP2HlKKlnBR" name="Business Owner Profile" visibility="public" represents="EAID_AT000000_D892_423c_850E_3LP2HlKKlnBR"/>
<lifeline xmi:type="uml:Lifeline" xmi:id="EAID_7183D05E_D892_423c_850E_1Xn9JOB7wtFD" name="tipcalculatorpage" visibility="public" represents="EAID_AT000000_D892_423c_850E_1Xn9JOB7wtFD"/>
<lifeline xmi:type="uml:Lifeline" xmi:id="EAID_7183D05E_D892_423c_850E_ooXdSoDBHCHu" name="Business Claim" visibility="public" represents="EAID_AT000000_D892_423c_850E_ooXdSoDBHCHu"/>
<lifeline xmi:type="uml:Lifeline" xmi:id="EAID_7183D05E_D892_423c_850E_rE3jByrOrOFt" name="Business Profile" visibility="public" represents="EAID_AT000000_D892_423c_850E_rE3jByrOrOFt"/>
<fragment xmi:type="uml:OccurrenceSpecification" xmi:id="EAID_FR000002_D892_423c_850E_d0xlFUFa9ebJ" covered="EAID_LL000000_D892_423c_850E_d0xlFUFa9ebJ"/>
<fragment xmi:type="uml:OccurrenceSpecification" xmi:id="EAID_FR000003_D892_423c_850E_1Xn9JOB7wtFD" covered="EAID_7183D05E_D892_423c_850E_1Xn9JOB7wtFD"/>
<fragment xmi:type="uml:OccurrenceSpecification" xmi:id="EAID_FR000004_D892_423c_850E_1Xn9JOB7wtFD" covered="EAID_7183D05E_D892_423c_850E_1Xn9JOB7wtFD"/>
<fragment xmi:type="uml:OccurrenceSpecification" xmi:id="EAID_FR000005_D892_423c_850E_1Xn9JOB7wtFD" covered="EAID_7183D05E_D892_423c_850E_1Xn9JOB7wtFD"/>
<fragment xmi:type="uml:OccurrenceSpecification" xmi:id="EAID_FR000006_D892_423c_850E_1Xn9JOB7wtFD" covered="EAID_7183D05E_D892_423c_850E_1Xn9JOB7wtFD"/>
<fragment xmi:type="uml:OccurrenceSpecification" xmi:id="EAID_FR000007_D892_423c_850E_3LP2HlKKlnBR" covered="EAID_7183D05E_D892_423c_850E_3LP2HlKKlnBR"/>
<fragment xmi:type="uml:OccurrenceSpecification" xmi:id="EAID_FR000008_D892_423c_850E_1Xn9JOB7wtFD" covered="EAID_7183D05E_D892_423c_850E_1Xn9JOB7wtFD"/>
<fragment xmi:type="uml:OccurrenceSpecification" xmi:id="EAID_FR000009_D892_423c_850E_ooXdSoDBHCHu" covered="EAID_7183D05E_D892_423c_850E_ooXdSoDBHCHu"/>
<fragment xmi:type="uml:OccurrenceSpecification" xmi:id="EAID_FR0000010_D892_423c_850E_ooXdSoDBHCHu" covered="EAID_7183D05E_D892_423c_850E_ooXdSoDBHCHu"/>
<fragment xmi:type="uml:OccurrenceSpecification" xmi:id="EAID_FR0000011_D892_423c_850E_rE3jByrOrOFt" covered="EAID_7183D05E_D892_423c_850E_rE3jByrOrOFt"/>
<fragment xmi:type="uml:OccurrenceSpecification" xmi:id="EAID_FR0000012_D892_423c_850E_d0xlFUFa9ebJ" covered="EAID_LL000000_D892_423c_850E_d0xlFUFa9ebJ"/>
<fragment xmi:type="uml:OccurrenceSpecification" xmi:id="EAID_FR0000013_D892_423c_850E_1Xn9JOB7wtFD" covered="EAID_7183D05E_D892_423c_850E_1Xn9JOB7wtFD"/>
<fragment xmi:type="uml:OccurrenceSpecification" xmi:id="EAID_FR0000014_D892_423c_850E_1Xn9JOB7wtFD" covered="EAID_7183D05E_D892_423c_850E_1Xn9JOB7wtFD"/>
<fragment xmi:type="uml:OccurrenceSpecification" xmi:id="EAID_FR0000015_D892_423c_850E_1Xn9JOB7wtFD" covered="EAID_7183D05E_D892_423c_850E_1Xn9JOB7wtFD"/>
<fragment xmi:type="uml:OccurrenceSpecification" xmi:id="EAID_FR0000016_D892_423c_850E_1Xn9JOB7wtFD" covered="EAID_7183D05E_D892_423c_850E_1Xn9JOB7wtFD"/>
<fragment xmi:type="uml:OccurrenceSpecification" xmi:id="EAID_FR0000017_D892_423c_850E_1Xn9JOB7wtFD" covered="EAID_7183D05E_D892_423c_850E_1Xn9JOB7wtFD"/>
<fragment xmi:type="uml:OccurrenceSpecification" xmi:id="EAID_FR0000018_D892_423c_850E_1Xn9JOB7wtFD" covered="EAID_7183D05E_D892_423c_850E_1Xn9JOB7wtFD"/>
<fragment xmi:type="uml:OccurrenceSpecification" xmi:id="EAID_FR0000019_D892_423c_850E_1Xn9JOB7wtFD" covered="EAID_7183D05E_D892_423c_850E_1Xn9JOB7wtFD"/>
<message xmi:type="uml:Message" xmi:id="EAID_049D1FF1_0B97_41fb_AC69_41AFztGGoy3F" name="tipcalculatorpage" messageKind="complete" messageSort="synchCall" sendEvent="EAID_FR0000012_D892_423c_850E_d0xlFUFa9ebJ" receiveEvent="EAID_FR0000019_D892_423c_850E_1Xn9JOB7wtFD"/>
<message xmi:type="uml:Message" xmi:id="EAID_049D1FF1_0B97_41fb_AC69_41AFlaQZTowY" name="calculatetipsbasedoninputinfo" messageKind="complete" messageSort="synchCall" sendEvent="EAID_FR0000019_D892_423c_850E_1Xn9JOB7wtFD" receiveEvent="EAID_FR0000019_D892_423c_850E_1Xn9JOB7wtFD"/>
<message xmi:type="uml:Message" xmi:id="EAID_049D1FF1_0B97_41fb_AC69_41AFIkxcYmnE" name="Internetbrowser" messageKind="complete" messageSort="synchCall" sendEvent="EAID_FR0000019_D892_423c_850E_1Xn9JOB7wtFD" receiveEvent="EAID_FR000007_D892_423c_850E_3LP2HlKKlnBR"/>
<message xmi:type="uml:Message" xmi:id="EAID_049D1FF1_0B97_41fb_AC69_41AF0oDusDcq" name="displayaddedbusinesspage" messageKind="complete" messageSort="synchCall" sendEvent="EAID_FR0000019_D892_423c_850E_1Xn9JOB7wtFD" receiveEvent="EAID_FR0000010_D892_423c_850E_ooXdSoDBHCHu"/>
<message xmi:type="uml:Message" xmi:id="EAID_049D1FF1_0B97_41fb_AC69_41AFHlipunAX" name="pdffile" messageKind="complete" messageSort="synchCall" sendEvent="EAID_FR0000010_D892_423c_850E_ooXdSoDBHCHu" receiveEvent="EAID_FR0000011_D892_423c_850E_rE3jByrOrOFt"/>
<message xmi:type="uml:Message" xmi:id="EAID_049D1FF1_0B97_41fb_AC69_41AFSioSRGgQ" name="tipcalculatorbutton" messageKind="complete" messageSort="synchCall" sendEvent="EAID_FR0000012_D892_423c_850E_d0xlFUFa9ebJ" receiveEvent="EAID_FR0000019_D892_423c_850E_1Xn9JOB7wtFD"/>
<message xmi:type="uml:Message" xmi:id="EAID_049D1FF1_0B97_41fb_AC69_41AF6ZMqsAac" name="displaytipcalculatorpage" messageKind="complete" messageSort="synchCall" sendEvent="EAID_FR0000019_D892_423c_850E_1Xn9JOB7wtFD" receiveEvent="EAID_FR0000019_D892_423c_850E_1Xn9JOB7wtFD"/>
<message xmi:type="uml:Message" xmi:id="EAID_049D1FF1_0B97_41fb_AC69_41AFejh1jjfO" name="tipcalculatorpage" messageKind="complete" messageSort="synchCall" sendEvent="EAID_FR0000019_D892_423c_850E_1Xn9JOB7wtFD" receiveEvent="EAID_FR0000019_D892_423c_850E_1Xn9JOB7wtFD"/>
<message xmi:type="uml:Message" xmi:id="EAID_049D1FF1_0B97_41fb_AC69_41AFldqAQ5Y8" name="calculatetipsbasedoninputinfo" messageKind="complete" messageSort="synchCall" sendEvent="EAID_FR0000019_D892_423c_850E_1Xn9JOB7wtFD" receiveEvent="EAID_FR0000019_D892_423c_850E_1Xn9JOB7wtFD"/>
</ownedBehavior>
<ownedAttribute xmi:type="uml:Property" xmi:id="EAID_AT000000_D892_423c_850E_3LP2HlKKlnBR"/>
<ownedAttribute xmi:type="uml:Property" xmi:id="EAID_AT000000_D892_423c_850E_1Xn9JOB7wtFD"/>
<ownedAttribute xmi:type="uml:Property" xmi:id="EAID_AT000000_D892_423c_850E_ooXdSoDBHCHu"/>
<ownedAttribute xmi:type="uml:Property" xmi:id="EAID_AT000000_D892_423c_850E_rE3jByrOrOFt"/>
<ownedAttribute xmi:type="uml:Property" xmi:id="EAID_AT000000_D892_423c_850E_8109476FDED0">
<type xmi:idref="EAID_9977D5D6_D839_4e85_9EF1_Aq5jTqQy50fW"/>
					</ownedAttribute>
				</nestedClassifier>
			</packagedElement>
<packagedElement xmi:type="uml:Actor" xmi:id="EAID_9977D5D6_D839_4e85_9EF1_Aq5jTqQy50fW" name="User" visibility="public"/>

</packagedElement>
</uml:Model>
<xmi:Extension extender="Enterprise Architect" extenderID="6.5">
<primitivetypes>
			<packagedElement xmi:type="uml:Package" xmi:id="EAPrimitiveTypesPackage" name="EA_PrimitiveTypes_Package" visibility="public"/>
		</primitivetypes>
<profiles/><diagrams>

<diagram xmi:id="EAID_3E9162E8_3B10_4fb1_9A31_pWtg8RSlsiYu">
<model package="EAPK_0D4BE3DE_DBA4_430b_9F5D_2D1DC1F19C54" localID="25" owner="EAPK_0D4BE3DE_DBA4_430b_9F5D_2D1DC1F19C54" parent="EAID_586BCAF6_15CB_4a03_81A9_EF34AE4B312B"/>
<properties name="use cases" type="Sequence"/>
<project author="HOME" version="1.0" created="2018-11-27 16:22:38" modified="2018-11-27 16:23:00"/>
				<style1 value="ShowPrivate=1;ShowProtected=1;ShowPublic=1;HideRelationships=0;Locked=0;Border=1;HighlightForeign=1;PackageContents=1;SequenceNotes=0;ScalePrintImage=0;PPgs.cx=0;PPgs.cy=0;DocSize.cx=850;DocSize.cy=1098;ShowDetails=0;Orientation=P;Zoom=100;ShowTags=0;OpParams=1;VisibleAttributeDetail=0;ShowOpRetType=1;ShowIcons=1;CollabNums=0;HideProps=0;ShowReqs=0;ShowCons=0;PaperSize=1;HideParents=0;UseAlias=0;HideAtts=0;HideOps=0;HideStereo=0;HideElemStereo=0;ShowTests=0;ShowMaint=0;ConnectorNotation=UML 2.1;ExplicitNavigability=0;ShowShape=1;AllDockable=0;AdvancedElementProps=1;AdvancedFeatureProps=1;AdvancedConnectorProps=1;m_bElementClassifier=1;SPT=1;ShowNotes=0;SuppressBrackets=0;SuppConnectorLabels=0;PrintPageHeadFoot=0;ShowAsList=0;"/>
				<style2 value="ExcludeRTF=0;DocAll=0;HideQuals=0;AttPkg=1;ShowTests=0;ShowMaint=0;SuppressFOC=0;INT_ARGS=;INT_RET=;INT_ATT=;SeqTopMargin=50;MatrixActive=0;SwimlanesActive=1;KanbanActive=0;MatrixLineWidth=1;MatrixLineClr=0;MatrixLocked=0;TConnectorNotation=UML 2.1;TExplicitNavigability=0;AdvancedElementProps=1;AdvancedFeatureProps=1;AdvancedConnectorProps=1;m_bElementClassifier=1;SPT=1;MDGDgm=;STBLDgm=;ShowNotes=0;VisibleAttributeDetail=0;ShowOpRetType=1;SuppressBrackets=0;SuppConnectorLabels=0;PrintPageHeadFoot=0;ShowAsList=0;SuppressedCompartments=;Theme=:119;SaveTag=56D01039;"/>
				<swimlanes value="locked=false;orientation=0;width=0;inbar=false;names=false;color=-1;bold=false;fcol=0;tcol=-1;ofCol=-1;ufCol=-1;hl=0;ufh=0;hh=0;cls=0;bw=0;hli=0;SwimlaneFont=lfh:-10,lfw:0,lfi:0,lfu:0,lfs:0,lfface:Calibri,lfe:0,lfo:0,lfchar:1,lfop:0,lfcp:0,lfq:0,lfpf=0,lfWidth=0;"/>
				<matrixitems value="locked=false;matrixactive=false;swimlanesactive=true;kanbanactive=false;width=1;clrLine=0;"/>
				<extendedProperties/>
<elements>
<element geometry="Left=99;Top=50;Right=189;Bottom=390;" subject="EAID_9977D5D6_D839_4e85_9EF1_38844704F245" seqno="1" style="DUID=D5409A04;NSL=0;BCol=-1;BFol=-1;LCol=-1;LWth=-1;fontsz=0;bold=0;black=0;italic=0;ul=0;charset=0;pitch=0;"/>
<element geometry="Left=299;Top=50;Right=389;;Bottom=390;" subject="EAID_7183D05E_D892_423c_850E_2wwGQngbFX5z" seqno="2" style="DUID=D5409A04;NSL=0;BCol=-1;BFol=-1;LCol=-1;LWth=-1;fontsz=0;bold=0;black=0;italic=0;ul=0;charset=0;pitch=0;"/>
<element geometry="Left=499;Top=50;Right=589;;Bottom=390;" subject="EAID_7183D05E_D892_423c_850E_COBS9nQ8Hp2c" seqno="3" style="DUID=D5409A04;NSL=0;BCol=-1;BFol=-1;LCol=-1;LWth=-1;fontsz=0;bold=0;black=0;italic=0;ul=0;charset=0;pitch=0;"/>
<element geometry="Left=699;Top=50;Right=789;;Bottom=390;" subject="EAID_7183D05E_D892_423c_850E_Q8pMIo9iPezR" seqno="4" style="DUID=D5409A04;NSL=0;BCol=-1;BFol=-1;LCol=-1;LWth=-1;fontsz=0;bold=0;black=0;italic=0;ul=0;charset=0;pitch=0;"/>
<element geometry="Left=899;Top=50;Right=989;;Bottom=390;" subject="EAID_7183D05E_D892_423c_850E_rmqznPctO0CT" seqno="5" style="DUID=D5409A04;NSL=0;BCol=-1;BFol=-1;LCol=-1;LWth=-1;fontsz=0;bold=0;black=0;italic=0;ul=0;charset=0;pitch=0;"/>
<element geometry="Left=1099;Top=50;Right=1189;;Bottom=390;" subject="EAID_7183D05E_D892_423c_850E_d0xlFUFa9ebJ" seqno="6" style="DUID=D5409A04;NSL=0;BCol=-1;BFol=-1;LCol=-1;LWth=-1;fontsz=0;bold=0;black=0;italic=0;ul=0;charset=0;pitch=0;"/>
<element geometry="SX=0;SY=0;EX=0;EY=0;Path=;" subject="EAID_049D1FF1_0B97_41fb_AC69_41AF9Hh2u23D" style=";Hidden=0;"/>
<element geometry="SX=0;SY=0;EX=0;EY=0;Path=;" subject="EAID_049D1FF1_0B97_41fb_AC69_41AFKYlZAx2B" style=";Hidden=0;"/>
<element geometry="SX=0;SY=0;EX=0;EY=0;Path=;" subject="EAID_049D1FF1_0B97_41fb_AC69_41AFjDve7Uf0" style=";Hidden=0;"/>
<element geometry="SX=0;SY=0;EX=0;EY=0;Path=;" subject="EAID_049D1FF1_0B97_41fb_AC69_41AFlWoziU4b" style=";Hidden=0;"/>
<element geometry="SX=0;SY=0;EX=0;EY=0;Path=;" subject="EAID_049D1FF1_0B97_41fb_AC69_41AFwi58WHik" style=";Hidden=0;"/>
<element geometry="SX=0;SY=0;EX=0;EY=0;Path=;" subject="EAID_049D1FF1_0B97_41fb_AC69_41AFoDklB4ky" style=";Hidden=0;"/>
<element geometry="SX=0;SY=0;EX=0;EY=0;Path=;" subject="EAID_049D1FF1_0B97_41fb_AC69_41AF8Eh0vul9" style=";Hidden=0;"/>
<element geometry="SX=0;SY=0;EX=0;EY=0;Path=;" subject="EAID_049D1FF1_0B97_41fb_AC69_41AFlWoziU4b" style=";Hidden=0;"/>
<element geometry="SX=0;SY=0;EX=0;EY=0;Path=;" subject="EAID_049D1FF1_0B97_41fb_AC69_41AFFCpDl1Xt" style=";Hidden=0;"/>
<element geometry="SX=0;SY=0;EX=0;EY=0;Path=;" subject="EAID_049D1FF1_0B97_41fb_AC69_41AFTPpohpKn" style=";Hidden=0;"/>
<element geometry="SX=0;SY=0;EX=0;EY=0;Path=;" subject="EAID_049D1FF1_0B97_41fb_AC69_41AFe9whQepT" style=";Hidden=0;"/>
<element geometry="SX=0;SY=0;EX=0;EY=0;Path=;" subject="EAID_049D1FF1_0B97_41fb_AC69_41AFykfDXsRF" style=";Hidden=0;"/>
<element geometry="SX=0;SY=0;EX=0;EY=0;Path=;" subject="EAID_049D1FF1_0B97_41fb_AC69_41AFTjfgMgCZ" style=";Hidden=0;"/>
<element geometry="SX=0;SY=0;EX=0;EY=0;Path=;" subject="EAID_049D1FF1_0B97_41fb_AC69_41AFoDklB4ky" style=";Hidden=0;"/>
<element geometry="SX=0;SY=0;EX=0;EY=0;Path=;" subject="EAID_049D1FF1_0B97_41fb_AC69_41AFIp0JNpss" style=";Hidden=0;"/>
<element geometry="SX=0;SY=0;EX=0;EY=0;Path=;" subject="EAID_049D1FF1_0B97_41fb_AC69_41AFe9whQepT" style=";Hidden=0;"/>
<element geometry="SX=0;SY=0;EX=0;EY=0;Path=;" subject="EAID_049D1FF1_0B97_41fb_AC69_41AFz3vEdc0G" style=";Hidden=0;"/>
<element geometry="SX=0;SY=0;EX=0;EY=0;Path=;" subject="EAID_049D1FF1_0B97_41fb_AC69_41AFlWoziU4b" style=";Hidden=0;"/>
</elements>
</diagram>

<diagram xmi:id="EAID_3E9162E8_3B10_4fb1_9A31_7Ceatij4hZxl">
<model package="EAPK_0D4BE3DE_DBA4_430b_9F5D_2D1DC1F19C54" localID="26" owner="EAPK_0D4BE3DE_DBA4_430b_9F5D_2D1DC1F19C54" parent="null"/>
<properties name="use cases" type="Sequence"/>
<project author="HOME" version="1.0" created="2018-11-27 16:22:38" modified="2018-11-27 16:23:00"/>
				<style1 value="ShowPrivate=1;ShowProtected=1;ShowPublic=1;HideRelationships=0;Locked=0;Border=1;HighlightForeign=1;PackageContents=1;SequenceNotes=0;ScalePrintImage=0;PPgs.cx=0;PPgs.cy=0;DocSize.cx=850;DocSize.cy=1098;ShowDetails=0;Orientation=P;Zoom=100;ShowTags=0;OpParams=1;VisibleAttributeDetail=0;ShowOpRetType=1;ShowIcons=1;CollabNums=0;HideProps=0;ShowReqs=0;ShowCons=0;PaperSize=1;HideParents=0;UseAlias=0;HideAtts=0;HideOps=0;HideStereo=0;HideElemStereo=0;ShowTests=0;ShowMaint=0;ConnectorNotation=UML 2.1;ExplicitNavigability=0;ShowShape=1;AllDockable=0;AdvancedElementProps=1;AdvancedFeatureProps=1;AdvancedConnectorProps=1;m_bElementClassifier=1;SPT=1;ShowNotes=0;SuppressBrackets=0;SuppConnectorLabels=0;PrintPageHeadFoot=0;ShowAsList=0;"/>
				<style2 value="ExcludeRTF=0;DocAll=0;HideQuals=0;AttPkg=1;ShowTests=0;ShowMaint=0;SuppressFOC=0;INT_ARGS=;INT_RET=;INT_ATT=;SeqTopMargin=50;MatrixActive=0;SwimlanesActive=1;KanbanActive=0;MatrixLineWidth=1;MatrixLineClr=0;MatrixLocked=0;TConnectorNotation=UML 2.1;TExplicitNavigability=0;AdvancedElementProps=1;AdvancedFeatureProps=1;AdvancedConnectorProps=1;m_bElementClassifier=1;SPT=1;MDGDgm=;STBLDgm=;ShowNotes=0;VisibleAttributeDetail=0;ShowOpRetType=1;SuppressBrackets=0;SuppConnectorLabels=0;PrintPageHeadFoot=0;ShowAsList=0;SuppressedCompartments=;Theme=:119;SaveTag=56D01039;"/>
				<swimlanes value="locked=false;orientation=0;width=0;inbar=false;names=false;color=-1;bold=false;fcol=0;tcol=-1;ofCol=-1;ufCol=-1;hl=0;ufh=0;hh=0;cls=0;bw=0;hli=0;SwimlaneFont=lfh:-10,lfw:0,lfi:0,lfu:0,lfs:0,lfface:Calibri,lfe:0,lfo:0,lfchar:1,lfop:0,lfcp:0,lfq:0,lfpf=0,lfWidth=0;"/>
				<matrixitems value="locked=false;matrixactive=false;swimlanesactive=true;kanbanactive=false;width=1;clrLine=0;"/>
				<extendedProperties/>
<elements>
<element geometry="Left=99;Top=50;Right=189;Bottom=390;" subject="null" seqno="1" style="DUID=D5409A04;NSL=0;BCol=-1;BFol=-1;LCol=-1;LWth=-1;fontsz=0;bold=0;black=0;italic=0;ul=0;charset=0;pitch=0;"/>
<element geometry="Left=299;Top=50;Right=389;;Bottom=390;" subject="null" seqno="2" style="DUID=D5409A04;NSL=0;BCol=-1;BFol=-1;LCol=-1;LWth=-1;fontsz=0;bold=0;black=0;italic=0;ul=0;charset=0;pitch=0;"/>
<element geometry="Left=499;Top=50;Right=589;;Bottom=390;" subject="null" seqno="3" style="DUID=D5409A04;NSL=0;BCol=-1;BFol=-1;LCol=-1;LWth=-1;fontsz=0;bold=0;black=0;italic=0;ul=0;charset=0;pitch=0;"/>
<element geometry="Left=699;Top=50;Right=789;;Bottom=390;" subject="null" seqno="4" style="DUID=D5409A04;NSL=0;BCol=-1;BFol=-1;LCol=-1;LWth=-1;fontsz=0;bold=0;black=0;italic=0;ul=0;charset=0;pitch=0;"/>
<element geometry="Left=899;Top=50;Right=989;;Bottom=390;" subject="null" seqno="5" style="DUID=D5409A04;NSL=0;BCol=-1;BFol=-1;LCol=-1;LWth=-1;fontsz=0;bold=0;black=0;italic=0;ul=0;charset=0;pitch=0;"/>
<element geometry="Left=1099;Top=50;Right=1189;;Bottom=390;" subject="null" seqno="6" style="DUID=D5409A04;NSL=0;BCol=-1;BFol=-1;LCol=-1;LWth=-1;fontsz=0;bold=0;black=0;italic=0;ul=0;charset=0;pitch=0;"/>
<element geometry="SX=0;SY=0;EX=0;EY=0;Path=;" subject="null" style=";Hidden=0;"/>
<element geometry="SX=0;SY=0;EX=0;EY=0;Path=;" subject="null" style=";Hidden=0;"/>
<element geometry="SX=0;SY=0;EX=0;EY=0;Path=;" subject="null" style=";Hidden=0;"/>
<element geometry="SX=0;SY=0;EX=0;EY=0;Path=;" subject="null" style=";Hidden=0;"/>
<element geometry="SX=0;SY=0;EX=0;EY=0;Path=;" subject="null" style=";Hidden=0;"/>
<element geometry="SX=0;SY=0;EX=0;EY=0;Path=;" subject="null" style=";Hidden=0;"/>
<element geometry="SX=0;SY=0;EX=0;EY=0;Path=;" subject="null" style=";Hidden=0;"/>
<element geometry="SX=0;SY=0;EX=0;EY=0;Path=;" subject="null" style=";Hidden=0;"/>
<element geometry="SX=0;SY=0;EX=0;EY=0;Path=;" subject="null" style=";Hidden=0;"/>
<element geometry="SX=0;SY=0;EX=0;EY=0;Path=;" subject="null" style=";Hidden=0;"/>
<element geometry="SX=0;SY=0;EX=0;EY=0;Path=;" subject="null" style=";Hidden=0;"/>
<element geometry="SX=0;SY=0;EX=0;EY=0;Path=;" subject="null" style=";Hidden=0;"/>
<element geometry="SX=0;SY=0;EX=0;EY=0;Path=;" subject="null" style=";Hidden=0;"/>
<element geometry="SX=0;SY=0;EX=0;EY=0;Path=;" subject="null" style=";Hidden=0;"/>
<element geometry="SX=0;SY=0;EX=0;EY=0;Path=;" subject="null" style=";Hidden=0;"/>
<element geometry="SX=0;SY=0;EX=0;EY=0;Path=;" subject="null" style=";Hidden=0;"/>
<element geometry="SX=0;SY=0;EX=0;EY=0;Path=;" subject="null" style=";Hidden=0;"/>
<element geometry="SX=0;SY=0;EX=0;EY=0;Path=;" subject="null" style=";Hidden=0;"/>
<element geometry="SX=0;SY=0;EX=0;EY=0;Path=;" subject="null" style=";Hidden=0;"/>
</elements>
</diagram>

<diagram xmi:id="EAID_3E9162E8_3B10_4fb1_9A31_yX5PduT1wsbk">
<model package="EAPK_0D4BE3DE_DBA4_430b_9F5D_2D1DC1F19C54" localID="27" owner="EAPK_0D4BE3DE_DBA4_430b_9F5D_2D1DC1F19C54" parent="null"/>
<properties name="use cases" type="Sequence"/>
<project author="HOME" version="1.0" created="2018-11-27 16:22:38" modified="2018-11-27 16:23:00"/>
				<style1 value="ShowPrivate=1;ShowProtected=1;ShowPublic=1;HideRelationships=0;Locked=0;Border=1;HighlightForeign=1;PackageContents=1;SequenceNotes=0;ScalePrintImage=0;PPgs.cx=0;PPgs.cy=0;DocSize.cx=850;DocSize.cy=1098;ShowDetails=0;Orientation=P;Zoom=100;ShowTags=0;OpParams=1;VisibleAttributeDetail=0;ShowOpRetType=1;ShowIcons=1;CollabNums=0;HideProps=0;ShowReqs=0;ShowCons=0;PaperSize=1;HideParents=0;UseAlias=0;HideAtts=0;HideOps=0;HideStereo=0;HideElemStereo=0;ShowTests=0;ShowMaint=0;ConnectorNotation=UML 2.1;ExplicitNavigability=0;ShowShape=1;AllDockable=0;AdvancedElementProps=1;AdvancedFeatureProps=1;AdvancedConnectorProps=1;m_bElementClassifier=1;SPT=1;ShowNotes=0;SuppressBrackets=0;SuppConnectorLabels=0;PrintPageHeadFoot=0;ShowAsList=0;"/>
				<style2 value="ExcludeRTF=0;DocAll=0;HideQuals=0;AttPkg=1;ShowTests=0;ShowMaint=0;SuppressFOC=0;INT_ARGS=;INT_RET=;INT_ATT=;SeqTopMargin=50;MatrixActive=0;SwimlanesActive=1;KanbanActive=0;MatrixLineWidth=1;MatrixLineClr=0;MatrixLocked=0;TConnectorNotation=UML 2.1;TExplicitNavigability=0;AdvancedElementProps=1;AdvancedFeatureProps=1;AdvancedConnectorProps=1;m_bElementClassifier=1;SPT=1;MDGDgm=;STBLDgm=;ShowNotes=0;VisibleAttributeDetail=0;ShowOpRetType=1;SuppressBrackets=0;SuppConnectorLabels=0;PrintPageHeadFoot=0;ShowAsList=0;SuppressedCompartments=;Theme=:119;SaveTag=56D01039;"/>
				<swimlanes value="locked=false;orientation=0;width=0;inbar=false;names=false;color=-1;bold=false;fcol=0;tcol=-1;ofCol=-1;ufCol=-1;hl=0;ufh=0;hh=0;cls=0;bw=0;hli=0;SwimlaneFont=lfh:-10,lfw:0,lfi:0,lfu:0,lfs:0,lfface:Calibri,lfe:0,lfo:0,lfchar:1,lfop:0,lfcp:0,lfq:0,lfpf=0,lfWidth=0;"/>
				<matrixitems value="locked=false;matrixactive=false;swimlanesactive=true;kanbanactive=false;width=1;clrLine=0;"/>
				<extendedProperties/>
<elements>
<element geometry="Left=99;Top=50;Right=189;Bottom=390;" subject="null" seqno="1" style="DUID=D5409A04;NSL=0;BCol=-1;BFol=-1;LCol=-1;LWth=-1;fontsz=0;bold=0;black=0;italic=0;ul=0;charset=0;pitch=0;"/>
<element geometry="Left=299;Top=50;Right=389;;Bottom=390;" subject="null" seqno="2" style="DUID=D5409A04;NSL=0;BCol=-1;BFol=-1;LCol=-1;LWth=-1;fontsz=0;bold=0;black=0;italic=0;ul=0;charset=0;pitch=0;"/>
<element geometry="Left=499;Top=50;Right=589;;Bottom=390;" subject="null" seqno="3" style="DUID=D5409A04;NSL=0;BCol=-1;BFol=-1;LCol=-1;LWth=-1;fontsz=0;bold=0;black=0;italic=0;ul=0;charset=0;pitch=0;"/>
<element geometry="Left=699;Top=50;Right=789;;Bottom=390;" subject="null" seqno="4" style="DUID=D5409A04;NSL=0;BCol=-1;BFol=-1;LCol=-1;LWth=-1;fontsz=0;bold=0;black=0;italic=0;ul=0;charset=0;pitch=0;"/>
<element geometry="Left=899;Top=50;Right=989;;Bottom=390;" subject="null" seqno="5" style="DUID=D5409A04;NSL=0;BCol=-1;BFol=-1;LCol=-1;LWth=-1;fontsz=0;bold=0;black=0;italic=0;ul=0;charset=0;pitch=0;"/>
<element geometry="SX=0;SY=0;EX=0;EY=0;Path=;" subject="null" style=";Hidden=0;"/>
<element geometry="SX=0;SY=0;EX=0;EY=0;Path=;" subject="null" style=";Hidden=0;"/>
<element geometry="SX=0;SY=0;EX=0;EY=0;Path=;" subject="null" style=";Hidden=0;"/>
<element geometry="SX=0;SY=0;EX=0;EY=0;Path=;" subject="null" style=";Hidden=0;"/>
<element geometry="SX=0;SY=0;EX=0;EY=0;Path=;" subject="null" style=";Hidden=0;"/>
<element geometry="SX=0;SY=0;EX=0;EY=0;Path=;" subject="null" style=";Hidden=0;"/>
<element geometry="SX=0;SY=0;EX=0;EY=0;Path=;" subject="null" style=";Hidden=0;"/>
<element geometry="SX=0;SY=0;EX=0;EY=0;Path=;" subject="null" style=";Hidden=0;"/>
<element geometry="SX=0;SY=0;EX=0;EY=0;Path=;" subject="null" style=";Hidden=0;"/>
<element geometry="SX=0;SY=0;EX=0;EY=0;Path=;" subject="null" style=";Hidden=0;"/>
<element geometry="SX=0;SY=0;EX=0;EY=0;Path=;" subject="null" style=";Hidden=0;"/>
<element geometry="SX=0;SY=0;EX=0;EY=0;Path=;" subject="null" style=";Hidden=0;"/>
<element geometry="SX=0;SY=0;EX=0;EY=0;Path=;" subject="null" style=";Hidden=0;"/>
<element geometry="SX=0;SY=0;EX=0;EY=0;Path=;" subject="null" style=";Hidden=0;"/>
<element geometry="SX=0;SY=0;EX=0;EY=0;Path=;" subject="null" style=";Hidden=0;"/>
<element geometry="SX=0;SY=0;EX=0;EY=0;Path=;" subject="null" style=";Hidden=0;"/>
<element geometry="SX=0;SY=0;EX=0;EY=0;Path=;" subject="null" style=";Hidden=0;"/>
<element geometry="SX=0;SY=0;EX=0;EY=0;Path=;" subject="null" style=";Hidden=0;"/>
<element geometry="SX=0;SY=0;EX=0;EY=0;Path=;" subject="null" style=";Hidden=0;"/>
<element geometry="SX=0;SY=0;EX=0;EY=0;Path=;" subject="null" style=";Hidden=0;"/>
<element geometry="SX=0;SY=0;EX=0;EY=0;Path=;" subject="null" style=";Hidden=0;"/>
<element geometry="SX=0;SY=0;EX=0;EY=0;Path=;" subject="null" style=";Hidden=0;"/>
<element geometry="SX=0;SY=0;EX=0;EY=0;Path=;" subject="null" style=";Hidden=0;"/>
</elements>
</diagram>

<diagram xmi:id="EAID_3E9162E8_3B10_4fb1_9A31_axIlcz7GEmm1">
<model package="EAPK_0D4BE3DE_DBA4_430b_9F5D_2D1DC1F19C54" localID="28" owner="EAPK_0D4BE3DE_DBA4_430b_9F5D_2D1DC1F19C54" parent="EAID_586BCAF6_15CB_4a03_81A9_6wvt5gOqUcbd"/>
<properties name="use cases" type="Sequence"/>
<project author="HOME" version="1.0" created="2018-11-27 16:22:38" modified="2018-11-27 16:23:00"/>
				<style1 value="ShowPrivate=1;ShowProtected=1;ShowPublic=1;HideRelationships=0;Locked=0;Border=1;HighlightForeign=1;PackageContents=1;SequenceNotes=0;ScalePrintImage=0;PPgs.cx=0;PPgs.cy=0;DocSize.cx=850;DocSize.cy=1098;ShowDetails=0;Orientation=P;Zoom=100;ShowTags=0;OpParams=1;VisibleAttributeDetail=0;ShowOpRetType=1;ShowIcons=1;CollabNums=0;HideProps=0;ShowReqs=0;ShowCons=0;PaperSize=1;HideParents=0;UseAlias=0;HideAtts=0;HideOps=0;HideStereo=0;HideElemStereo=0;ShowTests=0;ShowMaint=0;ConnectorNotation=UML 2.1;ExplicitNavigability=0;ShowShape=1;AllDockable=0;AdvancedElementProps=1;AdvancedFeatureProps=1;AdvancedConnectorProps=1;m_bElementClassifier=1;SPT=1;ShowNotes=0;SuppressBrackets=0;SuppConnectorLabels=0;PrintPageHeadFoot=0;ShowAsList=0;"/>
				<style2 value="ExcludeRTF=0;DocAll=0;HideQuals=0;AttPkg=1;ShowTests=0;ShowMaint=0;SuppressFOC=0;INT_ARGS=;INT_RET=;INT_ATT=;SeqTopMargin=50;MatrixActive=0;SwimlanesActive=1;KanbanActive=0;MatrixLineWidth=1;MatrixLineClr=0;MatrixLocked=0;TConnectorNotation=UML 2.1;TExplicitNavigability=0;AdvancedElementProps=1;AdvancedFeatureProps=1;AdvancedConnectorProps=1;m_bElementClassifier=1;SPT=1;MDGDgm=;STBLDgm=;ShowNotes=0;VisibleAttributeDetail=0;ShowOpRetType=1;SuppressBrackets=0;SuppConnectorLabels=0;PrintPageHeadFoot=0;ShowAsList=0;SuppressedCompartments=;Theme=:119;SaveTag=56D01039;"/>
				<swimlanes value="locked=false;orientation=0;width=0;inbar=false;names=false;color=-1;bold=false;fcol=0;tcol=-1;ofCol=-1;ufCol=-1;hl=0;ufh=0;hh=0;cls=0;bw=0;hli=0;SwimlaneFont=lfh:-10,lfw:0,lfi:0,lfu:0,lfs:0,lfface:Calibri,lfe:0,lfo:0,lfchar:1,lfop:0,lfcp:0,lfq:0,lfpf=0,lfWidth=0;"/>
				<matrixitems value="locked=false;matrixactive=false;swimlanesactive=true;kanbanactive=false;width=1;clrLine=0;"/>
				<extendedProperties/>
<elements>
<element geometry="Left=99;Top=50;Right=189;Bottom=390;" subject="EAID_9977D5D6_D839_4e85_9EF1_Aq5jTqQy50fW" seqno="1" style="DUID=D5409A04;NSL=0;BCol=-1;BFol=-1;LCol=-1;LWth=-1;fontsz=0;bold=0;black=0;italic=0;ul=0;charset=0;pitch=0;"/>
<element geometry="Left=299;Top=50;Right=389;;Bottom=390;" subject="EAID_7183D05E_D892_423c_850E_3LP2HlKKlnBR" seqno="2" style="DUID=D5409A04;NSL=0;BCol=-1;BFol=-1;LCol=-1;LWth=-1;fontsz=0;bold=0;black=0;italic=0;ul=0;charset=0;pitch=0;"/>
<element geometry="Left=499;Top=50;Right=589;;Bottom=390;" subject="EAID_7183D05E_D892_423c_850E_1Xn9JOB7wtFD" seqno="3" style="DUID=D5409A04;NSL=0;BCol=-1;BFol=-1;LCol=-1;LWth=-1;fontsz=0;bold=0;black=0;italic=0;ul=0;charset=0;pitch=0;"/>
<element geometry="Left=699;Top=50;Right=789;;Bottom=390;" subject="EAID_7183D05E_D892_423c_850E_ooXdSoDBHCHu" seqno="4" style="DUID=D5409A04;NSL=0;BCol=-1;BFol=-1;LCol=-1;LWth=-1;fontsz=0;bold=0;black=0;italic=0;ul=0;charset=0;pitch=0;"/>
<element geometry="Left=899;Top=50;Right=989;;Bottom=390;" subject="EAID_7183D05E_D892_423c_850E_rE3jByrOrOFt" seqno="5" style="DUID=D5409A04;NSL=0;BCol=-1;BFol=-1;LCol=-1;LWth=-1;fontsz=0;bold=0;black=0;italic=0;ul=0;charset=0;pitch=0;"/>
<element geometry="SX=0;SY=0;EX=0;EY=0;Path=;" subject="EAID_049D1FF1_0B97_41fb_AC69_41AFztGGoy3F" style=";Hidden=0;"/>
<element geometry="SX=0;SY=0;EX=0;EY=0;Path=;" subject="EAID_049D1FF1_0B97_41fb_AC69_41AFldqAQ5Y8" style=";Hidden=0;"/>
<element geometry="SX=0;SY=0;EX=0;EY=0;Path=;" subject="EAID_049D1FF1_0B97_41fb_AC69_41AFIkxcYmnE" style=";Hidden=0;"/>
<element geometry="SX=0;SY=0;EX=0;EY=0;Path=;" subject="EAID_049D1FF1_0B97_41fb_AC69_41AF0oDusDcq" style=";Hidden=0;"/>
<element geometry="SX=0;SY=0;EX=0;EY=0;Path=;" subject="EAID_049D1FF1_0B97_41fb_AC69_41AFHlipunAX" style=";Hidden=0;"/>
<element geometry="SX=0;SY=0;EX=0;EY=0;Path=;" subject="EAID_049D1FF1_0B97_41fb_AC69_41AFSioSRGgQ" style=";Hidden=0;"/>
<element geometry="SX=0;SY=0;EX=0;EY=0;Path=;" subject="EAID_049D1FF1_0B97_41fb_AC69_41AF6ZMqsAac" style=";Hidden=0;"/>
<element geometry="SX=0;SY=0;EX=0;EY=0;Path=;" subject="EAID_049D1FF1_0B97_41fb_AC69_41AFejh1jjfO" style=";Hidden=0;"/>
<element geometry="SX=0;SY=0;EX=0;EY=0;Path=;" subject="EAID_049D1FF1_0B97_41fb_AC69_41AFldqAQ5Y8" style=";Hidden=0;"/>
</elements>
</diagram>

<diagram xmi:id="EAID_3E9162E8_3B10_4fb1_9A31_KPrgfoVx7TEk">
<model package="EAPK_0D4BE3DE_DBA4_430b_9F5D_2D1DC1F19C54" localID="29" owner="EAPK_0D4BE3DE_DBA4_430b_9F5D_2D1DC1F19C54" parent="null"/>
<properties name="use cases" type="Sequence"/>
<project author="HOME" version="1.0" created="2018-11-27 16:22:38" modified="2018-11-27 16:23:00"/>
				<style1 value="ShowPrivate=1;ShowProtected=1;ShowPublic=1;HideRelationships=0;Locked=0;Border=1;HighlightForeign=1;PackageContents=1;SequenceNotes=0;ScalePrintImage=0;PPgs.cx=0;PPgs.cy=0;DocSize.cx=850;DocSize.cy=1098;ShowDetails=0;Orientation=P;Zoom=100;ShowTags=0;OpParams=1;VisibleAttributeDetail=0;ShowOpRetType=1;ShowIcons=1;CollabNums=0;HideProps=0;ShowReqs=0;ShowCons=0;PaperSize=1;HideParents=0;UseAlias=0;HideAtts=0;HideOps=0;HideStereo=0;HideElemStereo=0;ShowTests=0;ShowMaint=0;ConnectorNotation=UML 2.1;ExplicitNavigability=0;ShowShape=1;AllDockable=0;AdvancedElementProps=1;AdvancedFeatureProps=1;AdvancedConnectorProps=1;m_bElementClassifier=1;SPT=1;ShowNotes=0;SuppressBrackets=0;SuppConnectorLabels=0;PrintPageHeadFoot=0;ShowAsList=0;"/>
				<style2 value="ExcludeRTF=0;DocAll=0;HideQuals=0;AttPkg=1;ShowTests=0;ShowMaint=0;SuppressFOC=0;INT_ARGS=;INT_RET=;INT_ATT=;SeqTopMargin=50;MatrixActive=0;SwimlanesActive=1;KanbanActive=0;MatrixLineWidth=1;MatrixLineClr=0;MatrixLocked=0;TConnectorNotation=UML 2.1;TExplicitNavigability=0;AdvancedElementProps=1;AdvancedFeatureProps=1;AdvancedConnectorProps=1;m_bElementClassifier=1;SPT=1;MDGDgm=;STBLDgm=;ShowNotes=0;VisibleAttributeDetail=0;ShowOpRetType=1;SuppressBrackets=0;SuppConnectorLabels=0;PrintPageHeadFoot=0;ShowAsList=0;SuppressedCompartments=;Theme=:119;SaveTag=56D01039;"/>
				<swimlanes value="locked=false;orientation=0;width=0;inbar=false;names=false;color=-1;bold=false;fcol=0;tcol=-1;ofCol=-1;ufCol=-1;hl=0;ufh=0;hh=0;cls=0;bw=0;hli=0;SwimlaneFont=lfh:-10,lfw:0,lfi:0,lfu:0,lfs:0,lfface:Calibri,lfe:0,lfo:0,lfchar:1,lfop:0,lfcp:0,lfq:0,lfpf=0,lfWidth=0;"/>
				<matrixitems value="locked=false;matrixactive=false;swimlanesactive=true;kanbanactive=false;width=1;clrLine=0;"/>
				<extendedProperties/>
<elements>
<element geometry="Left=99;Top=50;Right=189;Bottom=390;" subject="null" seqno="1" style="DUID=D5409A04;NSL=0;BCol=-1;BFol=-1;LCol=-1;LWth=-1;fontsz=0;bold=0;black=0;italic=0;ul=0;charset=0;pitch=0;"/>
<element geometry="Left=299;Top=50;Right=389;;Bottom=390;" subject="null" seqno="2" style="DUID=D5409A04;NSL=0;BCol=-1;BFol=-1;LCol=-1;LWth=-1;fontsz=0;bold=0;black=0;italic=0;ul=0;charset=0;pitch=0;"/>
<element geometry="Left=499;Top=50;Right=589;;Bottom=390;" subject="null" seqno="3" style="DUID=D5409A04;NSL=0;BCol=-1;BFol=-1;LCol=-1;LWth=-1;fontsz=0;bold=0;black=0;italic=0;ul=0;charset=0;pitch=0;"/>
<element geometry="Left=699;Top=50;Right=789;;Bottom=390;" subject="null" seqno="4" style="DUID=D5409A04;NSL=0;BCol=-1;BFol=-1;LCol=-1;LWth=-1;fontsz=0;bold=0;black=0;italic=0;ul=0;charset=0;pitch=0;"/>
<element geometry="Left=899;Top=50;Right=989;;Bottom=390;" subject="null" seqno="5" style="DUID=D5409A04;NSL=0;BCol=-1;BFol=-1;LCol=-1;LWth=-1;fontsz=0;bold=0;black=0;italic=0;ul=0;charset=0;pitch=0;"/>
<element geometry="Left=1099;Top=50;Right=1189;;Bottom=390;" subject="null" seqno="6" style="DUID=D5409A04;NSL=0;BCol=-1;BFol=-1;LCol=-1;LWth=-1;fontsz=0;bold=0;black=0;italic=0;ul=0;charset=0;pitch=0;"/>
<element geometry="SX=0;SY=0;EX=0;EY=0;Path=;" subject="null" style=";Hidden=0;"/>
<element geometry="SX=0;SY=0;EX=0;EY=0;Path=;" subject="null" style=";Hidden=0;"/>
<element geometry="SX=0;SY=0;EX=0;EY=0;Path=;" subject="null" style=";Hidden=0;"/>
<element geometry="SX=0;SY=0;EX=0;EY=0;Path=;" subject="null" style=";Hidden=0;"/>
<element geometry="SX=0;SY=0;EX=0;EY=0;Path=;" subject="null" style=";Hidden=0;"/>
<element geometry="SX=0;SY=0;EX=0;EY=0;Path=;" subject="null" style=";Hidden=0;"/>
<element geometry="SX=0;SY=0;EX=0;EY=0;Path=;" subject="null" style=";Hidden=0;"/>
<element geometry="SX=0;SY=0;EX=0;EY=0;Path=;" subject="null" style=";Hidden=0;"/>
<element geometry="SX=0;SY=0;EX=0;EY=0;Path=;" subject="null" style=";Hidden=0;"/>
<element geometry="SX=0;SY=0;EX=0;EY=0;Path=;" subject="null" style=";Hidden=0;"/>
<element geometry="SX=0;SY=0;EX=0;EY=0;Path=;" subject="null" style=";Hidden=0;"/>
<element geometry="SX=0;SY=0;EX=0;EY=0;Path=;" subject="null" style=";Hidden=0;"/>
<element geometry="SX=0;SY=0;EX=0;EY=0;Path=;" subject="null" style=";Hidden=0;"/>
<element geometry="SX=0;SY=0;EX=0;EY=0;Path=;" subject="null" style=";Hidden=0;"/>
<element geometry="SX=0;SY=0;EX=0;EY=0;Path=;" subject="null" style=";Hidden=0;"/>
<element geometry="SX=0;SY=0;EX=0;EY=0;Path=;" subject="null" style=";Hidden=0;"/>
<element geometry="SX=0;SY=0;EX=0;EY=0;Path=;" subject="null" style=";Hidden=0;"/>
<element geometry="SX=0;SY=0;EX=0;EY=0;Path=;" subject="null" style=";Hidden=0;"/>
<element geometry="SX=0;SY=0;EX=0;EY=0;Path=;" subject="null" style=";Hidden=0;"/>
<element geometry="SX=0;SY=0;EX=0;EY=0;Path=;" subject="null" style=";Hidden=0;"/>
</elements>
</diagram>

<diagram xmi:id="EAID_3E9162E8_3B10_4fb1_9A31_UyBsnghJCGDl">
<model package="EAPK_0D4BE3DE_DBA4_430b_9F5D_2D1DC1F19C54" localID="30" owner="EAPK_0D4BE3DE_DBA4_430b_9F5D_2D1DC1F19C54" parent="null"/>
<properties name="use cases" type="Sequence"/>
<project author="HOME" version="1.0" created="2018-11-27 16:22:38" modified="2018-11-27 16:23:00"/>
				<style1 value="ShowPrivate=1;ShowProtected=1;ShowPublic=1;HideRelationships=0;Locked=0;Border=1;HighlightForeign=1;PackageContents=1;SequenceNotes=0;ScalePrintImage=0;PPgs.cx=0;PPgs.cy=0;DocSize.cx=850;DocSize.cy=1098;ShowDetails=0;Orientation=P;Zoom=100;ShowTags=0;OpParams=1;VisibleAttributeDetail=0;ShowOpRetType=1;ShowIcons=1;CollabNums=0;HideProps=0;ShowReqs=0;ShowCons=0;PaperSize=1;HideParents=0;UseAlias=0;HideAtts=0;HideOps=0;HideStereo=0;HideElemStereo=0;ShowTests=0;ShowMaint=0;ConnectorNotation=UML 2.1;ExplicitNavigability=0;ShowShape=1;AllDockable=0;AdvancedElementProps=1;AdvancedFeatureProps=1;AdvancedConnectorProps=1;m_bElementClassifier=1;SPT=1;ShowNotes=0;SuppressBrackets=0;SuppConnectorLabels=0;PrintPageHeadFoot=0;ShowAsList=0;"/>
				<style2 value="ExcludeRTF=0;DocAll=0;HideQuals=0;AttPkg=1;ShowTests=0;ShowMaint=0;SuppressFOC=0;INT_ARGS=;INT_RET=;INT_ATT=;SeqTopMargin=50;MatrixActive=0;SwimlanesActive=1;KanbanActive=0;MatrixLineWidth=1;MatrixLineClr=0;MatrixLocked=0;TConnectorNotation=UML 2.1;TExplicitNavigability=0;AdvancedElementProps=1;AdvancedFeatureProps=1;AdvancedConnectorProps=1;m_bElementClassifier=1;SPT=1;MDGDgm=;STBLDgm=;ShowNotes=0;VisibleAttributeDetail=0;ShowOpRetType=1;SuppressBrackets=0;SuppConnectorLabels=0;PrintPageHeadFoot=0;ShowAsList=0;SuppressedCompartments=;Theme=:119;SaveTag=56D01039;"/>
				<swimlanes value="locked=false;orientation=0;width=0;inbar=false;names=false;color=-1;bold=false;fcol=0;tcol=-1;ofCol=-1;ufCol=-1;hl=0;ufh=0;hh=0;cls=0;bw=0;hli=0;SwimlaneFont=lfh:-10,lfw:0,lfi:0,lfu:0,lfs:0,lfface:Calibri,lfe:0,lfo:0,lfchar:1,lfop:0,lfcp:0,lfq:0,lfpf=0,lfWidth=0;"/>
				<matrixitems value="locked=false;matrixactive=false;swimlanesactive=true;kanbanactive=false;width=1;clrLine=0;"/>
				<extendedProperties/>
<elements>
<element geometry="Left=99;Top=50;Right=189;Bottom=390;" subject="null" seqno="1" style="DUID=D5409A04;NSL=0;BCol=-1;BFol=-1;LCol=-1;LWth=-1;fontsz=0;bold=0;black=0;italic=0;ul=0;charset=0;pitch=0;"/>
<element geometry="Left=299;Top=50;Right=389;;Bottom=390;" subject="null" seqno="2" style="DUID=D5409A04;NSL=0;BCol=-1;BFol=-1;LCol=-1;LWth=-1;fontsz=0;bold=0;black=0;italic=0;ul=0;charset=0;pitch=0;"/>
<element geometry="Left=499;Top=50;Right=589;;Bottom=390;" subject="null" seqno="3" style="DUID=D5409A04;NSL=0;BCol=-1;BFol=-1;LCol=-1;LWth=-1;fontsz=0;bold=0;black=0;italic=0;ul=0;charset=0;pitch=0;"/>
<element geometry="SX=0;SY=0;EX=0;EY=0;Path=;" subject="null" style=";Hidden=0;"/>
<element geometry="SX=0;SY=0;EX=0;EY=0;Path=;" subject="null" style=";Hidden=0;"/>
<element geometry="SX=0;SY=0;EX=0;EY=0;Path=;" subject="null" style=";Hidden=0;"/>
<element geometry="SX=0;SY=0;EX=0;EY=0;Path=;" subject="null" style=";Hidden=0;"/>
<element geometry="SX=0;SY=0;EX=0;EY=0;Path=;" subject="null" style=";Hidden=0;"/>
<element geometry="SX=0;SY=0;EX=0;EY=0;Path=;" subject="null" style=";Hidden=0;"/>
<element geometry="SX=0;SY=0;EX=0;EY=0;Path=;" subject="null" style=";Hidden=0;"/>
<element geometry="SX=0;SY=0;EX=0;EY=0;Path=;" subject="null" style=";Hidden=0;"/>
<element geometry="SX=0;SY=0;EX=0;EY=0;Path=;" subject="null" style=";Hidden=0;"/>
<element geometry="SX=0;SY=0;EX=0;EY=0;Path=;" subject="null" style=";Hidden=0;"/>
<element geometry="SX=0;SY=0;EX=0;EY=0;Path=;" subject="null" style=";Hidden=0;"/>
<element geometry="SX=0;SY=0;EX=0;EY=0;Path=;" subject="null" style=";Hidden=0;"/>
<element geometry="SX=0;SY=0;EX=0;EY=0;Path=;" subject="null" style=";Hidden=0;"/>
<element geometry="SX=0;SY=0;EX=0;EY=0;Path=;" subject="null" style=";Hidden=0;"/>
<element geometry="SX=0;SY=0;EX=0;EY=0;Path=;" subject="null" style=";Hidden=0;"/>
<element geometry="SX=0;SY=0;EX=0;EY=0;Path=;" subject="null" style=";Hidden=0;"/>
<element geometry="SX=0;SY=0;EX=0;EY=0;Path=;" subject="null" style=";Hidden=0;"/>
<element geometry="SX=0;SY=0;EX=0;EY=0;Path=;" subject="null" style=";Hidden=0;"/>
<element geometry="SX=0;SY=0;EX=0;EY=0;Path=;" subject="null" style=";Hidden=0;"/>
<element geometry="SX=0;SY=0;EX=0;EY=0;Path=;" subject="null" style=";Hidden=0;"/>
<element geometry="SX=0;SY=0;EX=0;EY=0;Path=;" subject="null" style=";Hidden=0;"/>
<element geometry="SX=0;SY=0;EX=0;EY=0;Path=;" subject="null" style=";Hidden=0;"/>
<element geometry="SX=0;SY=0;EX=0;EY=0;Path=;" subject="null" style=";Hidden=0;"/>
<element geometry="SX=0;SY=0;EX=0;EY=0;Path=;" subject="null" style=";Hidden=0;"/>
<element geometry="SX=0;SY=0;EX=0;EY=0;Path=;" subject="null" style=";Hidden=0;"/>
<element geometry="SX=0;SY=0;EX=0;EY=0;Path=;" subject="null" style=";Hidden=0;"/>
<element geometry="SX=0;SY=0;EX=0;EY=0;Path=;" subject="null" style=";Hidden=0;"/>
<element geometry="SX=0;SY=0;EX=0;EY=0;Path=;" subject="null" style=";Hidden=0;"/>
<element geometry="SX=0;SY=0;EX=0;EY=0;Path=;" subject="null" style=";Hidden=0;"/>
</elements>
</diagram>

<diagram xmi:id="EAID_3E9162E8_3B10_4fb1_9A31_QOMX7hVstORP">
<model package="EAPK_0D4BE3DE_DBA4_430b_9F5D_2D1DC1F19C54" localID="31" owner="EAPK_0D4BE3DE_DBA4_430b_9F5D_2D1DC1F19C54" parent="null"/>
<properties name="use cases" type="Sequence"/>
<project author="HOME" version="1.0" created="2018-11-27 16:22:38" modified="2018-11-27 16:23:00"/>
				<style1 value="ShowPrivate=1;ShowProtected=1;ShowPublic=1;HideRelationships=0;Locked=0;Border=1;HighlightForeign=1;PackageContents=1;SequenceNotes=0;ScalePrintImage=0;PPgs.cx=0;PPgs.cy=0;DocSize.cx=850;DocSize.cy=1098;ShowDetails=0;Orientation=P;Zoom=100;ShowTags=0;OpParams=1;VisibleAttributeDetail=0;ShowOpRetType=1;ShowIcons=1;CollabNums=0;HideProps=0;ShowReqs=0;ShowCons=0;PaperSize=1;HideParents=0;UseAlias=0;HideAtts=0;HideOps=0;HideStereo=0;HideElemStereo=0;ShowTests=0;ShowMaint=0;ConnectorNotation=UML 2.1;ExplicitNavigability=0;ShowShape=1;AllDockable=0;AdvancedElementProps=1;AdvancedFeatureProps=1;AdvancedConnectorProps=1;m_bElementClassifier=1;SPT=1;ShowNotes=0;SuppressBrackets=0;SuppConnectorLabels=0;PrintPageHeadFoot=0;ShowAsList=0;"/>
				<style2 value="ExcludeRTF=0;DocAll=0;HideQuals=0;AttPkg=1;ShowTests=0;ShowMaint=0;SuppressFOC=0;INT_ARGS=;INT_RET=;INT_ATT=;SeqTopMargin=50;MatrixActive=0;SwimlanesActive=1;KanbanActive=0;MatrixLineWidth=1;MatrixLineClr=0;MatrixLocked=0;TConnectorNotation=UML 2.1;TExplicitNavigability=0;AdvancedElementProps=1;AdvancedFeatureProps=1;AdvancedConnectorProps=1;m_bElementClassifier=1;SPT=1;MDGDgm=;STBLDgm=;ShowNotes=0;VisibleAttributeDetail=0;ShowOpRetType=1;SuppressBrackets=0;SuppConnectorLabels=0;PrintPageHeadFoot=0;ShowAsList=0;SuppressedCompartments=;Theme=:119;SaveTag=56D01039;"/>
				<swimlanes value="locked=false;orientation=0;width=0;inbar=false;names=false;color=-1;bold=false;fcol=0;tcol=-1;ofCol=-1;ufCol=-1;hl=0;ufh=0;hh=0;cls=0;bw=0;hli=0;SwimlaneFont=lfh:-10,lfw:0,lfi:0,lfu:0,lfs:0,lfface:Calibri,lfe:0,lfo:0,lfchar:1,lfop:0,lfcp:0,lfq:0,lfpf=0,lfWidth=0;"/>
				<matrixitems value="locked=false;matrixactive=false;swimlanesactive=true;kanbanactive=false;width=1;clrLine=0;"/>
				<extendedProperties/>
<elements>
<element geometry="Left=99;Top=50;Right=189;Bottom=390;" subject="null" seqno="1" style="DUID=D5409A04;NSL=0;BCol=-1;BFol=-1;LCol=-1;LWth=-1;fontsz=0;bold=0;black=0;italic=0;ul=0;charset=0;pitch=0;"/>
<element geometry="Left=299;Top=50;Right=389;;Bottom=390;" subject="null" seqno="2" style="DUID=D5409A04;NSL=0;BCol=-1;BFol=-1;LCol=-1;LWth=-1;fontsz=0;bold=0;black=0;italic=0;ul=0;charset=0;pitch=0;"/>
<element geometry="Left=499;Top=50;Right=589;;Bottom=390;" subject="null" seqno="3" style="DUID=D5409A04;NSL=0;BCol=-1;BFol=-1;LCol=-1;LWth=-1;fontsz=0;bold=0;black=0;italic=0;ul=0;charset=0;pitch=0;"/>
<element geometry="SX=0;SY=0;EX=0;EY=0;Path=;" subject="null" style=";Hidden=0;"/>
<element geometry="SX=0;SY=0;EX=0;EY=0;Path=;" subject="null" style=";Hidden=0;"/>
<element geometry="SX=0;SY=0;EX=0;EY=0;Path=;" subject="null" style=";Hidden=0;"/>
<element geometry="SX=0;SY=0;EX=0;EY=0;Path=;" subject="null" style=";Hidden=0;"/>
<element geometry="SX=0;SY=0;EX=0;EY=0;Path=;" subject="null" style=";Hidden=0;"/>
<element geometry="SX=0;SY=0;EX=0;EY=0;Path=;" subject="null" style=";Hidden=0;"/>
<element geometry="SX=0;SY=0;EX=0;EY=0;Path=;" subject="null" style=";Hidden=0;"/>
<element geometry="SX=0;SY=0;EX=0;EY=0;Path=;" subject="null" style=";Hidden=0;"/>
<element geometry="SX=0;SY=0;EX=0;EY=0;Path=;" subject="null" style=";Hidden=0;"/>
<element geometry="SX=0;SY=0;EX=0;EY=0;Path=;" subject="null" style=";Hidden=0;"/>
<element geometry="SX=0;SY=0;EX=0;EY=0;Path=;" subject="null" style=";Hidden=0;"/>
<element geometry="SX=0;SY=0;EX=0;EY=0;Path=;" subject="null" style=";Hidden=0;"/>
<element geometry="SX=0;SY=0;EX=0;EY=0;Path=;" subject="null" style=";Hidden=0;"/>
<element geometry="SX=0;SY=0;EX=0;EY=0;Path=;" subject="null" style=";Hidden=0;"/>
<element geometry="SX=0;SY=0;EX=0;EY=0;Path=;" subject="null" style=";Hidden=0;"/>
<element geometry="SX=0;SY=0;EX=0;EY=0;Path=;" subject="null" style=";Hidden=0;"/>
<element geometry="SX=0;SY=0;EX=0;EY=0;Path=;" subject="null" style=";Hidden=0;"/>
<element geometry="SX=0;SY=0;EX=0;EY=0;Path=;" subject="null" style=";Hidden=0;"/>
<element geometry="SX=0;SY=0;EX=0;EY=0;Path=;" subject="null" style=";Hidden=0;"/>
<element geometry="SX=0;SY=0;EX=0;EY=0;Path=;" subject="null" style=";Hidden=0;"/>
<element geometry="SX=0;SY=0;EX=0;EY=0;Path=;" subject="null" style=";Hidden=0;"/>
<element geometry="SX=0;SY=0;EX=0;EY=0;Path=;" subject="null" style=";Hidden=0;"/>
</elements>
</diagram>

<diagram xmi:id="EAID_3E9162E8_3B10_4fb1_9A31_nuA5XZTZH9mh">
<model package="EAPK_0D4BE3DE_DBA4_430b_9F5D_2D1DC1F19C54" localID="32" owner="EAPK_0D4BE3DE_DBA4_430b_9F5D_2D1DC1F19C54" parent="null"/>
<properties name="use cases" type="Sequence"/>
<project author="HOME" version="1.0" created="2018-11-27 16:22:38" modified="2018-11-27 16:23:00"/>
				<style1 value="ShowPrivate=1;ShowProtected=1;ShowPublic=1;HideRelationships=0;Locked=0;Border=1;HighlightForeign=1;PackageContents=1;SequenceNotes=0;ScalePrintImage=0;PPgs.cx=0;PPgs.cy=0;DocSize.cx=850;DocSize.cy=1098;ShowDetails=0;Orientation=P;Zoom=100;ShowTags=0;OpParams=1;VisibleAttributeDetail=0;ShowOpRetType=1;ShowIcons=1;CollabNums=0;HideProps=0;ShowReqs=0;ShowCons=0;PaperSize=1;HideParents=0;UseAlias=0;HideAtts=0;HideOps=0;HideStereo=0;HideElemStereo=0;ShowTests=0;ShowMaint=0;ConnectorNotation=UML 2.1;ExplicitNavigability=0;ShowShape=1;AllDockable=0;AdvancedElementProps=1;AdvancedFeatureProps=1;AdvancedConnectorProps=1;m_bElementClassifier=1;SPT=1;ShowNotes=0;SuppressBrackets=0;SuppConnectorLabels=0;PrintPageHeadFoot=0;ShowAsList=0;"/>
				<style2 value="ExcludeRTF=0;DocAll=0;HideQuals=0;AttPkg=1;ShowTests=0;ShowMaint=0;SuppressFOC=0;INT_ARGS=;INT_RET=;INT_ATT=;SeqTopMargin=50;MatrixActive=0;SwimlanesActive=1;KanbanActive=0;MatrixLineWidth=1;MatrixLineClr=0;MatrixLocked=0;TConnectorNotation=UML 2.1;TExplicitNavigability=0;AdvancedElementProps=1;AdvancedFeatureProps=1;AdvancedConnectorProps=1;m_bElementClassifier=1;SPT=1;MDGDgm=;STBLDgm=;ShowNotes=0;VisibleAttributeDetail=0;ShowOpRetType=1;SuppressBrackets=0;SuppConnectorLabels=0;PrintPageHeadFoot=0;ShowAsList=0;SuppressedCompartments=;Theme=:119;SaveTag=56D01039;"/>
				<swimlanes value="locked=false;orientation=0;width=0;inbar=false;names=false;color=-1;bold=false;fcol=0;tcol=-1;ofCol=-1;ufCol=-1;hl=0;ufh=0;hh=0;cls=0;bw=0;hli=0;SwimlaneFont=lfh:-10,lfw:0,lfi:0,lfu:0,lfs:0,lfface:Calibri,lfe:0,lfo:0,lfchar:1,lfop:0,lfcp:0,lfq:0,lfpf=0,lfWidth=0;"/>
				<matrixitems value="locked=false;matrixactive=false;swimlanesactive=true;kanbanactive=false;width=1;clrLine=0;"/>
				<extendedProperties/>
<elements>
<element geometry="Left=99;Top=50;Right=189;Bottom=390;" subject="null" seqno="1" style="DUID=D5409A04;NSL=0;BCol=-1;BFol=-1;LCol=-1;LWth=-1;fontsz=0;bold=0;black=0;italic=0;ul=0;charset=0;pitch=0;"/>
<element geometry="Left=299;Top=50;Right=389;;Bottom=390;" subject="null" seqno="2" style="DUID=D5409A04;NSL=0;BCol=-1;BFol=-1;LCol=-1;LWth=-1;fontsz=0;bold=0;black=0;italic=0;ul=0;charset=0;pitch=0;"/>
<element geometry="Left=499;Top=50;Right=589;;Bottom=390;" subject="null" seqno="3" style="DUID=D5409A04;NSL=0;BCol=-1;BFol=-1;LCol=-1;LWth=-1;fontsz=0;bold=0;black=0;italic=0;ul=0;charset=0;pitch=0;"/>
<element geometry="Left=699;Top=50;Right=789;;Bottom=390;" subject="null" seqno="4" style="DUID=D5409A04;NSL=0;BCol=-1;BFol=-1;LCol=-1;LWth=-1;fontsz=0;bold=0;black=0;italic=0;ul=0;charset=0;pitch=0;"/>
<element geometry="SX=0;SY=0;EX=0;EY=0;Path=;" subject="null" style=";Hidden=0;"/>
<element geometry="SX=0;SY=0;EX=0;EY=0;Path=;" subject="null" style=";Hidden=0;"/>
<element geometry="SX=0;SY=0;EX=0;EY=0;Path=;" subject="null" style=";Hidden=0;"/>
<element geometry="SX=0;SY=0;EX=0;EY=0;Path=;" subject="null" style=";Hidden=0;"/>
<element geometry="SX=0;SY=0;EX=0;EY=0;Path=;" subject="null" style=";Hidden=0;"/>
<element geometry="SX=0;SY=0;EX=0;EY=0;Path=;" subject="null" style=";Hidden=0;"/>
<element geometry="SX=0;SY=0;EX=0;EY=0;Path=;" subject="null" style=";Hidden=0;"/>
<element geometry="SX=0;SY=0;EX=0;EY=0;Path=;" subject="null" style=";Hidden=0;"/>
<element geometry="SX=0;SY=0;EX=0;EY=0;Path=;" subject="null" style=";Hidden=0;"/>
<element geometry="SX=0;SY=0;EX=0;EY=0;Path=;" subject="null" style=";Hidden=0;"/>
<element geometry="SX=0;SY=0;EX=0;EY=0;Path=;" subject="null" style=";Hidden=0;"/>
<element geometry="SX=0;SY=0;EX=0;EY=0;Path=;" subject="null" style=";Hidden=0;"/>
<element geometry="SX=0;SY=0;EX=0;EY=0;Path=;" subject="null" style=";Hidden=0;"/>
<element geometry="SX=0;SY=0;EX=0;EY=0;Path=;" subject="null" style=";Hidden=0;"/>
<element geometry="SX=0;SY=0;EX=0;EY=0;Path=;" subject="null" style=";Hidden=0;"/>
<element geometry="SX=0;SY=0;EX=0;EY=0;Path=;" subject="null" style=";Hidden=0;"/>
<element geometry="SX=0;SY=0;EX=0;EY=0;Path=;" subject="null" style=";Hidden=0;"/>
<element geometry="SX=0;SY=0;EX=0;EY=0;Path=;" subject="null" style=";Hidden=0;"/>
<element geometry="SX=0;SY=0;EX=0;EY=0;Path=;" subject="null" style=";Hidden=0;"/>
<element geometry="SX=0;SY=0;EX=0;EY=0;Path=;" subject="null" style=";Hidden=0;"/>
<element geometry="SX=0;SY=0;EX=0;EY=0;Path=;" subject="null" style=";Hidden=0;"/>
<element geometry="SX=0;SY=0;EX=0;EY=0;Path=;" subject="null" style=";Hidden=0;"/>
<element geometry="SX=0;SY=0;EX=0;EY=0;Path=;" subject="null" style=";Hidden=0;"/>
<element geometry="SX=0;SY=0;EX=0;EY=0;Path=;" subject="null" style=";Hidden=0;"/>
<element geometry="SX=0;SY=0;EX=0;EY=0;Path=;" subject="null" style=";Hidden=0;"/>
<element geometry="SX=0;SY=0;EX=0;EY=0;Path=;" subject="null" style=";Hidden=0;"/>
<element geometry="SX=0;SY=0;EX=0;EY=0;Path=;" subject="null" style=";Hidden=0;"/>
<element geometry="SX=0;SY=0;EX=0;EY=0;Path=;" subject="null" style=";Hidden=0;"/>
<element geometry="SX=0;SY=0;EX=0;EY=0;Path=;" subject="null" style=";Hidden=0;"/>
<element geometry="SX=0;SY=0;EX=0;EY=0;Path=;" subject="null" style=";Hidden=0;"/>
</elements>
</diagram>
</diagrams>
	</xmi:Extension></xmi:XMI>