<?xml version="1.0" encoding="windows-1252"?>
<xmi:XMI xmi:version="2.1" xmlns:uml="http://schema.omg.org/spec/UML/2.1" xmlns:xmi="http://schema.omg.org/spec/XMI/2.1">
	<xmi:Documentation exporter="Enterprise Architect" exporterVersion="6.5"/>
	<uml:Model xmi:type="uml:Model" name="EA_Model" visibility="public">
		<packagedElement xmi:type="uml:Package" xmi:id="EAPK_0D4BE3DE_DBA4_430b_9F5D_2D1DC1F19C54" name="use cases" visibility="public">
</packagedElement>
</uml:Model>
<xmi:Extension extender="Enterprise Architect" extenderID="6.5">
<primitivetypes>
			<packagedElement xmi:type="uml:Package" xmi:id="EAPrimitiveTypesPackage" name="EA_PrimitiveTypes_Package" visibility="public"/>
		</primitivetypes>
<profiles/><diagrams>
</diagrams>
	</xmi:Extension></xmi:XMI>