<?xml version="1.0" encoding="windows-1252"?>
<xmi:XMI xmi:version="2.1" xmlns:uml="http://schema.omg.org/spec/UML/2.1" xmlns:xmi="http://schema.omg.org/spec/XMI/2.1">
	<xmi:Documentation exporter="Enterprise Architect" exporterVersion="6.5"/>
	<uml:Model xmi:type="uml:Model" name="EA_Model" visibility="public">
		<packagedElement xmi:type="uml:Package" xmi:id="EAPK_0D4BE3DE_DBA4_430b_9F5D_2D1DC1F19C54" name="use cases" visibility="public">
<packagedElement xmi:type="uml:UseCase" xmi:id="EAID_586BCAF6_15CB_4a03_81A9_EF34AE4B312B" name="Add Users1" visibility="public">
<nestedClassifier xmi:type="uml:Collaboration" xmi:id="EAID_CB000000_AF6_15CB_4a03_81A9_EF34AE4B312" name="EA_Collaboration1" visibility="public">
<ownedBehavior xmi:type="uml:Interaction" xmi:id="EAID_IN000000_AF6_15CB_4a03_81A9_EF34AE4B312" name="EA_Interaction1" visibility="public">
<lifeline xmi:type="uml:Lifeline" xmi:id="EAID_LL000000_D892_423c_850E_8109476FDED0" name="User" visibility="public" represents="EAID_AT000000_D892_423c_850E_8109476FDED0"/>
<lifeline xmi:type="uml:Lifeline" xmi:id="EAID_7183D05E_D892_423c_850E_1HhpsocUFta6" name="Scenariodisplay" visibility="public" represents="EAID_AT000000_D892_423c_850E_1HhpsocUFta6"/>
<lifeline xmi:type="uml:Lifeline" xmi:id="EAID_7183D05E_D892_423c_850E_XSi0w3gwRDV6" name="LogoutButton" visibility="public" represents="EAID_AT000000_D892_423c_850E_XSi0w3gwRDV6"/>
<fragment xmi:type="uml:OccurrenceSpecification" xmi:id="EAID_FR000002_D892_423c_850E_8109476FDED0" covered="EAID_LL000000_D892_423c_850E_8109476FDED0"/>
<fragment xmi:type="uml:OccurrenceSpecification" xmi:id="EAID_FR000003_D892_423c_850E_1HhpsocUFta6" covered="EAID_7183D05E_D892_423c_850E_1HhpsocUFta6"/>
<fragment xmi:type="uml:OccurrenceSpecification" xmi:id="EAID_FR000004_D892_423c_850E_8109476FDED0" covered="EAID_LL000000_D892_423c_850E_8109476FDED0"/>
<fragment xmi:type="uml:OccurrenceSpecification" xmi:id="EAID_FR000005_D892_423c_850E_XSi0w3gwRDV6" covered="EAID_7183D05E_D892_423c_850E_XSi0w3gwRDV6"/>
<fragment xmi:type="uml:OccurrenceSpecification" xmi:id="EAID_FR000006_D892_423c_850E_XSi0w3gwRDV6" covered="EAID_7183D05E_D892_423c_850E_XSi0w3gwRDV6"/>
<fragment xmi:type="uml:OccurrenceSpecification" xmi:id="EAID_FR000007_D892_423c_850E_1HhpsocUFta6" covered="EAID_7183D05E_D892_423c_850E_1HhpsocUFta6"/>
<fragment xmi:type="uml:OccurrenceSpecification" xmi:id="EAID_FR000008_D892_423c_850E_1HhpsocUFta6" covered="EAID_7183D05E_D892_423c_850E_1HhpsocUFta6"/>
<fragment xmi:type="uml:OccurrenceSpecification" xmi:id="EAID_FR000009_D892_423c_850E_1HhpsocUFta6" covered="EAID_7183D05E_D892_423c_850E_1HhpsocUFta6"/>
<fragment xmi:type="uml:OccurrenceSpecification" xmi:id="EAID_FR0000010_D892_423c_850E_1HhpsocUFta6" covered="EAID_7183D05E_D892_423c_850E_1HhpsocUFta6"/>
<fragment xmi:type="uml:OccurrenceSpecification" xmi:id="EAID_FR0000011_D892_423c_850E_1HhpsocUFta6" covered="EAID_7183D05E_D892_423c_850E_1HhpsocUFta6"/>
<fragment xmi:type="uml:OccurrenceSpecification" xmi:id="EAID_FR0000012_D892_423c_850E_1HhpsocUFta6" covered="EAID_7183D05E_D892_423c_850E_1HhpsocUFta6"/>
<fragment xmi:type="uml:OccurrenceSpecification" xmi:id="EAID_FR0000013_D892_423c_850E_1HhpsocUFta6" covered="EAID_7183D05E_D892_423c_850E_1HhpsocUFta6"/>
<message xmi:type="uml:Message" xmi:id="EAID_049D1FF1_0B97_41fb_AC69_41AFESTHSP5b" name="Scenariodisplay" messageKind="complete" messageSort="synchCall" sendEvent="EAID_FR000004_D892_423c_850E_8109476FDED0" receiveEvent="EAID_FR0000013_D892_423c_850E_1HhpsocUFta6"/>
<message xmi:type="uml:Message" xmi:id="EAID_049D1FF1_0B97_41fb_AC69_41AFTKRJVM7T" name="Civilianorveteranradiobutton" messageKind="complete" messageSort="synchCall" sendEvent="EAID_FR000004_D892_423c_850E_8109476FDED0" receiveEvent="EAID_FR000006_D892_423c_850E_XSi0w3gwRDV6"/>
<message xmi:type="uml:Message" xmi:id="EAID_049D1FF1_0B97_41fb_AC69_41AFOHkosaN0" name="loadfirstscenario" messageKind="complete" messageSort="synchCall" sendEvent="EAID_FR000006_D892_423c_850E_XSi0w3gwRDV6" receiveEvent="EAID_FR0000013_D892_423c_850E_1HhpsocUFta6"/>
<message xmi:type="uml:Message" xmi:id="EAID_049D1FF1_0B97_41fb_AC69_41AFzp2WF8El" name="Scenario" messageKind="complete" messageSort="synchCall" sendEvent="EAID_FR0000013_D892_423c_850E_1HhpsocUFta6" receiveEvent="EAID_FR0000013_D892_423c_850E_1HhpsocUFta6"/>
<message xmi:type="uml:Message" xmi:id="EAID_049D1FF1_0B97_41fb_AC69_41AFK4ZPfdrb" name="displayscenario" messageKind="complete" messageSort="synchCall" sendEvent="EAID_FR0000013_D892_423c_850E_1HhpsocUFta6" receiveEvent="EAID_FR0000013_D892_423c_850E_1HhpsocUFta6"/>
<message xmi:type="uml:Message" xmi:id="EAID_049D1FF1_0B97_41fb_AC69_41AF9SEOYeqQ" name="Scenariodisplay" messageKind="complete" messageSort="synchCall" sendEvent="EAID_FR0000013_D892_423c_850E_1HhpsocUFta6" receiveEvent="EAID_FR0000013_D892_423c_850E_1HhpsocUFta6"/>
</ownedBehavior>
<ownedAttribute xmi:type="uml:Property" xmi:id="EAID_AT000000_D892_423c_850E_1HhpsocUFta6"/>
<ownedAttribute xmi:type="uml:Property" xmi:id="EAID_AT000000_D892_423c_850E_XSi0w3gwRDV6"/>
<ownedAttribute xmi:type="uml:Property" xmi:id="EAID_AT000000_D892_423c_850E_8109476FDED0">
<type xmi:idref="EAID_9977D5D6_D839_4e85_9EF1_38844704F245"/>
					</ownedAttribute>
				</nestedClassifier>
			</packagedElement>
<packagedElement xmi:type="uml:Actor" xmi:id="EAID_9977D5D6_D839_4e85_9EF1_38844704F245" name="User" visibility="public"/>

<packagedElement xmi:type="uml:UseCase" xmi:id="EAID_586BCAF6_15CB_4a03_81A9_HAJtSsKgQbgU" name="Add Users2" visibility="public">
<nestedClassifier xmi:type="uml:Collaboration" xmi:id="EAID_CB000000_AF6_15CB_4a03_81A9_k5SueJY06TO" name="EA_Collaboration2" visibility="public">
<ownedBehavior xmi:type="uml:Interaction" xmi:id="EAID_IN000000_AF6_15CB_4a03_81A9_YnaEyselE5G" name="EA_Interaction2" visibility="public">
<lifeline xmi:type="uml:Lifeline" xmi:id="EAID_LL000000_D892_423c_850E_XSi0w3gwRDV6" name="User" visibility="public" represents="EAID_AT000000_D892_423c_850E_8109476FDED0"/>
<lifeline xmi:type="uml:Lifeline" xmi:id="EAID_7183D05E_D892_423c_850E_sC9UVFFMEeAg" name="LogoutButton" visibility="public" represents="EAID_AT000000_D892_423c_850E_sC9UVFFMEeAg"/>
<lifeline xmi:type="uml:Lifeline" xmi:id="EAID_7183D05E_D892_423c_850E_iIkWn0ttKsMK" name="frontpage" visibility="public" represents="EAID_AT000000_D892_423c_850E_iIkWn0ttKsMK"/>
<lifeline xmi:type="uml:Lifeline" xmi:id="EAID_7183D05E_D892_423c_850E_iVTDgP9mACn2" name="Cookie" visibility="public" represents="EAID_AT000000_D892_423c_850E_iVTDgP9mACn2"/>
<lifeline xmi:type="uml:Lifeline" xmi:id="EAID_7183D05E_D892_423c_850E_J5SUzcdyiqVB" name="clearlocalcache" visibility="public" represents="EAID_AT000000_D892_423c_850E_J5SUzcdyiqVB"/>
<fragment xmi:type="uml:OccurrenceSpecification" xmi:id="EAID_FR000002_D892_423c_850E_XSi0w3gwRDV6" covered="EAID_LL000000_D892_423c_850E_XSi0w3gwRDV6"/>
<fragment xmi:type="uml:OccurrenceSpecification" xmi:id="EAID_FR000003_D892_423c_850E_sC9UVFFMEeAg" covered="EAID_7183D05E_D892_423c_850E_sC9UVFFMEeAg"/>
<fragment xmi:type="uml:OccurrenceSpecification" xmi:id="EAID_FR000004_D892_423c_850E_sC9UVFFMEeAg" covered="EAID_7183D05E_D892_423c_850E_sC9UVFFMEeAg"/>
<fragment xmi:type="uml:OccurrenceSpecification" xmi:id="EAID_FR000005_D892_423c_850E_J5SUzcdyiqVB" covered="EAID_7183D05E_D892_423c_850E_J5SUzcdyiqVB"/>
<fragment xmi:type="uml:OccurrenceSpecification" xmi:id="EAID_FR000006_D892_423c_850E_J5SUzcdyiqVB" covered="EAID_7183D05E_D892_423c_850E_J5SUzcdyiqVB"/>
<fragment xmi:type="uml:OccurrenceSpecification" xmi:id="EAID_FR000007_D892_423c_850E_iVTDgP9mACn2" covered="EAID_7183D05E_D892_423c_850E_iVTDgP9mACn2"/>
<fragment xmi:type="uml:OccurrenceSpecification" xmi:id="EAID_FR000008_D892_423c_850E_J5SUzcdyiqVB" covered="EAID_7183D05E_D892_423c_850E_J5SUzcdyiqVB"/>
<fragment xmi:type="uml:OccurrenceSpecification" xmi:id="EAID_FR000009_D892_423c_850E_iIkWn0ttKsMK" covered="EAID_7183D05E_D892_423c_850E_iIkWn0ttKsMK"/>
<fragment xmi:type="uml:OccurrenceSpecification" xmi:id="EAID_FR0000010_D892_423c_850E_XSi0w3gwRDV6" covered="EAID_LL000000_D892_423c_850E_XSi0w3gwRDV6"/>
<fragment xmi:type="uml:OccurrenceSpecification" xmi:id="EAID_FR0000011_D892_423c_850E_iIkWn0ttKsMK" covered="EAID_7183D05E_D892_423c_850E_iIkWn0ttKsMK"/>
<message xmi:type="uml:Message" xmi:id="EAID_049D1FF1_0B97_41fb_AC69_41AFh1eRCD78" name="LogoutButton" messageKind="complete" messageSort="synchCall" sendEvent="EAID_FR0000010_D892_423c_850E_XSi0w3gwRDV6" receiveEvent="EAID_FR000004_D892_423c_850E_sC9UVFFMEeAg"/>
<message xmi:type="uml:Message" xmi:id="EAID_049D1FF1_0B97_41fb_AC69_41AF2PP5Xb6b" name="clearlocalcache" messageKind="complete" messageSort="synchCall" sendEvent="EAID_FR000004_D892_423c_850E_sC9UVFFMEeAg" receiveEvent="EAID_FR000008_D892_423c_850E_J5SUzcdyiqVB"/>
<message xmi:type="uml:Message" xmi:id="EAID_049D1FF1_0B97_41fb_AC69_41AFMo7J9ajK" name="Cookie" messageKind="complete" messageSort="synchCall" sendEvent="EAID_FR000008_D892_423c_850E_J5SUzcdyiqVB" receiveEvent="EAID_FR000007_D892_423c_850E_iVTDgP9mACn2"/>
<message xmi:type="uml:Message" xmi:id="EAID_049D1FF1_0B97_41fb_AC69_41AFqlviHXIi" name="frontpage" messageKind="complete" messageSort="synchCall" sendEvent="EAID_FR000008_D892_423c_850E_J5SUzcdyiqVB" receiveEvent="EAID_FR0000011_D892_423c_850E_iIkWn0ttKsMK"/>
<message xmi:type="uml:Message" xmi:id="EAID_049D1FF1_0B97_41fb_AC69_41AFsVeggiHM" name="frontpage" messageKind="complete" messageSort="synchCall" sendEvent="EAID_FR0000010_D892_423c_850E_XSi0w3gwRDV6" receiveEvent="EAID_FR0000011_D892_423c_850E_iIkWn0ttKsMK"/>
</ownedBehavior>
<ownedAttribute xmi:type="uml:Property" xmi:id="EAID_AT000000_D892_423c_850E_sC9UVFFMEeAg"/>
<ownedAttribute xmi:type="uml:Property" xmi:id="EAID_AT000000_D892_423c_850E_iIkWn0ttKsMK"/>
<ownedAttribute xmi:type="uml:Property" xmi:id="EAID_AT000000_D892_423c_850E_iVTDgP9mACn2"/>
<ownedAttribute xmi:type="uml:Property" xmi:id="EAID_AT000000_D892_423c_850E_J5SUzcdyiqVB"/>
<ownedAttribute xmi:type="uml:Property" xmi:id="EAID_AT000000_D892_423c_850E_8109476FDED0">
<type xmi:idref="EAID_9977D5D6_D839_4e85_9EF1_8Uz9N5saAXMF"/>
					</ownedAttribute>
				</nestedClassifier>
			</packagedElement>
<packagedElement xmi:type="uml:Actor" xmi:id="EAID_9977D5D6_D839_4e85_9EF1_8Uz9N5saAXMF" name="User" visibility="public"/>

<packagedElement xmi:type="uml:UseCase" xmi:id="EAID_586BCAF6_15CB_4a03_81A9_BslROty3xNYV" name="Add Users3" visibility="public">
<nestedClassifier xmi:type="uml:Collaboration" xmi:id="EAID_CB000000_AF6_15CB_4a03_81A9_aqJO1lSpUsj" name="EA_Collaboration3" visibility="public">
<ownedBehavior xmi:type="uml:Interaction" xmi:id="EAID_IN000000_AF6_15CB_4a03_81A9_N4hJt6orMEp" name="EA_Interaction3" visibility="public">
<lifeline xmi:type="uml:Lifeline" xmi:id="EAID_LL000000_D892_423c_850E_J5SUzcdyiqVB" name="User" visibility="public" represents="EAID_AT000000_D892_423c_850E_8109476FDED0"/>
<lifeline xmi:type="uml:Lifeline" xmi:id="EAID_7183D05E_D892_423c_850E_zcayUSieCgTl" name="Emptycompletemessage" visibility="public" represents="EAID_AT000000_D892_423c_850E_zcayUSieCgTl"/>
<lifeline xmi:type="uml:Lifeline" xmi:id="EAID_7183D05E_D892_423c_850E_pdThQh8wroWE" name="userinterface" visibility="public" represents="EAID_AT000000_D892_423c_850E_pdThQh8wroWE"/>
<lifeline xmi:type="uml:Lifeline" xmi:id="EAID_7183D05E_D892_423c_850E_DZJzyrgFgGZR" name="checklogininformation" visibility="public" represents="EAID_AT000000_D892_423c_850E_DZJzyrgFgGZR"/>
<fragment xmi:type="uml:OccurrenceSpecification" xmi:id="EAID_FR000002_D892_423c_850E_J5SUzcdyiqVB" covered="EAID_LL000000_D892_423c_850E_J5SUzcdyiqVB"/>
<fragment xmi:type="uml:OccurrenceSpecification" xmi:id="EAID_FR000003_D892_423c_850E_zcayUSieCgTl" covered="EAID_7183D05E_D892_423c_850E_zcayUSieCgTl"/>
<fragment xmi:type="uml:OccurrenceSpecification" xmi:id="EAID_FR000004_D892_423c_850E_J5SUzcdyiqVB" covered="EAID_LL000000_D892_423c_850E_J5SUzcdyiqVB"/>
<fragment xmi:type="uml:OccurrenceSpecification" xmi:id="EAID_FR000005_D892_423c_850E_pdThQh8wroWE" covered="EAID_7183D05E_D892_423c_850E_pdThQh8wroWE"/>
<fragment xmi:type="uml:OccurrenceSpecification" xmi:id="EAID_FR000006_D892_423c_850E_J5SUzcdyiqVB" covered="EAID_LL000000_D892_423c_850E_J5SUzcdyiqVB"/>
<fragment xmi:type="uml:OccurrenceSpecification" xmi:id="EAID_FR000007_D892_423c_850E_pdThQh8wroWE" covered="EAID_7183D05E_D892_423c_850E_pdThQh8wroWE"/>
<fragment xmi:type="uml:OccurrenceSpecification" xmi:id="EAID_FR000008_D892_423c_850E_J5SUzcdyiqVB" covered="EAID_LL000000_D892_423c_850E_J5SUzcdyiqVB"/>
<fragment xmi:type="uml:OccurrenceSpecification" xmi:id="EAID_FR000009_D892_423c_850E_pdThQh8wroWE" covered="EAID_7183D05E_D892_423c_850E_pdThQh8wroWE"/>
<fragment xmi:type="uml:OccurrenceSpecification" xmi:id="EAID_FR0000010_D892_423c_850E_pdThQh8wroWE" covered="EAID_7183D05E_D892_423c_850E_pdThQh8wroWE"/>
<fragment xmi:type="uml:OccurrenceSpecification" xmi:id="EAID_FR0000011_D892_423c_850E_DZJzyrgFgGZR" covered="EAID_7183D05E_D892_423c_850E_DZJzyrgFgGZR"/>
<fragment xmi:type="uml:OccurrenceSpecification" xmi:id="EAID_FR0000012_D892_423c_850E_DZJzyrgFgGZR" covered="EAID_7183D05E_D892_423c_850E_DZJzyrgFgGZR"/>
<fragment xmi:type="uml:OccurrenceSpecification" xmi:id="EAID_FR0000013_D892_423c_850E_zcayUSieCgTl" covered="EAID_7183D05E_D892_423c_850E_zcayUSieCgTl"/>
<fragment xmi:type="uml:OccurrenceSpecification" xmi:id="EAID_FR0000014_D892_423c_850E_DZJzyrgFgGZR" covered="EAID_7183D05E_D892_423c_850E_DZJzyrgFgGZR"/>
<fragment xmi:type="uml:OccurrenceSpecification" xmi:id="EAID_FR0000015_D892_423c_850E_pdThQh8wroWE" covered="EAID_7183D05E_D892_423c_850E_pdThQh8wroWE"/>
<fragment xmi:type="uml:OccurrenceSpecification" xmi:id="EAID_FR0000016_D892_423c_850E_DZJzyrgFgGZR" covered="EAID_7183D05E_D892_423c_850E_DZJzyrgFgGZR"/>
<fragment xmi:type="uml:OccurrenceSpecification" xmi:id="EAID_FR0000017_D892_423c_850E_pdThQh8wroWE" covered="EAID_7183D05E_D892_423c_850E_pdThQh8wroWE"/>
<fragment xmi:type="uml:OccurrenceSpecification" xmi:id="EAID_FR0000018_D892_423c_850E_DZJzyrgFgGZR" covered="EAID_7183D05E_D892_423c_850E_DZJzyrgFgGZR"/>
<fragment xmi:type="uml:OccurrenceSpecification" xmi:id="EAID_FR0000019_D892_423c_850E_pdThQh8wroWE" covered="EAID_7183D05E_D892_423c_850E_pdThQh8wroWE"/>
<message xmi:type="uml:Message" xmi:id="EAID_049D1FF1_0B97_41fb_AC69_41AFhvIU1aMI" name="ErrorMessage" messageKind="complete" messageSort="synchCall" sendEvent="EAID_FR000008_D892_423c_850E_J5SUzcdyiqVB" receiveEvent="EAID_FR0000013_D892_423c_850E_zcayUSieCgTl"/>
<message xmi:type="uml:Message" xmi:id="EAID_049D1FF1_0B97_41fb_AC69_41AFs3Hi55qy" name="userinterface" messageKind="complete" messageSort="synchCall" sendEvent="EAID_FR000008_D892_423c_850E_J5SUzcdyiqVB" receiveEvent="EAID_FR0000019_D892_423c_850E_pdThQh8wroWE"/>
<message xmi:type="uml:Message" xmi:id="EAID_049D1FF1_0B97_41fb_AC69_41AFoCvB7rWo" name="admininterface" messageKind="complete" messageSort="synchCall" sendEvent="EAID_FR000008_D892_423c_850E_J5SUzcdyiqVB" receiveEvent="EAID_FR0000019_D892_423c_850E_pdThQh8wroWE"/>
<message xmi:type="uml:Message" xmi:id="EAID_049D1FF1_0B97_41fb_AC69_41AFvRp0zrCB" name="usernameandpasswordinterface" messageKind="complete" messageSort="synchCall" sendEvent="EAID_FR000008_D892_423c_850E_J5SUzcdyiqVB" receiveEvent="EAID_FR0000019_D892_423c_850E_pdThQh8wroWE"/>
<message xmi:type="uml:Message" xmi:id="EAID_049D1FF1_0B97_41fb_AC69_41AFUsEoUhMD" name="checklogininformation" messageKind="complete" messageSort="synchCall" sendEvent="EAID_FR0000019_D892_423c_850E_pdThQh8wroWE" receiveEvent="EAID_FR0000018_D892_423c_850E_DZJzyrgFgGZR"/>
<message xmi:type="uml:Message" xmi:id="EAID_049D1FF1_0B97_41fb_AC69_41AFXefxwers" name="ErrorMessage" messageKind="complete" messageSort="synchCall" sendEvent="EAID_FR0000018_D892_423c_850E_DZJzyrgFgGZR" receiveEvent="EAID_FR0000013_D892_423c_850E_zcayUSieCgTl"/>
<message xmi:type="uml:Message" xmi:id="EAID_049D1FF1_0B97_41fb_AC69_41AFCoSF61KG" name="UserInfo" messageKind="complete" messageSort="synchCall" sendEvent="EAID_FR0000018_D892_423c_850E_DZJzyrgFgGZR" receiveEvent="EAID_FR0000019_D892_423c_850E_pdThQh8wroWE"/>
<message xmi:type="uml:Message" xmi:id="EAID_049D1FF1_0B97_41fb_AC69_41AFFltTAZbV" name="admininterface" messageKind="complete" messageSort="synchCall" sendEvent="EAID_FR0000018_D892_423c_850E_DZJzyrgFgGZR" receiveEvent="EAID_FR0000019_D892_423c_850E_pdThQh8wroWE"/>
<message xmi:type="uml:Message" xmi:id="EAID_049D1FF1_0B97_41fb_AC69_41AFOyXPSEuO" name="userinterface" messageKind="complete" messageSort="synchCall" sendEvent="EAID_FR0000018_D892_423c_850E_DZJzyrgFgGZR" receiveEvent="EAID_FR0000019_D892_423c_850E_pdThQh8wroWE"/>
</ownedBehavior>
<ownedAttribute xmi:type="uml:Property" xmi:id="EAID_AT000000_D892_423c_850E_zcayUSieCgTl"/>
<ownedAttribute xmi:type="uml:Property" xmi:id="EAID_AT000000_D892_423c_850E_pdThQh8wroWE"/>
<ownedAttribute xmi:type="uml:Property" xmi:id="EAID_AT000000_D892_423c_850E_DZJzyrgFgGZR"/>
<ownedAttribute xmi:type="uml:Property" xmi:id="EAID_AT000000_D892_423c_850E_8109476FDED0">
<type xmi:idref="EAID_9977D5D6_D839_4e85_9EF1_O5aBuuHCZxNr"/>
					</ownedAttribute>
				</nestedClassifier>
			</packagedElement>
<packagedElement xmi:type="uml:Actor" xmi:id="EAID_9977D5D6_D839_4e85_9EF1_O5aBuuHCZxNr" name="User" visibility="public"/>

<packagedElement xmi:type="uml:UseCase" xmi:id="EAID_586BCAF6_15CB_4a03_81A9_GgbjOQXm57Z6" name="Add Users4" visibility="public">
<nestedClassifier xmi:type="uml:Collaboration" xmi:id="EAID_CB000000_AF6_15CB_4a03_81A9_JYZl1yUhOVg" name="EA_Collaboration4" visibility="public">
<ownedBehavior xmi:type="uml:Interaction" xmi:id="EAID_IN000000_AF6_15CB_4a03_81A9_BsK3emdTsX0" name="EA_Interaction4" visibility="public">
<lifeline xmi:type="uml:Lifeline" xmi:id="EAID_LL000000_D892_423c_850E_DZJzyrgFgGZR" name="User" visibility="public" represents="EAID_AT000000_D892_423c_850E_8109476FDED0"/>
<lifeline xmi:type="uml:Lifeline" xmi:id="EAID_7183D05E_D892_423c_850E_s9jR0xKoxpxM" name="Storetheanswerforthescenario" visibility="public" represents="EAID_AT000000_D892_423c_850E_s9jR0xKoxpxM"/>
<lifeline xmi:type="uml:Lifeline" xmi:id="EAID_7183D05E_D892_423c_850E_UiwlEqxzQtlI" name="CookieExpirationError" visibility="public" represents="EAID_AT000000_D892_423c_850E_UiwlEqxzQtlI"/>
<lifeline xmi:type="uml:Lifeline" xmi:id="EAID_7183D05E_D892_423c_850E_BmceSqca8fke" name="frontpage" visibility="public" represents="EAID_AT000000_D892_423c_850E_BmceSqca8fke"/>
<fragment xmi:type="uml:OccurrenceSpecification" xmi:id="EAID_FR000002_D892_423c_850E_DZJzyrgFgGZR" covered="EAID_LL000000_D892_423c_850E_DZJzyrgFgGZR"/>
<fragment xmi:type="uml:OccurrenceSpecification" xmi:id="EAID_FR000003_D892_423c_850E_s9jR0xKoxpxM" covered="EAID_7183D05E_D892_423c_850E_s9jR0xKoxpxM"/>
<fragment xmi:type="uml:OccurrenceSpecification" xmi:id="EAID_FR000004_D892_423c_850E_s9jR0xKoxpxM" covered="EAID_7183D05E_D892_423c_850E_s9jR0xKoxpxM"/>
<fragment xmi:type="uml:OccurrenceSpecification" xmi:id="EAID_FR000005_D892_423c_850E_s9jR0xKoxpxM" covered="EAID_7183D05E_D892_423c_850E_s9jR0xKoxpxM"/>
<fragment xmi:type="uml:OccurrenceSpecification" xmi:id="EAID_FR000006_D892_423c_850E_s9jR0xKoxpxM" covered="EAID_7183D05E_D892_423c_850E_s9jR0xKoxpxM"/>
<fragment xmi:type="uml:OccurrenceSpecification" xmi:id="EAID_FR000007_D892_423c_850E_UiwlEqxzQtlI" covered="EAID_7183D05E_D892_423c_850E_UiwlEqxzQtlI"/>
<fragment xmi:type="uml:OccurrenceSpecification" xmi:id="EAID_FR000008_D892_423c_850E_UiwlEqxzQtlI" covered="EAID_7183D05E_D892_423c_850E_UiwlEqxzQtlI"/>
<fragment xmi:type="uml:OccurrenceSpecification" xmi:id="EAID_FR000009_D892_423c_850E_UiwlEqxzQtlI" covered="EAID_7183D05E_D892_423c_850E_UiwlEqxzQtlI"/>
<fragment xmi:type="uml:OccurrenceSpecification" xmi:id="EAID_FR0000010_D892_423c_850E_UiwlEqxzQtlI" covered="EAID_7183D05E_D892_423c_850E_UiwlEqxzQtlI"/>
<fragment xmi:type="uml:OccurrenceSpecification" xmi:id="EAID_FR0000011_D892_423c_850E_UiwlEqxzQtlI" covered="EAID_7183D05E_D892_423c_850E_UiwlEqxzQtlI"/>
<fragment xmi:type="uml:OccurrenceSpecification" xmi:id="EAID_FR0000012_D892_423c_850E_s9jR0xKoxpxM" covered="EAID_7183D05E_D892_423c_850E_s9jR0xKoxpxM"/>
<fragment xmi:type="uml:OccurrenceSpecification" xmi:id="EAID_FR0000013_D892_423c_850E_s9jR0xKoxpxM" covered="EAID_7183D05E_D892_423c_850E_s9jR0xKoxpxM"/>
<fragment xmi:type="uml:OccurrenceSpecification" xmi:id="EAID_FR0000014_D892_423c_850E_s9jR0xKoxpxM" covered="EAID_7183D05E_D892_423c_850E_s9jR0xKoxpxM"/>
<fragment xmi:type="uml:OccurrenceSpecification" xmi:id="EAID_FR0000015_D892_423c_850E_s9jR0xKoxpxM" covered="EAID_7183D05E_D892_423c_850E_s9jR0xKoxpxM"/>
<fragment xmi:type="uml:OccurrenceSpecification" xmi:id="EAID_FR0000016_D892_423c_850E_s9jR0xKoxpxM" covered="EAID_7183D05E_D892_423c_850E_s9jR0xKoxpxM"/>
<fragment xmi:type="uml:OccurrenceSpecification" xmi:id="EAID_FR0000017_D892_423c_850E_s9jR0xKoxpxM" covered="EAID_7183D05E_D892_423c_850E_s9jR0xKoxpxM"/>
<fragment xmi:type="uml:OccurrenceSpecification" xmi:id="EAID_FR0000018_D892_423c_850E_s9jR0xKoxpxM" covered="EAID_7183D05E_D892_423c_850E_s9jR0xKoxpxM"/>
<fragment xmi:type="uml:OccurrenceSpecification" xmi:id="EAID_FR0000019_D892_423c_850E_s9jR0xKoxpxM" covered="EAID_7183D05E_D892_423c_850E_s9jR0xKoxpxM"/>
<fragment xmi:type="uml:OccurrenceSpecification" xmi:id="EAID_FR00000110_D892_423c_850E_s9jR0xKoxpxM" covered="EAID_7183D05E_D892_423c_850E_s9jR0xKoxpxM"/>
<fragment xmi:type="uml:OccurrenceSpecification" xmi:id="EAID_FR00000111_D892_423c_850E_BmceSqca8fke" covered="EAID_7183D05E_D892_423c_850E_BmceSqca8fke"/>
<fragment xmi:type="uml:OccurrenceSpecification" xmi:id="EAID_FR00000112_D892_423c_850E_s9jR0xKoxpxM" covered="EAID_7183D05E_D892_423c_850E_s9jR0xKoxpxM"/>
<fragment xmi:type="uml:OccurrenceSpecification" xmi:id="EAID_FR00000113_D892_423c_850E_s9jR0xKoxpxM" covered="EAID_7183D05E_D892_423c_850E_s9jR0xKoxpxM"/>
<fragment xmi:type="uml:OccurrenceSpecification" xmi:id="EAID_FR00000114_D892_423c_850E_DZJzyrgFgGZR" covered="EAID_LL000000_D892_423c_850E_DZJzyrgFgGZR"/>
<fragment xmi:type="uml:OccurrenceSpecification" xmi:id="EAID_FR00000115_D892_423c_850E_UiwlEqxzQtlI" covered="EAID_7183D05E_D892_423c_850E_UiwlEqxzQtlI"/>
<fragment xmi:type="uml:OccurrenceSpecification" xmi:id="EAID_FR00000116_D892_423c_850E_DZJzyrgFgGZR" covered="EAID_LL000000_D892_423c_850E_DZJzyrgFgGZR"/>
<fragment xmi:type="uml:OccurrenceSpecification" xmi:id="EAID_FR00000117_D892_423c_850E_BmceSqca8fke" covered="EAID_7183D05E_D892_423c_850E_BmceSqca8fke"/>
<message xmi:type="uml:Message" xmi:id="EAID_049D1FF1_0B97_41fb_AC69_41AFhIHz6csW" name="ScenarioPage" messageKind="complete" messageSort="synchCall" sendEvent="EAID_FR00000116_D892_423c_850E_DZJzyrgFgGZR" receiveEvent="EAID_FR00000113_D892_423c_850E_s9jR0xKoxpxM"/>
<message xmi:type="uml:Message" xmi:id="EAID_049D1FF1_0B97_41fb_AC69_41AFldNqPlTI" name="Storetheanswerforthescenario" messageKind="complete" messageSort="synchCall" sendEvent="EAID_FR00000113_D892_423c_850E_s9jR0xKoxpxM" receiveEvent="EAID_FR00000113_D892_423c_850E_s9jR0xKoxpxM"/>
<message xmi:type="uml:Message" xmi:id="EAID_049D1FF1_0B97_41fb_AC69_41AFlgxV1h1v" name="Checkcookieexpiration" messageKind="complete" messageSort="synchCall" sendEvent="EAID_FR00000113_D892_423c_850E_s9jR0xKoxpxM" receiveEvent="EAID_FR00000115_D892_423c_850E_UiwlEqxzQtlI"/>
<message xmi:type="uml:Message" xmi:id="EAID_049D1FF1_0B97_41fb_AC69_41AF2oqAPozg" name="CookieExpirationError" messageKind="complete" messageSort="synchCall" sendEvent="EAID_FR00000115_D892_423c_850E_UiwlEqxzQtlI" receiveEvent="EAID_FR00000115_D892_423c_850E_UiwlEqxzQtlI"/>
<message xmi:type="uml:Message" xmi:id="EAID_049D1FF1_0B97_41fb_AC69_41AFDuSZFcK7" name="Cookie" messageKind="complete" messageSort="synchCall" sendEvent="EAID_FR00000115_D892_423c_850E_UiwlEqxzQtlI" receiveEvent="EAID_FR00000115_D892_423c_850E_UiwlEqxzQtlI"/>
<message xmi:type="uml:Message" xmi:id="EAID_049D1FF1_0B97_41fb_AC69_41AFJ7Sq9lZB" name="Loadnextsenario" messageKind="complete" messageSort="synchCall" sendEvent="EAID_FR00000113_D892_423c_850E_s9jR0xKoxpxM" receiveEvent="EAID_FR00000113_D892_423c_850E_s9jR0xKoxpxM"/>
<message xmi:type="uml:Message" xmi:id="EAID_049D1FF1_0B97_41fb_AC69_41AFK5vnN4UU" name="ScenarioPage" messageKind="complete" messageSort="synchCall" sendEvent="EAID_FR00000113_D892_423c_850E_s9jR0xKoxpxM" receiveEvent="EAID_FR00000113_D892_423c_850E_s9jR0xKoxpxM"/>
<message xmi:type="uml:Message" xmi:id="EAID_049D1FF1_0B97_41fb_AC69_41AFKIDc7AIT" name="Storetheanswerforthescenario" messageKind="complete" messageSort="synchCall" sendEvent="EAID_FR00000113_D892_423c_850E_s9jR0xKoxpxM" receiveEvent="EAID_FR00000113_D892_423c_850E_s9jR0xKoxpxM"/>
<message xmi:type="uml:Message" xmi:id="EAID_049D1FF1_0B97_41fb_AC69_41AFiM9XXSL2" name="Scenario" messageKind="complete" messageSort="synchCall" sendEvent="EAID_FR00000113_D892_423c_850E_s9jR0xKoxpxM" receiveEvent="EAID_FR00000113_D892_423c_850E_s9jR0xKoxpxM"/>
<message xmi:type="uml:Message" xmi:id="EAID_049D1FF1_0B97_41fb_AC69_41AFzhgLFfTN" name="Thankyoupage" messageKind="complete" messageSort="synchCall" sendEvent="EAID_FR00000113_D892_423c_850E_s9jR0xKoxpxM" receiveEvent="EAID_FR00000117_D892_423c_850E_BmceSqca8fke"/>
<message xmi:type="uml:Message" xmi:id="EAID_049D1FF1_0B97_41fb_AC69_41AF52QHG1ri" name="Scenario" messageKind="complete" messageSort="synchCall" sendEvent="EAID_FR00000113_D892_423c_850E_s9jR0xKoxpxM" receiveEvent="EAID_FR00000113_D892_423c_850E_s9jR0xKoxpxM"/>
<message xmi:type="uml:Message" xmi:id="EAID_049D1FF1_0B97_41fb_AC69_41AFXgQvFqf0" name="CookieExpirationError" messageKind="complete" messageSort="synchCall" sendEvent="EAID_FR00000116_D892_423c_850E_DZJzyrgFgGZR" receiveEvent="EAID_FR00000115_D892_423c_850E_UiwlEqxzQtlI"/>
<message xmi:type="uml:Message" xmi:id="EAID_049D1FF1_0B97_41fb_AC69_41AFjR53FSJU" name="Thankyoupage" messageKind="complete" messageSort="synchCall" sendEvent="EAID_FR00000116_D892_423c_850E_DZJzyrgFgGZR" receiveEvent="EAID_FR00000117_D892_423c_850E_BmceSqca8fke"/>
</ownedBehavior>
<ownedAttribute xmi:type="uml:Property" xmi:id="EAID_AT000000_D892_423c_850E_s9jR0xKoxpxM"/>
<ownedAttribute xmi:type="uml:Property" xmi:id="EAID_AT000000_D892_423c_850E_UiwlEqxzQtlI"/>
<ownedAttribute xmi:type="uml:Property" xmi:id="EAID_AT000000_D892_423c_850E_BmceSqca8fke"/>
<ownedAttribute xmi:type="uml:Property" xmi:id="EAID_AT000000_D892_423c_850E_8109476FDED0">
<type xmi:idref="EAID_9977D5D6_D839_4e85_9EF1_typS2OCDt77G"/>
					</ownedAttribute>
				</nestedClassifier>
			</packagedElement>
<packagedElement xmi:type="uml:Actor" xmi:id="EAID_9977D5D6_D839_4e85_9EF1_typS2OCDt77G" name="User" visibility="public"/>

<packagedElement xmi:type="uml:UseCase" xmi:id="EAID_586BCAF6_15CB_4a03_81A9_Xy1AnO5XV6T0" name="Add Users5" visibility="public">
<nestedClassifier xmi:type="uml:Collaboration" xmi:id="EAID_CB000000_AF6_15CB_4a03_81A9_eJ1ByT6OrwZ" name="EA_Collaboration5" visibility="public">
<ownedBehavior xmi:type="uml:Interaction" xmi:id="EAID_IN000000_AF6_15CB_4a03_81A9_a5al1WzkRVN" name="EA_Interaction5" visibility="public">
<lifeline xmi:type="uml:Lifeline" xmi:id="EAID_LL000000_D892_423c_850E_BmceSqca8fke" name="User" visibility="public" represents="EAID_AT000000_D892_423c_850E_8109476FDED0"/>
<lifeline xmi:type="uml:Lifeline" xmi:id="EAID_7183D05E_D892_423c_850E_LvyrQkWLJBhf" name="frontpage" visibility="public" represents="EAID_AT000000_D892_423c_850E_LvyrQkWLJBhf"/>
<lifeline xmi:type="uml:Lifeline" xmi:id="EAID_7183D05E_D892_423c_850E_R7txLMIFsMIH" name="CookieExpirationError" visibility="public" represents="EAID_AT000000_D892_423c_850E_R7txLMIFsMIH"/>
<lifeline xmi:type="uml:Lifeline" xmi:id="EAID_7183D05E_D892_423c_850E_bOerXT2Ib8PO" name="calculateresponsestatistics" visibility="public" represents="EAID_AT000000_D892_423c_850E_bOerXT2Ib8PO"/>
<fragment xmi:type="uml:OccurrenceSpecification" xmi:id="EAID_FR000002_D892_423c_850E_BmceSqca8fke" covered="EAID_LL000000_D892_423c_850E_BmceSqca8fke"/>
<fragment xmi:type="uml:OccurrenceSpecification" xmi:id="EAID_FR000003_D892_423c_850E_LvyrQkWLJBhf" covered="EAID_7183D05E_D892_423c_850E_LvyrQkWLJBhf"/>
<fragment xmi:type="uml:OccurrenceSpecification" xmi:id="EAID_FR000004_D892_423c_850E_LvyrQkWLJBhf" covered="EAID_7183D05E_D892_423c_850E_LvyrQkWLJBhf"/>
<fragment xmi:type="uml:OccurrenceSpecification" xmi:id="EAID_FR000005_D892_423c_850E_R7txLMIFsMIH" covered="EAID_7183D05E_D892_423c_850E_R7txLMIFsMIH"/>
<fragment xmi:type="uml:OccurrenceSpecification" xmi:id="EAID_FR000006_D892_423c_850E_R7txLMIFsMIH" covered="EAID_7183D05E_D892_423c_850E_R7txLMIFsMIH"/>
<fragment xmi:type="uml:OccurrenceSpecification" xmi:id="EAID_FR000007_D892_423c_850E_R7txLMIFsMIH" covered="EAID_7183D05E_D892_423c_850E_R7txLMIFsMIH"/>
<fragment xmi:type="uml:OccurrenceSpecification" xmi:id="EAID_FR000008_D892_423c_850E_R7txLMIFsMIH" covered="EAID_7183D05E_D892_423c_850E_R7txLMIFsMIH"/>
<fragment xmi:type="uml:OccurrenceSpecification" xmi:id="EAID_FR000009_D892_423c_850E_bOerXT2Ib8PO" covered="EAID_7183D05E_D892_423c_850E_bOerXT2Ib8PO"/>
<fragment xmi:type="uml:OccurrenceSpecification" xmi:id="EAID_FR0000010_D892_423c_850E_bOerXT2Ib8PO" covered="EAID_7183D05E_D892_423c_850E_bOerXT2Ib8PO"/>
<fragment xmi:type="uml:OccurrenceSpecification" xmi:id="EAID_FR0000011_D892_423c_850E_bOerXT2Ib8PO" covered="EAID_7183D05E_D892_423c_850E_bOerXT2Ib8PO"/>
<fragment xmi:type="uml:OccurrenceSpecification" xmi:id="EAID_FR0000012_D892_423c_850E_bOerXT2Ib8PO" covered="EAID_7183D05E_D892_423c_850E_bOerXT2Ib8PO"/>
<fragment xmi:type="uml:OccurrenceSpecification" xmi:id="EAID_FR0000013_D892_423c_850E_bOerXT2Ib8PO" covered="EAID_7183D05E_D892_423c_850E_bOerXT2Ib8PO"/>
<fragment xmi:type="uml:OccurrenceSpecification" xmi:id="EAID_FR0000014_D892_423c_850E_bOerXT2Ib8PO" covered="EAID_7183D05E_D892_423c_850E_bOerXT2Ib8PO"/>
<fragment xmi:type="uml:OccurrenceSpecification" xmi:id="EAID_FR0000015_D892_423c_850E_LvyrQkWLJBhf" covered="EAID_7183D05E_D892_423c_850E_LvyrQkWLJBhf"/>
<fragment xmi:type="uml:OccurrenceSpecification" xmi:id="EAID_FR0000016_D892_423c_850E_LvyrQkWLJBhf" covered="EAID_7183D05E_D892_423c_850E_LvyrQkWLJBhf"/>
<fragment xmi:type="uml:OccurrenceSpecification" xmi:id="EAID_FR0000017_D892_423c_850E_R7txLMIFsMIH" covered="EAID_7183D05E_D892_423c_850E_R7txLMIFsMIH"/>
<fragment xmi:type="uml:OccurrenceSpecification" xmi:id="EAID_FR0000018_D892_423c_850E_bOerXT2Ib8PO" covered="EAID_7183D05E_D892_423c_850E_bOerXT2Ib8PO"/>
<fragment xmi:type="uml:OccurrenceSpecification" xmi:id="EAID_FR0000019_D892_423c_850E_R7txLMIFsMIH" covered="EAID_7183D05E_D892_423c_850E_R7txLMIFsMIH"/>
<message xmi:type="uml:Message" xmi:id="EAID_049D1FF1_0B97_41fb_AC69_41AFAmTGzyqw" name="ScenarioPage" messageKind="complete" messageSort="synchCall" sendEvent="EAID_FR000002_D892_423c_850E_BmceSqca8fke" receiveEvent="EAID_FR0000016_D892_423c_850E_LvyrQkWLJBhf"/>
<message xmi:type="uml:Message" xmi:id="EAID_049D1FF1_0B97_41fb_AC69_41AFLIhhHYt4" name="storeanswersascookie" messageKind="complete" messageSort="synchCall" sendEvent="EAID_FR0000016_D892_423c_850E_LvyrQkWLJBhf" receiveEvent="EAID_FR0000019_D892_423c_850E_R7txLMIFsMIH"/>
<message xmi:type="uml:Message" xmi:id="EAID_049D1FF1_0B97_41fb_AC69_41AFpTNAZ4RD" name="Cookie" messageKind="complete" messageSort="synchCall" sendEvent="EAID_FR0000019_D892_423c_850E_R7txLMIFsMIH" receiveEvent="EAID_FR0000019_D892_423c_850E_R7txLMIFsMIH"/>
<message xmi:type="uml:Message" xmi:id="EAID_049D1FF1_0B97_41fb_AC69_41AFF7A7vKEn" name="calculateresponsestatistics" messageKind="complete" messageSort="synchCall" sendEvent="EAID_FR0000019_D892_423c_850E_R7txLMIFsMIH" receiveEvent="EAID_FR0000018_D892_423c_850E_bOerXT2Ib8PO"/>
<message xmi:type="uml:Message" xmi:id="EAID_049D1FF1_0B97_41fb_AC69_41AF3N6RHqjk" name="answerstatisticspage" messageKind="complete" messageSort="synchCall" sendEvent="EAID_FR0000018_D892_423c_850E_bOerXT2Ib8PO" receiveEvent="EAID_FR0000018_D892_423c_850E_bOerXT2Ib8PO"/>
<message xmi:type="uml:Message" xmi:id="EAID_049D1FF1_0B97_41fb_AC69_41AFq5kfOKaD" name="Loadcommunicationtechnique" messageKind="complete" messageSort="synchCall" sendEvent="EAID_FR0000018_D892_423c_850E_bOerXT2Ib8PO" receiveEvent="EAID_FR0000018_D892_423c_850E_bOerXT2Ib8PO"/>
<message xmi:type="uml:Message" xmi:id="EAID_049D1FF1_0B97_41fb_AC69_41AFGyNBXpM1" name="ScenarioPage" messageKind="complete" messageSort="synchCall" sendEvent="EAID_FR0000018_D892_423c_850E_bOerXT2Ib8PO" receiveEvent="EAID_FR0000016_D892_423c_850E_LvyrQkWLJBhf"/>
<message xmi:type="uml:Message" xmi:id="EAID_049D1FF1_0B97_41fb_AC69_41AF81Gin3E8" name="storeanswersascookie" messageKind="complete" messageSort="synchCall" sendEvent="EAID_FR0000016_D892_423c_850E_LvyrQkWLJBhf" receiveEvent="EAID_FR0000019_D892_423c_850E_R7txLMIFsMIH"/>
<message xmi:type="uml:Message" xmi:id="EAID_049D1FF1_0B97_41fb_AC69_41AFaDK5k4yt" name="communication" messageKind="complete" messageSort="synchCall" sendEvent="EAID_FR0000018_D892_423c_850E_bOerXT2Ib8PO" receiveEvent="EAID_FR0000019_D892_423c_850E_R7txLMIFsMIH"/>
</ownedBehavior>
<ownedAttribute xmi:type="uml:Property" xmi:id="EAID_AT000000_D892_423c_850E_LvyrQkWLJBhf"/>
<ownedAttribute xmi:type="uml:Property" xmi:id="EAID_AT000000_D892_423c_850E_R7txLMIFsMIH"/>
<ownedAttribute xmi:type="uml:Property" xmi:id="EAID_AT000000_D892_423c_850E_bOerXT2Ib8PO"/>
<ownedAttribute xmi:type="uml:Property" xmi:id="EAID_AT000000_D892_423c_850E_8109476FDED0">
<type xmi:idref="EAID_9977D5D6_D839_4e85_9EF1_2fx9K7OBbVYq"/>
					</ownedAttribute>
				</nestedClassifier>
			</packagedElement>
<packagedElement xmi:type="uml:Actor" xmi:id="EAID_9977D5D6_D839_4e85_9EF1_2fx9K7OBbVYq" name="User" visibility="public"/>

<packagedElement xmi:type="uml:UseCase" xmi:id="EAID_586BCAF6_15CB_4a03_81A9_SEzmoEveXE0s" name="Add Users6" visibility="public">
<nestedClassifier xmi:type="uml:Collaboration" xmi:id="EAID_CB000000_AF6_15CB_4a03_81A9_ANTuQn3OEDI" name="EA_Collaboration6" visibility="public">
<ownedBehavior xmi:type="uml:Interaction" xmi:id="EAID_IN000000_AF6_15CB_4a03_81A9_BBsWrJFshuc" name="EA_Interaction6" visibility="public">
<lifeline xmi:type="uml:Lifeline" xmi:id="EAID_LL000000_D892_423c_850E_bOerXT2Ib8PO" name="User" visibility="public" represents="EAID_AT000000_D892_423c_850E_8109476FDED0"/>
<lifeline xmi:type="uml:Lifeline" xmi:id="EAID_7183D05E_D892_423c_850E_VQanpodVIstR" name="Emptycompletemessage" visibility="public" represents="EAID_AT000000_D892_423c_850E_VQanpodVIstR"/>
<lifeline xmi:type="uml:Lifeline" xmi:id="EAID_7183D05E_D892_423c_850E_1oKuNRD6bSPT" name="Page" visibility="public" represents="EAID_AT000000_D892_423c_850E_1oKuNRD6bSPT"/>
<fragment xmi:type="uml:OccurrenceSpecification" xmi:id="EAID_FR000002_D892_423c_850E_bOerXT2Ib8PO" covered="EAID_LL000000_D892_423c_850E_bOerXT2Ib8PO"/>
<fragment xmi:type="uml:OccurrenceSpecification" xmi:id="EAID_FR000003_D892_423c_850E_VQanpodVIstR" covered="EAID_7183D05E_D892_423c_850E_VQanpodVIstR"/>
<fragment xmi:type="uml:OccurrenceSpecification" xmi:id="EAID_FR000004_D892_423c_850E_bOerXT2Ib8PO" covered="EAID_LL000000_D892_423c_850E_bOerXT2Ib8PO"/>
<fragment xmi:type="uml:OccurrenceSpecification" xmi:id="EAID_FR000005_D892_423c_850E_1oKuNRD6bSPT" covered="EAID_7183D05E_D892_423c_850E_1oKuNRD6bSPT"/>
<fragment xmi:type="uml:OccurrenceSpecification" xmi:id="EAID_FR000006_D892_423c_850E_1oKuNRD6bSPT" covered="EAID_7183D05E_D892_423c_850E_1oKuNRD6bSPT"/>
<fragment xmi:type="uml:OccurrenceSpecification" xmi:id="EAID_FR000007_D892_423c_850E_1oKuNRD6bSPT" covered="EAID_7183D05E_D892_423c_850E_1oKuNRD6bSPT"/>
<fragment xmi:type="uml:OccurrenceSpecification" xmi:id="EAID_FR000008_D892_423c_850E_1oKuNRD6bSPT" covered="EAID_7183D05E_D892_423c_850E_1oKuNRD6bSPT"/>
<fragment xmi:type="uml:OccurrenceSpecification" xmi:id="EAID_FR000009_D892_423c_850E_1oKuNRD6bSPT" covered="EAID_7183D05E_D892_423c_850E_1oKuNRD6bSPT"/>
<fragment xmi:type="uml:OccurrenceSpecification" xmi:id="EAID_FR0000010_D892_423c_850E_1oKuNRD6bSPT" covered="EAID_7183D05E_D892_423c_850E_1oKuNRD6bSPT"/>
<fragment xmi:type="uml:OccurrenceSpecification" xmi:id="EAID_FR0000011_D892_423c_850E_VQanpodVIstR" covered="EAID_7183D05E_D892_423c_850E_VQanpodVIstR"/>
<fragment xmi:type="uml:OccurrenceSpecification" xmi:id="EAID_FR0000012_D892_423c_850E_1oKuNRD6bSPT" covered="EAID_7183D05E_D892_423c_850E_1oKuNRD6bSPT"/>
<fragment xmi:type="uml:OccurrenceSpecification" xmi:id="EAID_FR0000013_D892_423c_850E_VQanpodVIstR" covered="EAID_7183D05E_D892_423c_850E_VQanpodVIstR"/>
<fragment xmi:type="uml:OccurrenceSpecification" xmi:id="EAID_FR0000014_D892_423c_850E_bOerXT2Ib8PO" covered="EAID_LL000000_D892_423c_850E_bOerXT2Ib8PO"/>
<fragment xmi:type="uml:OccurrenceSpecification" xmi:id="EAID_FR0000015_D892_423c_850E_1oKuNRD6bSPT" covered="EAID_7183D05E_D892_423c_850E_1oKuNRD6bSPT"/>
<fragment xmi:type="uml:OccurrenceSpecification" xmi:id="EAID_FR0000016_D892_423c_850E_1oKuNRD6bSPT" covered="EAID_7183D05E_D892_423c_850E_1oKuNRD6bSPT"/>
<fragment xmi:type="uml:OccurrenceSpecification" xmi:id="EAID_FR0000017_D892_423c_850E_1oKuNRD6bSPT" covered="EAID_7183D05E_D892_423c_850E_1oKuNRD6bSPT"/>
<fragment xmi:type="uml:OccurrenceSpecification" xmi:id="EAID_FR0000018_D892_423c_850E_1oKuNRD6bSPT" covered="EAID_7183D05E_D892_423c_850E_1oKuNRD6bSPT"/>
<fragment xmi:type="uml:OccurrenceSpecification" xmi:id="EAID_FR0000019_D892_423c_850E_1oKuNRD6bSPT" covered="EAID_7183D05E_D892_423c_850E_1oKuNRD6bSPT"/>
<fragment xmi:type="uml:OccurrenceSpecification" xmi:id="EAID_FR00000110_D892_423c_850E_1oKuNRD6bSPT" covered="EAID_7183D05E_D892_423c_850E_1oKuNRD6bSPT"/>
<fragment xmi:type="uml:OccurrenceSpecification" xmi:id="EAID_FR00000111_D892_423c_850E_1oKuNRD6bSPT" covered="EAID_7183D05E_D892_423c_850E_1oKuNRD6bSPT"/>
<fragment xmi:type="uml:OccurrenceSpecification" xmi:id="EAID_FR00000112_D892_423c_850E_bOerXT2Ib8PO" covered="EAID_LL000000_D892_423c_850E_bOerXT2Ib8PO"/>
<fragment xmi:type="uml:OccurrenceSpecification" xmi:id="EAID_FR00000113_D892_423c_850E_VQanpodVIstR" covered="EAID_7183D05E_D892_423c_850E_VQanpodVIstR"/>
<message xmi:type="uml:Message" xmi:id="EAID_049D1FF1_0B97_41fb_AC69_41AFQ5yV6aph" name="Updateerrormessage" messageKind="complete" messageSort="synchCall" sendEvent="EAID_FR00000112_D892_423c_850E_bOerXT2Ib8PO" receiveEvent="EAID_FR00000113_D892_423c_850E_VQanpodVIstR"/>
<message xmi:type="uml:Message" xmi:id="EAID_049D1FF1_0B97_41fb_AC69_41AF8Wf3zmuS" name="pageedittextfieldandupdatebutton" messageKind="complete" messageSort="synchCall" sendEvent="EAID_FR00000112_D892_423c_850E_bOerXT2Ib8PO" receiveEvent="EAID_FR00000111_D892_423c_850E_1oKuNRD6bSPT"/>
<message xmi:type="uml:Message" xmi:id="EAID_049D1FF1_0B97_41fb_AC69_41AFEha3dQEc" name="Updatepage" messageKind="complete" messageSort="synchCall" sendEvent="EAID_FR00000111_D892_423c_850E_1oKuNRD6bSPT" receiveEvent="EAID_FR00000111_D892_423c_850E_1oKuNRD6bSPT"/>
<message xmi:type="uml:Message" xmi:id="EAID_049D1FF1_0B97_41fb_AC69_41AFwh64H2nR" name="Page" messageKind="complete" messageSort="synchCall" sendEvent="EAID_FR00000111_D892_423c_850E_1oKuNRD6bSPT" receiveEvent="EAID_FR00000111_D892_423c_850E_1oKuNRD6bSPT"/>
<message xmi:type="uml:Message" xmi:id="EAID_049D1FF1_0B97_41fb_AC69_41AFntS38yIL" name="Updateerrormessage" messageKind="complete" messageSort="synchCall" sendEvent="EAID_FR00000111_D892_423c_850E_1oKuNRD6bSPT" receiveEvent="EAID_FR00000113_D892_423c_850E_VQanpodVIstR"/>
<message xmi:type="uml:Message" xmi:id="EAID_049D1FF1_0B97_41fb_AC69_41AFDLwJ3k8W" name="Updatemessage" messageKind="complete" messageSort="synchCall" sendEvent="EAID_FR00000111_D892_423c_850E_1oKuNRD6bSPT" receiveEvent="EAID_FR00000113_D892_423c_850E_VQanpodVIstR"/>
<message xmi:type="uml:Message" xmi:id="EAID_049D1FF1_0B97_41fb_AC69_41AFU0zu1tz0" name="PageSelector" messageKind="complete" messageSort="synchCall" sendEvent="EAID_FR00000112_D892_423c_850E_bOerXT2Ib8PO" receiveEvent="EAID_FR00000111_D892_423c_850E_1oKuNRD6bSPT"/>
<message xmi:type="uml:Message" xmi:id="EAID_049D1FF1_0B97_41fb_AC69_41AFMstDDm58" name="Loadpagetoedit" messageKind="complete" messageSort="synchCall" sendEvent="EAID_FR00000111_D892_423c_850E_1oKuNRD6bSPT" receiveEvent="EAID_FR00000111_D892_423c_850E_1oKuNRD6bSPT"/>
<message xmi:type="uml:Message" xmi:id="EAID_049D1FF1_0B97_41fb_AC69_41AFujbVsxIL" name="pageedittextfieldandupdatebutton" messageKind="complete" messageSort="synchCall" sendEvent="EAID_FR00000111_D892_423c_850E_1oKuNRD6bSPT" receiveEvent="EAID_FR00000111_D892_423c_850E_1oKuNRD6bSPT"/>
<message xmi:type="uml:Message" xmi:id="EAID_049D1FF1_0B97_41fb_AC69_41AFQEB0pgvJ" name="Updatepage" messageKind="complete" messageSort="synchCall" sendEvent="EAID_FR00000111_D892_423c_850E_1oKuNRD6bSPT" receiveEvent="EAID_FR00000111_D892_423c_850E_1oKuNRD6bSPT"/>
<message xmi:type="uml:Message" xmi:id="EAID_049D1FF1_0B97_41fb_AC69_41AFYI9yA1Y5" name="Updatemessage" messageKind="complete" messageSort="synchCall" sendEvent="EAID_FR00000112_D892_423c_850E_bOerXT2Ib8PO" receiveEvent="EAID_FR00000113_D892_423c_850E_VQanpodVIstR"/>
</ownedBehavior>
<ownedAttribute xmi:type="uml:Property" xmi:id="EAID_AT000000_D892_423c_850E_VQanpodVIstR"/>
<ownedAttribute xmi:type="uml:Property" xmi:id="EAID_AT000000_D892_423c_850E_1oKuNRD6bSPT"/>
<ownedAttribute xmi:type="uml:Property" xmi:id="EAID_AT000000_D892_423c_850E_8109476FDED0">
<type xmi:idref="EAID_9977D5D6_D839_4e85_9EF1_PmAjDdTqndHx"/>
					</ownedAttribute>
				</nestedClassifier>
			</packagedElement>
<packagedElement xmi:type="uml:Actor" xmi:id="EAID_9977D5D6_D839_4e85_9EF1_PmAjDdTqndHx" name="User" visibility="public"/>

<packagedElement xmi:type="uml:UseCase" xmi:id="EAID_586BCAF6_15CB_4a03_81A9_EFPgH1Ei6Z4N" name="Add Users7" visibility="public">
<nestedClassifier xmi:type="uml:Collaboration" xmi:id="EAID_CB000000_AF6_15CB_4a03_81A9_RsQMcPPHcT4" name="EA_Collaboration7" visibility="public">
<ownedBehavior xmi:type="uml:Interaction" xmi:id="EAID_IN000000_AF6_15CB_4a03_81A9_VJwbkZbfq1W" name="EA_Interaction7" visibility="public">
<lifeline xmi:type="uml:Lifeline" xmi:id="EAID_LL000000_D892_423c_850E_1oKuNRD6bSPT" name="Admin" visibility="public" represents="EAID_AT000000_D892_423c_850E_8109476FDED0"/>
<lifeline xmi:type="uml:Lifeline" xmi:id="EAID_7183D05E_D892_423c_850E_ZTueRAyWC2Xn" name="Databasebutton" visibility="public" represents="EAID_AT000000_D892_423c_850E_ZTueRAyWC2Xn"/>
<lifeline xmi:type="uml:Lifeline" xmi:id="EAID_7183D05E_D892_423c_850E_f5FPzy7OtslW" name="Emptycompletemessage" visibility="public" represents="EAID_AT000000_D892_423c_850E_f5FPzy7OtslW"/>
<fragment xmi:type="uml:OccurrenceSpecification" xmi:id="EAID_FR000002_D892_423c_850E_1oKuNRD6bSPT" covered="EAID_LL000000_D892_423c_850E_1oKuNRD6bSPT"/>
<fragment xmi:type="uml:OccurrenceSpecification" xmi:id="EAID_FR000003_D892_423c_850E_ZTueRAyWC2Xn" covered="EAID_7183D05E_D892_423c_850E_ZTueRAyWC2Xn"/>
<fragment xmi:type="uml:OccurrenceSpecification" xmi:id="EAID_FR000004_D892_423c_850E_ZTueRAyWC2Xn" covered="EAID_7183D05E_D892_423c_850E_ZTueRAyWC2Xn"/>
<fragment xmi:type="uml:OccurrenceSpecification" xmi:id="EAID_FR000005_D892_423c_850E_ZTueRAyWC2Xn" covered="EAID_7183D05E_D892_423c_850E_ZTueRAyWC2Xn"/>
<fragment xmi:type="uml:OccurrenceSpecification" xmi:id="EAID_FR000006_D892_423c_850E_ZTueRAyWC2Xn" covered="EAID_7183D05E_D892_423c_850E_ZTueRAyWC2Xn"/>
<fragment xmi:type="uml:OccurrenceSpecification" xmi:id="EAID_FR000007_D892_423c_850E_f5FPzy7OtslW" covered="EAID_7183D05E_D892_423c_850E_f5FPzy7OtslW"/>
<fragment xmi:type="uml:OccurrenceSpecification" xmi:id="EAID_FR000008_D892_423c_850E_1oKuNRD6bSPT" covered="EAID_LL000000_D892_423c_850E_1oKuNRD6bSPT"/>
<fragment xmi:type="uml:OccurrenceSpecification" xmi:id="EAID_FR000009_D892_423c_850E_f5FPzy7OtslW" covered="EAID_7183D05E_D892_423c_850E_f5FPzy7OtslW"/>
<fragment xmi:type="uml:OccurrenceSpecification" xmi:id="EAID_FR0000010_D892_423c_850E_1oKuNRD6bSPT" covered="EAID_LL000000_D892_423c_850E_1oKuNRD6bSPT"/>
<fragment xmi:type="uml:OccurrenceSpecification" xmi:id="EAID_FR0000011_D892_423c_850E_ZTueRAyWC2Xn" covered="EAID_7183D05E_D892_423c_850E_ZTueRAyWC2Xn"/>
<fragment xmi:type="uml:OccurrenceSpecification" xmi:id="EAID_FR0000012_D892_423c_850E_ZTueRAyWC2Xn" covered="EAID_7183D05E_D892_423c_850E_ZTueRAyWC2Xn"/>
<fragment xmi:type="uml:OccurrenceSpecification" xmi:id="EAID_FR0000013_D892_423c_850E_ZTueRAyWC2Xn" covered="EAID_7183D05E_D892_423c_850E_ZTueRAyWC2Xn"/>
<fragment xmi:type="uml:OccurrenceSpecification" xmi:id="EAID_FR0000014_D892_423c_850E_ZTueRAyWC2Xn" covered="EAID_7183D05E_D892_423c_850E_ZTueRAyWC2Xn"/>
<fragment xmi:type="uml:OccurrenceSpecification" xmi:id="EAID_FR0000015_D892_423c_850E_ZTueRAyWC2Xn" covered="EAID_7183D05E_D892_423c_850E_ZTueRAyWC2Xn"/>
<fragment xmi:type="uml:OccurrenceSpecification" xmi:id="EAID_FR0000016_D892_423c_850E_ZTueRAyWC2Xn" covered="EAID_7183D05E_D892_423c_850E_ZTueRAyWC2Xn"/>
<fragment xmi:type="uml:OccurrenceSpecification" xmi:id="EAID_FR0000017_D892_423c_850E_ZTueRAyWC2Xn" covered="EAID_7183D05E_D892_423c_850E_ZTueRAyWC2Xn"/>
<message xmi:type="uml:Message" xmi:id="EAID_049D1FF1_0B97_41fb_AC69_41AFTIYa3wRs" name="Listoftableswithdropbutton" messageKind="complete" messageSort="synchCall" sendEvent="EAID_FR0000010_D892_423c_850E_1oKuNRD6bSPT" receiveEvent="EAID_FR0000017_D892_423c_850E_ZTueRAyWC2Xn"/>
<message xmi:type="uml:Message" xmi:id="EAID_049D1FF1_0B97_41fb_AC69_41AFElZh2f15" name="droptabl" messageKind="complete" messageSort="synchCall" sendEvent="EAID_FR0000017_D892_423c_850E_ZTueRAyWC2Xn" receiveEvent="EAID_FR0000017_D892_423c_850E_ZTueRAyWC2Xn"/>
<message xmi:type="uml:Message" xmi:id="EAID_049D1FF1_0B97_41fb_AC69_41AFWE6ymVET" name="Emptycompletemessage" messageKind="complete" messageSort="synchCall" sendEvent="EAID_FR0000017_D892_423c_850E_ZTueRAyWC2Xn" receiveEvent="EAID_FR000009_D892_423c_850E_f5FPzy7OtslW"/>
<message xmi:type="uml:Message" xmi:id="EAID_049D1FF1_0B97_41fb_AC69_41AFhzHU6Z4r" name="Emptycompletemessage" messageKind="complete" messageSort="synchCall" sendEvent="EAID_FR0000010_D892_423c_850E_1oKuNRD6bSPT" receiveEvent="EAID_FR000009_D892_423c_850E_f5FPzy7OtslW"/>
<message xmi:type="uml:Message" xmi:id="EAID_049D1FF1_0B97_41fb_AC69_41AFhDm4OCnQ" name="Databasebutton" messageKind="complete" messageSort="synchCall" sendEvent="EAID_FR0000010_D892_423c_850E_1oKuNRD6bSPT" receiveEvent="EAID_FR0000017_D892_423c_850E_ZTueRAyWC2Xn"/>
<message xmi:type="uml:Message" xmi:id="EAID_049D1FF1_0B97_41fb_AC69_41AF9SqCiFpJ" name="showdatabaseinfo" messageKind="complete" messageSort="synchCall" sendEvent="EAID_FR0000017_D892_423c_850E_ZTueRAyWC2Xn" receiveEvent="EAID_FR0000017_D892_423c_850E_ZTueRAyWC2Xn"/>
<message xmi:type="uml:Message" xmi:id="EAID_049D1FF1_0B97_41fb_AC69_41AFwYSVCZWi" name="Listoftableswithdropbutton" messageKind="complete" messageSort="synchCall" sendEvent="EAID_FR0000017_D892_423c_850E_ZTueRAyWC2Xn" receiveEvent="EAID_FR0000017_D892_423c_850E_ZTueRAyWC2Xn"/>
<message xmi:type="uml:Message" xmi:id="EAID_049D1FF1_0B97_41fb_AC69_41AFNJQez8Mn" name="droptabl" messageKind="complete" messageSort="synchCall" sendEvent="EAID_FR0000017_D892_423c_850E_ZTueRAyWC2Xn" receiveEvent="EAID_FR0000017_D892_423c_850E_ZTueRAyWC2Xn"/>
</ownedBehavior>
<ownedAttribute xmi:type="uml:Property" xmi:id="EAID_AT000000_D892_423c_850E_ZTueRAyWC2Xn"/>
<ownedAttribute xmi:type="uml:Property" xmi:id="EAID_AT000000_D892_423c_850E_f5FPzy7OtslW"/>
<ownedAttribute xmi:type="uml:Property" xmi:id="EAID_AT000000_D892_423c_850E_8109476FDED0">
<type xmi:idref="EAID_9977D5D6_D839_4e85_9EF1_kDdHPUpl1nH2"/>
					</ownedAttribute>
				</nestedClassifier>
			</packagedElement>
<packagedElement xmi:type="uml:Actor" xmi:id="EAID_9977D5D6_D839_4e85_9EF1_kDdHPUpl1nH2" name="Admin" visibility="public"/>

</packagedElement>
</uml:Model>
<xmi:Extension extender="Enterprise Architect" extenderID="6.5">
<primitivetypes>
			<packagedElement xmi:type="uml:Package" xmi:id="EAPrimitiveTypesPackage" name="EA_PrimitiveTypes_Package" visibility="public"/>
		</primitivetypes>
<profiles/><diagrams>

<diagram xmi:id="EAID_3E9162E8_3B10_4fb1_9A31_AVPsPr5OZIWz">
<model package="EAPK_0D4BE3DE_DBA4_430b_9F5D_2D1DC1F19C54" localID="25" owner="EAPK_0D4BE3DE_DBA4_430b_9F5D_2D1DC1F19C54" parent="EAID_586BCAF6_15CB_4a03_81A9_EF34AE4B312B"/>
<properties name="use cases" type="Sequence"/>
<project author="HOME" version="1.0" created="2018-11-27 16:22:38" modified="2018-11-27 16:23:00"/>
				<style1 value="ShowPrivate=1;ShowProtected=1;ShowPublic=1;HideRelationships=0;Locked=0;Border=1;HighlightForeign=1;PackageContents=1;SequenceNotes=0;ScalePrintImage=0;PPgs.cx=0;PPgs.cy=0;DocSize.cx=850;DocSize.cy=1098;ShowDetails=0;Orientation=P;Zoom=100;ShowTags=0;OpParams=1;VisibleAttributeDetail=0;ShowOpRetType=1;ShowIcons=1;CollabNums=0;HideProps=0;ShowReqs=0;ShowCons=0;PaperSize=1;HideParents=0;UseAlias=0;HideAtts=0;HideOps=0;HideStereo=0;HideElemStereo=0;ShowTests=0;ShowMaint=0;ConnectorNotation=UML 2.1;ExplicitNavigability=0;ShowShape=1;AllDockable=0;AdvancedElementProps=1;AdvancedFeatureProps=1;AdvancedConnectorProps=1;m_bElementClassifier=1;SPT=1;ShowNotes=0;SuppressBrackets=0;SuppConnectorLabels=0;PrintPageHeadFoot=0;ShowAsList=0;"/>
				<style2 value="ExcludeRTF=0;DocAll=0;HideQuals=0;AttPkg=1;ShowTests=0;ShowMaint=0;SuppressFOC=0;INT_ARGS=;INT_RET=;INT_ATT=;SeqTopMargin=50;MatrixActive=0;SwimlanesActive=1;KanbanActive=0;MatrixLineWidth=1;MatrixLineClr=0;MatrixLocked=0;TConnectorNotation=UML 2.1;TExplicitNavigability=0;AdvancedElementProps=1;AdvancedFeatureProps=1;AdvancedConnectorProps=1;m_bElementClassifier=1;SPT=1;MDGDgm=;STBLDgm=;ShowNotes=0;VisibleAttributeDetail=0;ShowOpRetType=1;SuppressBrackets=0;SuppConnectorLabels=0;PrintPageHeadFoot=0;ShowAsList=0;SuppressedCompartments=;Theme=:119;SaveTag=56D01039;"/>
				<swimlanes value="locked=false;orientation=0;width=0;inbar=false;names=false;color=-1;bold=false;fcol=0;tcol=-1;ofCol=-1;ufCol=-1;hl=0;ufh=0;hh=0;cls=0;bw=0;hli=0;SwimlaneFont=lfh:-10,lfw:0,lfi:0,lfu:0,lfs:0,lfface:Calibri,lfe:0,lfo:0,lfchar:1,lfop:0,lfcp:0,lfq:0,lfpf=0,lfWidth=0;"/>
				<matrixitems value="locked=false;matrixactive=false;swimlanesactive=true;kanbanactive=false;width=1;clrLine=0;"/>
				<extendedProperties/>
<elements>
<element geometry="Left=99;Top=50;Right=189;Bottom=390;" subject="EAID_9977D5D6_D839_4e85_9EF1_38844704F245" seqno="1" style="DUID=D5409A04;NSL=0;BCol=-1;BFol=-1;LCol=-1;LWth=-1;fontsz=0;bold=0;black=0;italic=0;ul=0;charset=0;pitch=0;"/>
<element geometry="Left=299;Top=50;Right=389;;Bottom=390;" subject="EAID_7183D05E_D892_423c_850E_1HhpsocUFta6" seqno="2" style="DUID=D5409A04;NSL=0;BCol=-1;BFol=-1;LCol=-1;LWth=-1;fontsz=0;bold=0;black=0;italic=0;ul=0;charset=0;pitch=0;"/>
<element geometry="Left=499;Top=50;Right=589;;Bottom=390;" subject="EAID_7183D05E_D892_423c_850E_XSi0w3gwRDV6" seqno="3" style="DUID=D5409A04;NSL=0;BCol=-1;BFol=-1;LCol=-1;LWth=-1;fontsz=0;bold=0;black=0;italic=0;ul=0;charset=0;pitch=0;"/>
<element geometry="SX=0;SY=0;EX=0;EY=0;Path=;" subject="EAID_049D1FF1_0B97_41fb_AC69_41AFESTHSP5b" style=";Hidden=0;"/>
<element geometry="SX=0;SY=0;EX=0;EY=0;Path=;" subject="EAID_049D1FF1_0B97_41fb_AC69_41AFTKRJVM7T" style=";Hidden=0;"/>
<element geometry="SX=0;SY=0;EX=0;EY=0;Path=;" subject="EAID_049D1FF1_0B97_41fb_AC69_41AFOHkosaN0" style=";Hidden=0;"/>
<element geometry="SX=0;SY=0;EX=0;EY=0;Path=;" subject="EAID_049D1FF1_0B97_41fb_AC69_41AFzp2WF8El" style=";Hidden=0;"/>
<element geometry="SX=0;SY=0;EX=0;EY=0;Path=;" subject="EAID_049D1FF1_0B97_41fb_AC69_41AFK4ZPfdrb" style=";Hidden=0;"/>
<element geometry="SX=0;SY=0;EX=0;EY=0;Path=;" subject="EAID_049D1FF1_0B97_41fb_AC69_41AF9SEOYeqQ" style=";Hidden=0;"/>
</elements>
</diagram>

<diagram xmi:id="EAID_3E9162E8_3B10_4fb1_9A31_tFlkzyocyGGi">
<model package="EAPK_0D4BE3DE_DBA4_430b_9F5D_2D1DC1F19C54" localID="26" owner="EAPK_0D4BE3DE_DBA4_430b_9F5D_2D1DC1F19C54" parent="EAID_586BCAF6_15CB_4a03_81A9_HAJtSsKgQbgU"/>
<properties name="use cases" type="Sequence"/>
<project author="HOME" version="1.0" created="2018-11-27 16:22:38" modified="2018-11-27 16:23:00"/>
				<style1 value="ShowPrivate=1;ShowProtected=1;ShowPublic=1;HideRelationships=0;Locked=0;Border=1;HighlightForeign=1;PackageContents=1;SequenceNotes=0;ScalePrintImage=0;PPgs.cx=0;PPgs.cy=0;DocSize.cx=850;DocSize.cy=1098;ShowDetails=0;Orientation=P;Zoom=100;ShowTags=0;OpParams=1;VisibleAttributeDetail=0;ShowOpRetType=1;ShowIcons=1;CollabNums=0;HideProps=0;ShowReqs=0;ShowCons=0;PaperSize=1;HideParents=0;UseAlias=0;HideAtts=0;HideOps=0;HideStereo=0;HideElemStereo=0;ShowTests=0;ShowMaint=0;ConnectorNotation=UML 2.1;ExplicitNavigability=0;ShowShape=1;AllDockable=0;AdvancedElementProps=1;AdvancedFeatureProps=1;AdvancedConnectorProps=1;m_bElementClassifier=1;SPT=1;ShowNotes=0;SuppressBrackets=0;SuppConnectorLabels=0;PrintPageHeadFoot=0;ShowAsList=0;"/>
				<style2 value="ExcludeRTF=0;DocAll=0;HideQuals=0;AttPkg=1;ShowTests=0;ShowMaint=0;SuppressFOC=0;INT_ARGS=;INT_RET=;INT_ATT=;SeqTopMargin=50;MatrixActive=0;SwimlanesActive=1;KanbanActive=0;MatrixLineWidth=1;MatrixLineClr=0;MatrixLocked=0;TConnectorNotation=UML 2.1;TExplicitNavigability=0;AdvancedElementProps=1;AdvancedFeatureProps=1;AdvancedConnectorProps=1;m_bElementClassifier=1;SPT=1;MDGDgm=;STBLDgm=;ShowNotes=0;VisibleAttributeDetail=0;ShowOpRetType=1;SuppressBrackets=0;SuppConnectorLabels=0;PrintPageHeadFoot=0;ShowAsList=0;SuppressedCompartments=;Theme=:119;SaveTag=56D01039;"/>
				<swimlanes value="locked=false;orientation=0;width=0;inbar=false;names=false;color=-1;bold=false;fcol=0;tcol=-1;ofCol=-1;ufCol=-1;hl=0;ufh=0;hh=0;cls=0;bw=0;hli=0;SwimlaneFont=lfh:-10,lfw:0,lfi:0,lfu:0,lfs:0,lfface:Calibri,lfe:0,lfo:0,lfchar:1,lfop:0,lfcp:0,lfq:0,lfpf=0,lfWidth=0;"/>
				<matrixitems value="locked=false;matrixactive=false;swimlanesactive=true;kanbanactive=false;width=1;clrLine=0;"/>
				<extendedProperties/>
<elements>
<element geometry="Left=99;Top=50;Right=189;Bottom=390;" subject="EAID_9977D5D6_D839_4e85_9EF1_8Uz9N5saAXMF" seqno="1" style="DUID=D5409A04;NSL=0;BCol=-1;BFol=-1;LCol=-1;LWth=-1;fontsz=0;bold=0;black=0;italic=0;ul=0;charset=0;pitch=0;"/>
<element geometry="Left=299;Top=50;Right=389;;Bottom=390;" subject="EAID_7183D05E_D892_423c_850E_sC9UVFFMEeAg" seqno="2" style="DUID=D5409A04;NSL=0;BCol=-1;BFol=-1;LCol=-1;LWth=-1;fontsz=0;bold=0;black=0;italic=0;ul=0;charset=0;pitch=0;"/>
<element geometry="Left=499;Top=50;Right=589;;Bottom=390;" subject="EAID_7183D05E_D892_423c_850E_iIkWn0ttKsMK" seqno="3" style="DUID=D5409A04;NSL=0;BCol=-1;BFol=-1;LCol=-1;LWth=-1;fontsz=0;bold=0;black=0;italic=0;ul=0;charset=0;pitch=0;"/>
<element geometry="Left=699;Top=50;Right=789;;Bottom=390;" subject="EAID_7183D05E_D892_423c_850E_iVTDgP9mACn2" seqno="4" style="DUID=D5409A04;NSL=0;BCol=-1;BFol=-1;LCol=-1;LWth=-1;fontsz=0;bold=0;black=0;italic=0;ul=0;charset=0;pitch=0;"/>
<element geometry="Left=899;Top=50;Right=989;;Bottom=390;" subject="EAID_7183D05E_D892_423c_850E_J5SUzcdyiqVB" seqno="5" style="DUID=D5409A04;NSL=0;BCol=-1;BFol=-1;LCol=-1;LWth=-1;fontsz=0;bold=0;black=0;italic=0;ul=0;charset=0;pitch=0;"/>
<element geometry="SX=0;SY=0;EX=0;EY=0;Path=;" subject="EAID_049D1FF1_0B97_41fb_AC69_41AFh1eRCD78" style=";Hidden=0;"/>
<element geometry="SX=0;SY=0;EX=0;EY=0;Path=;" subject="EAID_049D1FF1_0B97_41fb_AC69_41AF2PP5Xb6b" style=";Hidden=0;"/>
<element geometry="SX=0;SY=0;EX=0;EY=0;Path=;" subject="EAID_049D1FF1_0B97_41fb_AC69_41AFMo7J9ajK" style=";Hidden=0;"/>
<element geometry="SX=0;SY=0;EX=0;EY=0;Path=;" subject="EAID_049D1FF1_0B97_41fb_AC69_41AFqlviHXIi" style=";Hidden=0;"/>
<element geometry="SX=0;SY=0;EX=0;EY=0;Path=;" subject="EAID_049D1FF1_0B97_41fb_AC69_41AFsVeggiHM" style=";Hidden=0;"/>
</elements>
</diagram>

<diagram xmi:id="EAID_3E9162E8_3B10_4fb1_9A31_Rhi5ylL5WW6p">
<model package="EAPK_0D4BE3DE_DBA4_430b_9F5D_2D1DC1F19C54" localID="27" owner="EAPK_0D4BE3DE_DBA4_430b_9F5D_2D1DC1F19C54" parent="EAID_586BCAF6_15CB_4a03_81A9_BslROty3xNYV"/>
<properties name="use cases" type="Sequence"/>
<project author="HOME" version="1.0" created="2018-11-27 16:22:38" modified="2018-11-27 16:23:00"/>
				<style1 value="ShowPrivate=1;ShowProtected=1;ShowPublic=1;HideRelationships=0;Locked=0;Border=1;HighlightForeign=1;PackageContents=1;SequenceNotes=0;ScalePrintImage=0;PPgs.cx=0;PPgs.cy=0;DocSize.cx=850;DocSize.cy=1098;ShowDetails=0;Orientation=P;Zoom=100;ShowTags=0;OpParams=1;VisibleAttributeDetail=0;ShowOpRetType=1;ShowIcons=1;CollabNums=0;HideProps=0;ShowReqs=0;ShowCons=0;PaperSize=1;HideParents=0;UseAlias=0;HideAtts=0;HideOps=0;HideStereo=0;HideElemStereo=0;ShowTests=0;ShowMaint=0;ConnectorNotation=UML 2.1;ExplicitNavigability=0;ShowShape=1;AllDockable=0;AdvancedElementProps=1;AdvancedFeatureProps=1;AdvancedConnectorProps=1;m_bElementClassifier=1;SPT=1;ShowNotes=0;SuppressBrackets=0;SuppConnectorLabels=0;PrintPageHeadFoot=0;ShowAsList=0;"/>
				<style2 value="ExcludeRTF=0;DocAll=0;HideQuals=0;AttPkg=1;ShowTests=0;ShowMaint=0;SuppressFOC=0;INT_ARGS=;INT_RET=;INT_ATT=;SeqTopMargin=50;MatrixActive=0;SwimlanesActive=1;KanbanActive=0;MatrixLineWidth=1;MatrixLineClr=0;MatrixLocked=0;TConnectorNotation=UML 2.1;TExplicitNavigability=0;AdvancedElementProps=1;AdvancedFeatureProps=1;AdvancedConnectorProps=1;m_bElementClassifier=1;SPT=1;MDGDgm=;STBLDgm=;ShowNotes=0;VisibleAttributeDetail=0;ShowOpRetType=1;SuppressBrackets=0;SuppConnectorLabels=0;PrintPageHeadFoot=0;ShowAsList=0;SuppressedCompartments=;Theme=:119;SaveTag=56D01039;"/>
				<swimlanes value="locked=false;orientation=0;width=0;inbar=false;names=false;color=-1;bold=false;fcol=0;tcol=-1;ofCol=-1;ufCol=-1;hl=0;ufh=0;hh=0;cls=0;bw=0;hli=0;SwimlaneFont=lfh:-10,lfw:0,lfi:0,lfu:0,lfs:0,lfface:Calibri,lfe:0,lfo:0,lfchar:1,lfop:0,lfcp:0,lfq:0,lfpf=0,lfWidth=0;"/>
				<matrixitems value="locked=false;matrixactive=false;swimlanesactive=true;kanbanactive=false;width=1;clrLine=0;"/>
				<extendedProperties/>
<elements>
<element geometry="Left=99;Top=50;Right=189;Bottom=390;" subject="EAID_9977D5D6_D839_4e85_9EF1_O5aBuuHCZxNr" seqno="1" style="DUID=D5409A04;NSL=0;BCol=-1;BFol=-1;LCol=-1;LWth=-1;fontsz=0;bold=0;black=0;italic=0;ul=0;charset=0;pitch=0;"/>
<element geometry="Left=299;Top=50;Right=389;;Bottom=390;" subject="EAID_7183D05E_D892_423c_850E_zcayUSieCgTl" seqno="2" style="DUID=D5409A04;NSL=0;BCol=-1;BFol=-1;LCol=-1;LWth=-1;fontsz=0;bold=0;black=0;italic=0;ul=0;charset=0;pitch=0;"/>
<element geometry="Left=499;Top=50;Right=589;;Bottom=390;" subject="EAID_7183D05E_D892_423c_850E_pdThQh8wroWE" seqno="3" style="DUID=D5409A04;NSL=0;BCol=-1;BFol=-1;LCol=-1;LWth=-1;fontsz=0;bold=0;black=0;italic=0;ul=0;charset=0;pitch=0;"/>
<element geometry="Left=699;Top=50;Right=789;;Bottom=390;" subject="EAID_7183D05E_D892_423c_850E_DZJzyrgFgGZR" seqno="4" style="DUID=D5409A04;NSL=0;BCol=-1;BFol=-1;LCol=-1;LWth=-1;fontsz=0;bold=0;black=0;italic=0;ul=0;charset=0;pitch=0;"/>
<element geometry="SX=0;SY=0;EX=0;EY=0;Path=;" subject="EAID_049D1FF1_0B97_41fb_AC69_41AFhvIU1aMI" style=";Hidden=0;"/>
<element geometry="SX=0;SY=0;EX=0;EY=0;Path=;" subject="EAID_049D1FF1_0B97_41fb_AC69_41AFs3Hi55qy" style=";Hidden=0;"/>
<element geometry="SX=0;SY=0;EX=0;EY=0;Path=;" subject="EAID_049D1FF1_0B97_41fb_AC69_41AFoCvB7rWo" style=";Hidden=0;"/>
<element geometry="SX=0;SY=0;EX=0;EY=0;Path=;" subject="EAID_049D1FF1_0B97_41fb_AC69_41AFvRp0zrCB" style=";Hidden=0;"/>
<element geometry="SX=0;SY=0;EX=0;EY=0;Path=;" subject="EAID_049D1FF1_0B97_41fb_AC69_41AFUsEoUhMD" style=";Hidden=0;"/>
<element geometry="SX=0;SY=0;EX=0;EY=0;Path=;" subject="EAID_049D1FF1_0B97_41fb_AC69_41AFXefxwers" style=";Hidden=0;"/>
<element geometry="SX=0;SY=0;EX=0;EY=0;Path=;" subject="EAID_049D1FF1_0B97_41fb_AC69_41AFCoSF61KG" style=";Hidden=0;"/>
<element geometry="SX=0;SY=0;EX=0;EY=0;Path=;" subject="EAID_049D1FF1_0B97_41fb_AC69_41AFFltTAZbV" style=";Hidden=0;"/>
<element geometry="SX=0;SY=0;EX=0;EY=0;Path=;" subject="EAID_049D1FF1_0B97_41fb_AC69_41AFOyXPSEuO" style=";Hidden=0;"/>
</elements>
</diagram>

<diagram xmi:id="EAID_3E9162E8_3B10_4fb1_9A31_8HKwLNlGYaYa">
<model package="EAPK_0D4BE3DE_DBA4_430b_9F5D_2D1DC1F19C54" localID="28" owner="EAPK_0D4BE3DE_DBA4_430b_9F5D_2D1DC1F19C54" parent="EAID_586BCAF6_15CB_4a03_81A9_GgbjOQXm57Z6"/>
<properties name="use cases" type="Sequence"/>
<project author="HOME" version="1.0" created="2018-11-27 16:22:38" modified="2018-11-27 16:23:00"/>
				<style1 value="ShowPrivate=1;ShowProtected=1;ShowPublic=1;HideRelationships=0;Locked=0;Border=1;HighlightForeign=1;PackageContents=1;SequenceNotes=0;ScalePrintImage=0;PPgs.cx=0;PPgs.cy=0;DocSize.cx=850;DocSize.cy=1098;ShowDetails=0;Orientation=P;Zoom=100;ShowTags=0;OpParams=1;VisibleAttributeDetail=0;ShowOpRetType=1;ShowIcons=1;CollabNums=0;HideProps=0;ShowReqs=0;ShowCons=0;PaperSize=1;HideParents=0;UseAlias=0;HideAtts=0;HideOps=0;HideStereo=0;HideElemStereo=0;ShowTests=0;ShowMaint=0;ConnectorNotation=UML 2.1;ExplicitNavigability=0;ShowShape=1;AllDockable=0;AdvancedElementProps=1;AdvancedFeatureProps=1;AdvancedConnectorProps=1;m_bElementClassifier=1;SPT=1;ShowNotes=0;SuppressBrackets=0;SuppConnectorLabels=0;PrintPageHeadFoot=0;ShowAsList=0;"/>
				<style2 value="ExcludeRTF=0;DocAll=0;HideQuals=0;AttPkg=1;ShowTests=0;ShowMaint=0;SuppressFOC=0;INT_ARGS=;INT_RET=;INT_ATT=;SeqTopMargin=50;MatrixActive=0;SwimlanesActive=1;KanbanActive=0;MatrixLineWidth=1;MatrixLineClr=0;MatrixLocked=0;TConnectorNotation=UML 2.1;TExplicitNavigability=0;AdvancedElementProps=1;AdvancedFeatureProps=1;AdvancedConnectorProps=1;m_bElementClassifier=1;SPT=1;MDGDgm=;STBLDgm=;ShowNotes=0;VisibleAttributeDetail=0;ShowOpRetType=1;SuppressBrackets=0;SuppConnectorLabels=0;PrintPageHeadFoot=0;ShowAsList=0;SuppressedCompartments=;Theme=:119;SaveTag=56D01039;"/>
				<swimlanes value="locked=false;orientation=0;width=0;inbar=false;names=false;color=-1;bold=false;fcol=0;tcol=-1;ofCol=-1;ufCol=-1;hl=0;ufh=0;hh=0;cls=0;bw=0;hli=0;SwimlaneFont=lfh:-10,lfw:0,lfi:0,lfu:0,lfs:0,lfface:Calibri,lfe:0,lfo:0,lfchar:1,lfop:0,lfcp:0,lfq:0,lfpf=0,lfWidth=0;"/>
				<matrixitems value="locked=false;matrixactive=false;swimlanesactive=true;kanbanactive=false;width=1;clrLine=0;"/>
				<extendedProperties/>
<elements>
<element geometry="Left=99;Top=50;Right=189;Bottom=390;" subject="EAID_9977D5D6_D839_4e85_9EF1_typS2OCDt77G" seqno="1" style="DUID=D5409A04;NSL=0;BCol=-1;BFol=-1;LCol=-1;LWth=-1;fontsz=0;bold=0;black=0;italic=0;ul=0;charset=0;pitch=0;"/>
<element geometry="Left=299;Top=50;Right=389;;Bottom=390;" subject="EAID_7183D05E_D892_423c_850E_s9jR0xKoxpxM" seqno="2" style="DUID=D5409A04;NSL=0;BCol=-1;BFol=-1;LCol=-1;LWth=-1;fontsz=0;bold=0;black=0;italic=0;ul=0;charset=0;pitch=0;"/>
<element geometry="Left=499;Top=50;Right=589;;Bottom=390;" subject="EAID_7183D05E_D892_423c_850E_UiwlEqxzQtlI" seqno="3" style="DUID=D5409A04;NSL=0;BCol=-1;BFol=-1;LCol=-1;LWth=-1;fontsz=0;bold=0;black=0;italic=0;ul=0;charset=0;pitch=0;"/>
<element geometry="Left=699;Top=50;Right=789;;Bottom=390;" subject="EAID_7183D05E_D892_423c_850E_BmceSqca8fke" seqno="4" style="DUID=D5409A04;NSL=0;BCol=-1;BFol=-1;LCol=-1;LWth=-1;fontsz=0;bold=0;black=0;italic=0;ul=0;charset=0;pitch=0;"/>
<element geometry="SX=0;SY=0;EX=0;EY=0;Path=;" subject="EAID_049D1FF1_0B97_41fb_AC69_41AFhIHz6csW" style=";Hidden=0;"/>
<element geometry="SX=0;SY=0;EX=0;EY=0;Path=;" subject="EAID_049D1FF1_0B97_41fb_AC69_41AFKIDc7AIT" style=";Hidden=0;"/>
<element geometry="SX=0;SY=0;EX=0;EY=0;Path=;" subject="EAID_049D1FF1_0B97_41fb_AC69_41AFlgxV1h1v" style=";Hidden=0;"/>
<element geometry="SX=0;SY=0;EX=0;EY=0;Path=;" subject="EAID_049D1FF1_0B97_41fb_AC69_41AF2oqAPozg" style=";Hidden=0;"/>
<element geometry="SX=0;SY=0;EX=0;EY=0;Path=;" subject="EAID_049D1FF1_0B97_41fb_AC69_41AFDuSZFcK7" style=";Hidden=0;"/>
<element geometry="SX=0;SY=0;EX=0;EY=0;Path=;" subject="EAID_049D1FF1_0B97_41fb_AC69_41AFJ7Sq9lZB" style=";Hidden=0;"/>
<element geometry="SX=0;SY=0;EX=0;EY=0;Path=;" subject="EAID_049D1FF1_0B97_41fb_AC69_41AFK5vnN4UU" style=";Hidden=0;"/>
<element geometry="SX=0;SY=0;EX=0;EY=0;Path=;" subject="EAID_049D1FF1_0B97_41fb_AC69_41AFKIDc7AIT" style=";Hidden=0;"/>
<element geometry="SX=0;SY=0;EX=0;EY=0;Path=;" subject="EAID_049D1FF1_0B97_41fb_AC69_41AF52QHG1ri" style=";Hidden=0;"/>
<element geometry="SX=0;SY=0;EX=0;EY=0;Path=;" subject="EAID_049D1FF1_0B97_41fb_AC69_41AFzhgLFfTN" style=";Hidden=0;"/>
<element geometry="SX=0;SY=0;EX=0;EY=0;Path=;" subject="EAID_049D1FF1_0B97_41fb_AC69_41AF52QHG1ri" style=";Hidden=0;"/>
<element geometry="SX=0;SY=0;EX=0;EY=0;Path=;" subject="EAID_049D1FF1_0B97_41fb_AC69_41AFXgQvFqf0" style=";Hidden=0;"/>
<element geometry="SX=0;SY=0;EX=0;EY=0;Path=;" subject="EAID_049D1FF1_0B97_41fb_AC69_41AFjR53FSJU" style=";Hidden=0;"/>
</elements>
</diagram>

<diagram xmi:id="EAID_3E9162E8_3B10_4fb1_9A31_rO31n61cyEc0">
<model package="EAPK_0D4BE3DE_DBA4_430b_9F5D_2D1DC1F19C54" localID="29" owner="EAPK_0D4BE3DE_DBA4_430b_9F5D_2D1DC1F19C54" parent="EAID_586BCAF6_15CB_4a03_81A9_Xy1AnO5XV6T0"/>
<properties name="use cases" type="Sequence"/>
<project author="HOME" version="1.0" created="2018-11-27 16:22:38" modified="2018-11-27 16:23:00"/>
				<style1 value="ShowPrivate=1;ShowProtected=1;ShowPublic=1;HideRelationships=0;Locked=0;Border=1;HighlightForeign=1;PackageContents=1;SequenceNotes=0;ScalePrintImage=0;PPgs.cx=0;PPgs.cy=0;DocSize.cx=850;DocSize.cy=1098;ShowDetails=0;Orientation=P;Zoom=100;ShowTags=0;OpParams=1;VisibleAttributeDetail=0;ShowOpRetType=1;ShowIcons=1;CollabNums=0;HideProps=0;ShowReqs=0;ShowCons=0;PaperSize=1;HideParents=0;UseAlias=0;HideAtts=0;HideOps=0;HideStereo=0;HideElemStereo=0;ShowTests=0;ShowMaint=0;ConnectorNotation=UML 2.1;ExplicitNavigability=0;ShowShape=1;AllDockable=0;AdvancedElementProps=1;AdvancedFeatureProps=1;AdvancedConnectorProps=1;m_bElementClassifier=1;SPT=1;ShowNotes=0;SuppressBrackets=0;SuppConnectorLabels=0;PrintPageHeadFoot=0;ShowAsList=0;"/>
				<style2 value="ExcludeRTF=0;DocAll=0;HideQuals=0;AttPkg=1;ShowTests=0;ShowMaint=0;SuppressFOC=0;INT_ARGS=;INT_RET=;INT_ATT=;SeqTopMargin=50;MatrixActive=0;SwimlanesActive=1;KanbanActive=0;MatrixLineWidth=1;MatrixLineClr=0;MatrixLocked=0;TConnectorNotation=UML 2.1;TExplicitNavigability=0;AdvancedElementProps=1;AdvancedFeatureProps=1;AdvancedConnectorProps=1;m_bElementClassifier=1;SPT=1;MDGDgm=;STBLDgm=;ShowNotes=0;VisibleAttributeDetail=0;ShowOpRetType=1;SuppressBrackets=0;SuppConnectorLabels=0;PrintPageHeadFoot=0;ShowAsList=0;SuppressedCompartments=;Theme=:119;SaveTag=56D01039;"/>
				<swimlanes value="locked=false;orientation=0;width=0;inbar=false;names=false;color=-1;bold=false;fcol=0;tcol=-1;ofCol=-1;ufCol=-1;hl=0;ufh=0;hh=0;cls=0;bw=0;hli=0;SwimlaneFont=lfh:-10,lfw:0,lfi:0,lfu:0,lfs:0,lfface:Calibri,lfe:0,lfo:0,lfchar:1,lfop:0,lfcp:0,lfq:0,lfpf=0,lfWidth=0;"/>
				<matrixitems value="locked=false;matrixactive=false;swimlanesactive=true;kanbanactive=false;width=1;clrLine=0;"/>
				<extendedProperties/>
<elements>
<element geometry="Left=99;Top=50;Right=189;Bottom=390;" subject="EAID_9977D5D6_D839_4e85_9EF1_2fx9K7OBbVYq" seqno="1" style="DUID=D5409A04;NSL=0;BCol=-1;BFol=-1;LCol=-1;LWth=-1;fontsz=0;bold=0;black=0;italic=0;ul=0;charset=0;pitch=0;"/>
<element geometry="Left=299;Top=50;Right=389;;Bottom=390;" subject="EAID_7183D05E_D892_423c_850E_LvyrQkWLJBhf" seqno="2" style="DUID=D5409A04;NSL=0;BCol=-1;BFol=-1;LCol=-1;LWth=-1;fontsz=0;bold=0;black=0;italic=0;ul=0;charset=0;pitch=0;"/>
<element geometry="Left=499;Top=50;Right=589;;Bottom=390;" subject="EAID_7183D05E_D892_423c_850E_R7txLMIFsMIH" seqno="3" style="DUID=D5409A04;NSL=0;BCol=-1;BFol=-1;LCol=-1;LWth=-1;fontsz=0;bold=0;black=0;italic=0;ul=0;charset=0;pitch=0;"/>
<element geometry="Left=699;Top=50;Right=789;;Bottom=390;" subject="EAID_7183D05E_D892_423c_850E_bOerXT2Ib8PO" seqno="4" style="DUID=D5409A04;NSL=0;BCol=-1;BFol=-1;LCol=-1;LWth=-1;fontsz=0;bold=0;black=0;italic=0;ul=0;charset=0;pitch=0;"/>
<element geometry="SX=0;SY=0;EX=0;EY=0;Path=;" subject="EAID_049D1FF1_0B97_41fb_AC69_41AFAmTGzyqw" style=";Hidden=0;"/>
<element geometry="SX=0;SY=0;EX=0;EY=0;Path=;" subject="EAID_049D1FF1_0B97_41fb_AC69_41AF81Gin3E8" style=";Hidden=0;"/>
<element geometry="SX=0;SY=0;EX=0;EY=0;Path=;" subject="EAID_049D1FF1_0B97_41fb_AC69_41AFpTNAZ4RD" style=";Hidden=0;"/>
<element geometry="SX=0;SY=0;EX=0;EY=0;Path=;" subject="EAID_049D1FF1_0B97_41fb_AC69_41AFF7A7vKEn" style=";Hidden=0;"/>
<element geometry="SX=0;SY=0;EX=0;EY=0;Path=;" subject="EAID_049D1FF1_0B97_41fb_AC69_41AF3N6RHqjk" style=";Hidden=0;"/>
<element geometry="SX=0;SY=0;EX=0;EY=0;Path=;" subject="EAID_049D1FF1_0B97_41fb_AC69_41AFq5kfOKaD" style=";Hidden=0;"/>
<element geometry="SX=0;SY=0;EX=0;EY=0;Path=;" subject="EAID_049D1FF1_0B97_41fb_AC69_41AFGyNBXpM1" style=";Hidden=0;"/>
<element geometry="SX=0;SY=0;EX=0;EY=0;Path=;" subject="EAID_049D1FF1_0B97_41fb_AC69_41AF81Gin3E8" style=";Hidden=0;"/>
<element geometry="SX=0;SY=0;EX=0;EY=0;Path=;" subject="EAID_049D1FF1_0B97_41fb_AC69_41AFaDK5k4yt" style=";Hidden=0;"/>
</elements>
</diagram>

<diagram xmi:id="EAID_3E9162E8_3B10_4fb1_9A31_8NObCtvTGO9t">
<model package="EAPK_0D4BE3DE_DBA4_430b_9F5D_2D1DC1F19C54" localID="30" owner="EAPK_0D4BE3DE_DBA4_430b_9F5D_2D1DC1F19C54" parent="EAID_586BCAF6_15CB_4a03_81A9_SEzmoEveXE0s"/>
<properties name="use cases" type="Sequence"/>
<project author="HOME" version="1.0" created="2018-11-27 16:22:38" modified="2018-11-27 16:23:00"/>
				<style1 value="ShowPrivate=1;ShowProtected=1;ShowPublic=1;HideRelationships=0;Locked=0;Border=1;HighlightForeign=1;PackageContents=1;SequenceNotes=0;ScalePrintImage=0;PPgs.cx=0;PPgs.cy=0;DocSize.cx=850;DocSize.cy=1098;ShowDetails=0;Orientation=P;Zoom=100;ShowTags=0;OpParams=1;VisibleAttributeDetail=0;ShowOpRetType=1;ShowIcons=1;CollabNums=0;HideProps=0;ShowReqs=0;ShowCons=0;PaperSize=1;HideParents=0;UseAlias=0;HideAtts=0;HideOps=0;HideStereo=0;HideElemStereo=0;ShowTests=0;ShowMaint=0;ConnectorNotation=UML 2.1;ExplicitNavigability=0;ShowShape=1;AllDockable=0;AdvancedElementProps=1;AdvancedFeatureProps=1;AdvancedConnectorProps=1;m_bElementClassifier=1;SPT=1;ShowNotes=0;SuppressBrackets=0;SuppConnectorLabels=0;PrintPageHeadFoot=0;ShowAsList=0;"/>
				<style2 value="ExcludeRTF=0;DocAll=0;HideQuals=0;AttPkg=1;ShowTests=0;ShowMaint=0;SuppressFOC=0;INT_ARGS=;INT_RET=;INT_ATT=;SeqTopMargin=50;MatrixActive=0;SwimlanesActive=1;KanbanActive=0;MatrixLineWidth=1;MatrixLineClr=0;MatrixLocked=0;TConnectorNotation=UML 2.1;TExplicitNavigability=0;AdvancedElementProps=1;AdvancedFeatureProps=1;AdvancedConnectorProps=1;m_bElementClassifier=1;SPT=1;MDGDgm=;STBLDgm=;ShowNotes=0;VisibleAttributeDetail=0;ShowOpRetType=1;SuppressBrackets=0;SuppConnectorLabels=0;PrintPageHeadFoot=0;ShowAsList=0;SuppressedCompartments=;Theme=:119;SaveTag=56D01039;"/>
				<swimlanes value="locked=false;orientation=0;width=0;inbar=false;names=false;color=-1;bold=false;fcol=0;tcol=-1;ofCol=-1;ufCol=-1;hl=0;ufh=0;hh=0;cls=0;bw=0;hli=0;SwimlaneFont=lfh:-10,lfw:0,lfi:0,lfu:0,lfs:0,lfface:Calibri,lfe:0,lfo:0,lfchar:1,lfop:0,lfcp:0,lfq:0,lfpf=0,lfWidth=0;"/>
				<matrixitems value="locked=false;matrixactive=false;swimlanesactive=true;kanbanactive=false;width=1;clrLine=0;"/>
				<extendedProperties/>
<elements>
<element geometry="Left=99;Top=50;Right=189;Bottom=390;" subject="EAID_9977D5D6_D839_4e85_9EF1_PmAjDdTqndHx" seqno="1" style="DUID=D5409A04;NSL=0;BCol=-1;BFol=-1;LCol=-1;LWth=-1;fontsz=0;bold=0;black=0;italic=0;ul=0;charset=0;pitch=0;"/>
<element geometry="Left=299;Top=50;Right=389;;Bottom=390;" subject="EAID_7183D05E_D892_423c_850E_VQanpodVIstR" seqno="2" style="DUID=D5409A04;NSL=0;BCol=-1;BFol=-1;LCol=-1;LWth=-1;fontsz=0;bold=0;black=0;italic=0;ul=0;charset=0;pitch=0;"/>
<element geometry="Left=499;Top=50;Right=589;;Bottom=390;" subject="EAID_7183D05E_D892_423c_850E_1oKuNRD6bSPT" seqno="3" style="DUID=D5409A04;NSL=0;BCol=-1;BFol=-1;LCol=-1;LWth=-1;fontsz=0;bold=0;black=0;italic=0;ul=0;charset=0;pitch=0;"/>
<element geometry="SX=0;SY=0;EX=0;EY=0;Path=;" subject="EAID_049D1FF1_0B97_41fb_AC69_41AFQ5yV6aph" style=";Hidden=0;"/>
<element geometry="SX=0;SY=0;EX=0;EY=0;Path=;" subject="EAID_049D1FF1_0B97_41fb_AC69_41AF8Wf3zmuS" style=";Hidden=0;"/>
<element geometry="SX=0;SY=0;EX=0;EY=0;Path=;" subject="EAID_049D1FF1_0B97_41fb_AC69_41AFQEB0pgvJ" style=";Hidden=0;"/>
<element geometry="SX=0;SY=0;EX=0;EY=0;Path=;" subject="EAID_049D1FF1_0B97_41fb_AC69_41AFwh64H2nR" style=";Hidden=0;"/>
<element geometry="SX=0;SY=0;EX=0;EY=0;Path=;" subject="EAID_049D1FF1_0B97_41fb_AC69_41AFntS38yIL" style=";Hidden=0;"/>
<element geometry="SX=0;SY=0;EX=0;EY=0;Path=;" subject="EAID_049D1FF1_0B97_41fb_AC69_41AFDLwJ3k8W" style=";Hidden=0;"/>
<element geometry="SX=0;SY=0;EX=0;EY=0;Path=;" subject="EAID_049D1FF1_0B97_41fb_AC69_41AFU0zu1tz0" style=";Hidden=0;"/>
<element geometry="SX=0;SY=0;EX=0;EY=0;Path=;" subject="EAID_049D1FF1_0B97_41fb_AC69_41AFMstDDm58" style=";Hidden=0;"/>
<element geometry="SX=0;SY=0;EX=0;EY=0;Path=;" subject="EAID_049D1FF1_0B97_41fb_AC69_41AFujbVsxIL" style=";Hidden=0;"/>
<element geometry="SX=0;SY=0;EX=0;EY=0;Path=;" subject="EAID_049D1FF1_0B97_41fb_AC69_41AFQEB0pgvJ" style=";Hidden=0;"/>
<element geometry="SX=0;SY=0;EX=0;EY=0;Path=;" subject="EAID_049D1FF1_0B97_41fb_AC69_41AFYI9yA1Y5" style=";Hidden=0;"/>
</elements>
</diagram>

<diagram xmi:id="EAID_3E9162E8_3B10_4fb1_9A31_vQjC9pB5diAC">
<model package="EAPK_0D4BE3DE_DBA4_430b_9F5D_2D1DC1F19C54" localID="31" owner="EAPK_0D4BE3DE_DBA4_430b_9F5D_2D1DC1F19C54" parent="EAID_586BCAF6_15CB_4a03_81A9_EFPgH1Ei6Z4N"/>
<properties name="use cases" type="Sequence"/>
<project author="HOME" version="1.0" created="2018-11-27 16:22:38" modified="2018-11-27 16:23:00"/>
				<style1 value="ShowPrivate=1;ShowProtected=1;ShowPublic=1;HideRelationships=0;Locked=0;Border=1;HighlightForeign=1;PackageContents=1;SequenceNotes=0;ScalePrintImage=0;PPgs.cx=0;PPgs.cy=0;DocSize.cx=850;DocSize.cy=1098;ShowDetails=0;Orientation=P;Zoom=100;ShowTags=0;OpParams=1;VisibleAttributeDetail=0;ShowOpRetType=1;ShowIcons=1;CollabNums=0;HideProps=0;ShowReqs=0;ShowCons=0;PaperSize=1;HideParents=0;UseAlias=0;HideAtts=0;HideOps=0;HideStereo=0;HideElemStereo=0;ShowTests=0;ShowMaint=0;ConnectorNotation=UML 2.1;ExplicitNavigability=0;ShowShape=1;AllDockable=0;AdvancedElementProps=1;AdvancedFeatureProps=1;AdvancedConnectorProps=1;m_bElementClassifier=1;SPT=1;ShowNotes=0;SuppressBrackets=0;SuppConnectorLabels=0;PrintPageHeadFoot=0;ShowAsList=0;"/>
				<style2 value="ExcludeRTF=0;DocAll=0;HideQuals=0;AttPkg=1;ShowTests=0;ShowMaint=0;SuppressFOC=0;INT_ARGS=;INT_RET=;INT_ATT=;SeqTopMargin=50;MatrixActive=0;SwimlanesActive=1;KanbanActive=0;MatrixLineWidth=1;MatrixLineClr=0;MatrixLocked=0;TConnectorNotation=UML 2.1;TExplicitNavigability=0;AdvancedElementProps=1;AdvancedFeatureProps=1;AdvancedConnectorProps=1;m_bElementClassifier=1;SPT=1;MDGDgm=;STBLDgm=;ShowNotes=0;VisibleAttributeDetail=0;ShowOpRetType=1;SuppressBrackets=0;SuppConnectorLabels=0;PrintPageHeadFoot=0;ShowAsList=0;SuppressedCompartments=;Theme=:119;SaveTag=56D01039;"/>
				<swimlanes value="locked=false;orientation=0;width=0;inbar=false;names=false;color=-1;bold=false;fcol=0;tcol=-1;ofCol=-1;ufCol=-1;hl=0;ufh=0;hh=0;cls=0;bw=0;hli=0;SwimlaneFont=lfh:-10,lfw:0,lfi:0,lfu:0,lfs:0,lfface:Calibri,lfe:0,lfo:0,lfchar:1,lfop:0,lfcp:0,lfq:0,lfpf=0,lfWidth=0;"/>
				<matrixitems value="locked=false;matrixactive=false;swimlanesactive=true;kanbanactive=false;width=1;clrLine=0;"/>
				<extendedProperties/>
<elements>
<element geometry="Left=99;Top=50;Right=189;Bottom=390;" subject="EAID_9977D5D6_D839_4e85_9EF1_kDdHPUpl1nH2" seqno="1" style="DUID=D5409A04;NSL=0;BCol=-1;BFol=-1;LCol=-1;LWth=-1;fontsz=0;bold=0;black=0;italic=0;ul=0;charset=0;pitch=0;"/>
<element geometry="Left=299;Top=50;Right=389;;Bottom=390;" subject="EAID_7183D05E_D892_423c_850E_ZTueRAyWC2Xn" seqno="2" style="DUID=D5409A04;NSL=0;BCol=-1;BFol=-1;LCol=-1;LWth=-1;fontsz=0;bold=0;black=0;italic=0;ul=0;charset=0;pitch=0;"/>
<element geometry="Left=499;Top=50;Right=589;;Bottom=390;" subject="EAID_7183D05E_D892_423c_850E_f5FPzy7OtslW" seqno="3" style="DUID=D5409A04;NSL=0;BCol=-1;BFol=-1;LCol=-1;LWth=-1;fontsz=0;bold=0;black=0;italic=0;ul=0;charset=0;pitch=0;"/>
<element geometry="SX=0;SY=0;EX=0;EY=0;Path=;" subject="EAID_049D1FF1_0B97_41fb_AC69_41AFTIYa3wRs" style=";Hidden=0;"/>
<element geometry="SX=0;SY=0;EX=0;EY=0;Path=;" subject="EAID_049D1FF1_0B97_41fb_AC69_41AFNJQez8Mn" style=";Hidden=0;"/>
<element geometry="SX=0;SY=0;EX=0;EY=0;Path=;" subject="EAID_049D1FF1_0B97_41fb_AC69_41AFWE6ymVET" style=";Hidden=0;"/>
<element geometry="SX=0;SY=0;EX=0;EY=0;Path=;" subject="EAID_049D1FF1_0B97_41fb_AC69_41AFhzHU6Z4r" style=";Hidden=0;"/>
<element geometry="SX=0;SY=0;EX=0;EY=0;Path=;" subject="EAID_049D1FF1_0B97_41fb_AC69_41AFhDm4OCnQ" style=";Hidden=0;"/>
<element geometry="SX=0;SY=0;EX=0;EY=0;Path=;" subject="EAID_049D1FF1_0B97_41fb_AC69_41AF9SqCiFpJ" style=";Hidden=0;"/>
<element geometry="SX=0;SY=0;EX=0;EY=0;Path=;" subject="EAID_049D1FF1_0B97_41fb_AC69_41AFwYSVCZWi" style=";Hidden=0;"/>
<element geometry="SX=0;SY=0;EX=0;EY=0;Path=;" subject="EAID_049D1FF1_0B97_41fb_AC69_41AFNJQez8Mn" style=";Hidden=0;"/>
</elements>
</diagram>
</diagrams>
	</xmi:Extension></xmi:XMI>