<?xml version="1.0" encoding="windows-1252"?>
<xmi:XMI xmi:version="2.1" xmlns:uml="http://schema.omg.org/spec/UML/2.1" xmlns:xmi="http://schema.omg.org/spec/XMI/2.1">
	<xmi:Documentation exporter="Enterprise Architect" exporterVersion="6.5"/>
	<uml:Model xmi:type="uml:Model" name="EA_Model" visibility="public">
		<packagedElement xmi:type="uml:Package" xmi:id="EAPK_0D4BE3DE_DBA4_430b_9F5D_2D1DC1F19C54" name="use cases" visibility="public">
<packagedElement xmi:type="uml:UseCase" xmi:id="EAID_586BCAF6_15CB_4a03_81A9_EF34AE4B312B" name="Add Users1" visibility="public">
<nestedClassifier xmi:type="uml:Collaboration" xmi:id="EAID_CB000000_AF6_15CB_4a03_81A9_EF34AE4B312" name="EA_Collaboration1" visibility="public">
<ownedBehavior xmi:type="uml:Interaction" xmi:id="EAID_IN000000_AF6_15CB_4a03_81A9_EF34AE4B312" name="EA_Interaction1" visibility="public">
<lifeline xmi:type="uml:Lifeline" xmi:id="EAID_LL000000_D892_423c_850E_8109476FDED0" name="User" visibility="public" represents="EAID_AT000000_D892_423c_850E_8109476FDED0"/>
<lifeline xmi:type="uml:Lifeline" xmi:id="EAID_7183D05E_D892_423c_850E_OqCxAkBE0Pl3" name="Volunteer Application" visibility="public" represents="EAID_AT000000_D892_423c_850E_OqCxAkBE0Pl3"/>
<lifeline xmi:type="uml:Lifeline" xmi:id="EAID_7183D05E_D892_423c_850E_KslhYQSJ3itm" name="Homepage" visibility="public" represents="EAID_AT000000_D892_423c_850E_KslhYQSJ3itm"/>
<lifeline xmi:type="uml:Lifeline" xmi:id="EAID_7183D05E_D892_423c_850E_gOeguAwjIBSa" name="Checkallrequiredinformation" visibility="public" represents="EAID_AT000000_D892_423c_850E_gOeguAwjIBSa"/>
<fragment xmi:type="uml:OccurrenceSpecification" xmi:id="EAID_FR000002_D892_423c_850E_8109476FDED0" covered="EAID_LL000000_D892_423c_850E_8109476FDED0"/>
<fragment xmi:type="uml:OccurrenceSpecification" xmi:id="EAID_FR000003_D892_423c_850E_OqCxAkBE0Pl3" covered="EAID_7183D05E_D892_423c_850E_OqCxAkBE0Pl3"/>
<fragment xmi:type="uml:OccurrenceSpecification" xmi:id="EAID_FR000004_D892_423c_850E_OqCxAkBE0Pl3" covered="EAID_7183D05E_D892_423c_850E_OqCxAkBE0Pl3"/>
<fragment xmi:type="uml:OccurrenceSpecification" xmi:id="EAID_FR000005_D892_423c_850E_OqCxAkBE0Pl3" covered="EAID_7183D05E_D892_423c_850E_OqCxAkBE0Pl3"/>
<fragment xmi:type="uml:OccurrenceSpecification" xmi:id="EAID_FR000006_D892_423c_850E_OqCxAkBE0Pl3" covered="EAID_7183D05E_D892_423c_850E_OqCxAkBE0Pl3"/>
<fragment xmi:type="uml:OccurrenceSpecification" xmi:id="EAID_FR000007_D892_423c_850E_gOeguAwjIBSa" covered="EAID_7183D05E_D892_423c_850E_gOeguAwjIBSa"/>
<fragment xmi:type="uml:OccurrenceSpecification" xmi:id="EAID_FR000008_D892_423c_850E_gOeguAwjIBSa" covered="EAID_7183D05E_D892_423c_850E_gOeguAwjIBSa"/>
<fragment xmi:type="uml:OccurrenceSpecification" xmi:id="EAID_FR000009_D892_423c_850E_KslhYQSJ3itm" covered="EAID_7183D05E_D892_423c_850E_KslhYQSJ3itm"/>
<fragment xmi:type="uml:OccurrenceSpecification" xmi:id="EAID_FR0000010_D892_423c_850E_gOeguAwjIBSa" covered="EAID_7183D05E_D892_423c_850E_gOeguAwjIBSa"/>
<fragment xmi:type="uml:OccurrenceSpecification" xmi:id="EAID_FR0000011_D892_423c_850E_OqCxAkBE0Pl3" covered="EAID_7183D05E_D892_423c_850E_OqCxAkBE0Pl3"/>
<fragment xmi:type="uml:OccurrenceSpecification" xmi:id="EAID_FR0000012_D892_423c_850E_OqCxAkBE0Pl3" covered="EAID_7183D05E_D892_423c_850E_OqCxAkBE0Pl3"/>
<fragment xmi:type="uml:OccurrenceSpecification" xmi:id="EAID_FR0000013_D892_423c_850E_OqCxAkBE0Pl3" covered="EAID_7183D05E_D892_423c_850E_OqCxAkBE0Pl3"/>
<fragment xmi:type="uml:OccurrenceSpecification" xmi:id="EAID_FR0000014_D892_423c_850E_8109476FDED0" covered="EAID_LL000000_D892_423c_850E_8109476FDED0"/>
<fragment xmi:type="uml:OccurrenceSpecification" xmi:id="EAID_FR0000015_D892_423c_850E_KslhYQSJ3itm" covered="EAID_7183D05E_D892_423c_850E_KslhYQSJ3itm"/>
<message xmi:type="uml:Message" xmi:id="EAID_049D1FF1_0B97_41fb_AC69_41AF1BN664Zj" name="ViewvolunteerapplicationPage" messageKind="complete" messageSort="synchCall" sendEvent="EAID_FR0000014_D892_423c_850E_8109476FDED0" receiveEvent="EAID_FR0000013_D892_423c_850E_OqCxAkBE0Pl3"/>
<message xmi:type="uml:Message" xmi:id="EAID_049D1FF1_0B97_41fb_AC69_41AFzzX1oe7Q" name="Chooseoneofvolunteerapplication" messageKind="complete" messageSort="synchCall" sendEvent="EAID_FR0000013_D892_423c_850E_OqCxAkBE0Pl3" receiveEvent="EAID_FR0000013_D892_423c_850E_OqCxAkBE0Pl3"/>
<message xmi:type="uml:Message" xmi:id="EAID_049D1FF1_0B97_41fb_AC69_41AFM8FPtVTd" name="Showconfirmationpage" messageKind="complete" messageSort="synchCall" sendEvent="EAID_FR0000013_D892_423c_850E_OqCxAkBE0Pl3" receiveEvent="EAID_FR0000010_D892_423c_850E_gOeguAwjIBSa"/>
<message xmi:type="uml:Message" xmi:id="EAID_049D1FF1_0B97_41fb_AC69_41AF6jWXoqne" name="Homepage" messageKind="complete" messageSort="synchCall" sendEvent="EAID_FR0000010_D892_423c_850E_gOeguAwjIBSa" receiveEvent="EAID_FR0000015_D892_423c_850E_KslhYQSJ3itm"/>
<message xmi:type="uml:Message" xmi:id="EAID_049D1FF1_0B97_41fb_AC69_41AFX5UuEq5f" name="ViewvolunteerapplicationPage" messageKind="complete" messageSort="synchCall" sendEvent="EAID_FR0000010_D892_423c_850E_gOeguAwjIBSa" receiveEvent="EAID_FR0000013_D892_423c_850E_OqCxAkBE0Pl3"/>
<message xmi:type="uml:Message" xmi:id="EAID_049D1FF1_0B97_41fb_AC69_41AFavmZBne0" name="Chooseoneofvolunteerapplication" messageKind="complete" messageSort="synchCall" sendEvent="EAID_FR0000013_D892_423c_850E_OqCxAkBE0Pl3" receiveEvent="EAID_FR0000013_D892_423c_850E_OqCxAkBE0Pl3"/>
<message xmi:type="uml:Message" xmi:id="EAID_049D1FF1_0B97_41fb_AC69_41AFyAn3ffOc" name="Homepage" messageKind="complete" messageSort="synchCall" sendEvent="EAID_FR0000014_D892_423c_850E_8109476FDED0" receiveEvent="EAID_FR0000015_D892_423c_850E_KslhYQSJ3itm"/>
</ownedBehavior>
<ownedAttribute xmi:type="uml:Property" xmi:id="EAID_AT000000_D892_423c_850E_OqCxAkBE0Pl3"/>
<ownedAttribute xmi:type="uml:Property" xmi:id="EAID_AT000000_D892_423c_850E_KslhYQSJ3itm"/>
<ownedAttribute xmi:type="uml:Property" xmi:id="EAID_AT000000_D892_423c_850E_gOeguAwjIBSa"/>
<ownedAttribute xmi:type="uml:Property" xmi:id="EAID_AT000000_D892_423c_850E_8109476FDED0">
<type xmi:idref="EAID_9977D5D6_D839_4e85_9EF1_38844704F245"/>
					</ownedAttribute>
				</nestedClassifier>
			</packagedElement>
<packagedElement xmi:type="uml:Actor" xmi:id="EAID_9977D5D6_D839_4e85_9EF1_38844704F245" name="User" visibility="public"/>

<packagedElement xmi:type="uml:UseCase" xmi:id="EAID_586BCAF6_15CB_4a03_81A9_avmcosMzlBTf" name="Add Users2" visibility="public">
<nestedClassifier xmi:type="uml:Collaboration" xmi:id="EAID_CB000000_AF6_15CB_4a03_81A9_hfkXBhS6GSJ" name="EA_Collaboration2" visibility="public">
<ownedBehavior xmi:type="uml:Interaction" xmi:id="EAID_IN000000_AF6_15CB_4a03_81A9_VjYEzZtJG1g" name="EA_Interaction2" visibility="public">
<lifeline xmi:type="uml:Lifeline" xmi:id="EAID_LL000000_D892_423c_850E_gOeguAwjIBSa" name="User" visibility="public" represents="EAID_AT000000_D892_423c_850E_8109476FDED0"/>
<lifeline xmi:type="uml:Lifeline" xmi:id="EAID_7183D05E_D892_423c_850E_13v9wAtRlM9H" name="Volunteer" visibility="public" represents="EAID_AT000000_D892_423c_850E_13v9wAtRlM9H"/>
<lifeline xmi:type="uml:Lifeline" xmi:id="EAID_7183D05E_D892_423c_850E_C3fOfubSj9yb" name="Homepage" visibility="public" represents="EAID_AT000000_D892_423c_850E_C3fOfubSj9yb"/>
<lifeline xmi:type="uml:Lifeline" xmi:id="EAID_7183D05E_D892_423c_850E_itQ5CPyBhyFs" name="Checkallrequiredinformation" visibility="public" represents="EAID_AT000000_D892_423c_850E_itQ5CPyBhyFs"/>
<fragment xmi:type="uml:OccurrenceSpecification" xmi:id="EAID_FR000002_D892_423c_850E_gOeguAwjIBSa" covered="EAID_LL000000_D892_423c_850E_gOeguAwjIBSa"/>
<fragment xmi:type="uml:OccurrenceSpecification" xmi:id="EAID_FR000003_D892_423c_850E_13v9wAtRlM9H" covered="EAID_7183D05E_D892_423c_850E_13v9wAtRlM9H"/>
<fragment xmi:type="uml:OccurrenceSpecification" xmi:id="EAID_FR000004_D892_423c_850E_13v9wAtRlM9H" covered="EAID_7183D05E_D892_423c_850E_13v9wAtRlM9H"/>
<fragment xmi:type="uml:OccurrenceSpecification" xmi:id="EAID_FR000005_D892_423c_850E_itQ5CPyBhyFs" covered="EAID_7183D05E_D892_423c_850E_itQ5CPyBhyFs"/>
<fragment xmi:type="uml:OccurrenceSpecification" xmi:id="EAID_FR000006_D892_423c_850E_itQ5CPyBhyFs" covered="EAID_7183D05E_D892_423c_850E_itQ5CPyBhyFs"/>
<fragment xmi:type="uml:OccurrenceSpecification" xmi:id="EAID_FR000007_D892_423c_850E_itQ5CPyBhyFs" covered="EAID_7183D05E_D892_423c_850E_itQ5CPyBhyFs"/>
<fragment xmi:type="uml:OccurrenceSpecification" xmi:id="EAID_FR000008_D892_423c_850E_itQ5CPyBhyFs" covered="EAID_7183D05E_D892_423c_850E_itQ5CPyBhyFs"/>
<fragment xmi:type="uml:OccurrenceSpecification" xmi:id="EAID_FR000009_D892_423c_850E_itQ5CPyBhyFs" covered="EAID_7183D05E_D892_423c_850E_itQ5CPyBhyFs"/>
<fragment xmi:type="uml:OccurrenceSpecification" xmi:id="EAID_FR0000010_D892_423c_850E_itQ5CPyBhyFs" covered="EAID_7183D05E_D892_423c_850E_itQ5CPyBhyFs"/>
<fragment xmi:type="uml:OccurrenceSpecification" xmi:id="EAID_FR0000011_D892_423c_850E_C3fOfubSj9yb" covered="EAID_7183D05E_D892_423c_850E_C3fOfubSj9yb"/>
<fragment xmi:type="uml:OccurrenceSpecification" xmi:id="EAID_FR0000012_D892_423c_850E_itQ5CPyBhyFs" covered="EAID_7183D05E_D892_423c_850E_itQ5CPyBhyFs"/>
<fragment xmi:type="uml:OccurrenceSpecification" xmi:id="EAID_FR0000013_D892_423c_850E_13v9wAtRlM9H" covered="EAID_7183D05E_D892_423c_850E_13v9wAtRlM9H"/>
<fragment xmi:type="uml:OccurrenceSpecification" xmi:id="EAID_FR0000014_D892_423c_850E_13v9wAtRlM9H" covered="EAID_7183D05E_D892_423c_850E_13v9wAtRlM9H"/>
<fragment xmi:type="uml:OccurrenceSpecification" xmi:id="EAID_FR0000015_D892_423c_850E_itQ5CPyBhyFs" covered="EAID_7183D05E_D892_423c_850E_itQ5CPyBhyFs"/>
<fragment xmi:type="uml:OccurrenceSpecification" xmi:id="EAID_FR0000016_D892_423c_850E_gOeguAwjIBSa" covered="EAID_LL000000_D892_423c_850E_gOeguAwjIBSa"/>
<fragment xmi:type="uml:OccurrenceSpecification" xmi:id="EAID_FR0000017_D892_423c_850E_C3fOfubSj9yb" covered="EAID_7183D05E_D892_423c_850E_C3fOfubSj9yb"/>
<message xmi:type="uml:Message" xmi:id="EAID_049D1FF1_0B97_41fb_AC69_41AF0swRt6Wa" name="volunteersubmissionpage" messageKind="complete" messageSort="synchCall" sendEvent="EAID_FR0000016_D892_423c_850E_gOeguAwjIBSa" receiveEvent="EAID_FR0000014_D892_423c_850E_13v9wAtRlM9H"/>
<message xmi:type="uml:Message" xmi:id="EAID_049D1FF1_0B97_41fb_AC69_41AFmt6NowtM" name="Filloutrequiredinformation" messageKind="complete" messageSort="synchCall" sendEvent="EAID_FR0000014_D892_423c_850E_13v9wAtRlM9H" receiveEvent="EAID_FR0000015_D892_423c_850E_itQ5CPyBhyFs"/>
<message xmi:type="uml:Message" xmi:id="EAID_049D1FF1_0B97_41fb_AC69_41AFc0iDLzyC" name="Checkallrequiredinformation" messageKind="complete" messageSort="synchCall" sendEvent="EAID_FR0000015_D892_423c_850E_itQ5CPyBhyFs" receiveEvent="EAID_FR0000015_D892_423c_850E_itQ5CPyBhyFs"/>
<message xmi:type="uml:Message" xmi:id="EAID_049D1FF1_0B97_41fb_AC69_41AF8UpQC9Lj" name="Showconfirmationpage" messageKind="complete" messageSort="synchCall" sendEvent="EAID_FR0000015_D892_423c_850E_itQ5CPyBhyFs" receiveEvent="EAID_FR0000015_D892_423c_850E_itQ5CPyBhyFs"/>
<message xmi:type="uml:Message" xmi:id="EAID_049D1FF1_0B97_41fb_AC69_41AFGC1qZKfk" name="Homepage" messageKind="complete" messageSort="synchCall" sendEvent="EAID_FR0000015_D892_423c_850E_itQ5CPyBhyFs" receiveEvent="EAID_FR0000017_D892_423c_850E_C3fOfubSj9yb"/>
<message xmi:type="uml:Message" xmi:id="EAID_049D1FF1_0B97_41fb_AC69_41AFJdY3HRQ1" name="volunteersubmissionpage" messageKind="complete" messageSort="synchCall" sendEvent="EAID_FR0000015_D892_423c_850E_itQ5CPyBhyFs" receiveEvent="EAID_FR0000014_D892_423c_850E_13v9wAtRlM9H"/>
<message xmi:type="uml:Message" xmi:id="EAID_049D1FF1_0B97_41fb_AC69_41AFuFSSg1D6" name="Filloutrequiredinformation" messageKind="complete" messageSort="synchCall" sendEvent="EAID_FR0000014_D892_423c_850E_13v9wAtRlM9H" receiveEvent="EAID_FR0000015_D892_423c_850E_itQ5CPyBhyFs"/>
<message xmi:type="uml:Message" xmi:id="EAID_049D1FF1_0B97_41fb_AC69_41AFk8z0r4sn" name="Homepage" messageKind="complete" messageSort="synchCall" sendEvent="EAID_FR0000016_D892_423c_850E_gOeguAwjIBSa" receiveEvent="EAID_FR0000017_D892_423c_850E_C3fOfubSj9yb"/>
</ownedBehavior>
<ownedAttribute xmi:type="uml:Property" xmi:id="EAID_AT000000_D892_423c_850E_13v9wAtRlM9H"/>
<ownedAttribute xmi:type="uml:Property" xmi:id="EAID_AT000000_D892_423c_850E_C3fOfubSj9yb"/>
<ownedAttribute xmi:type="uml:Property" xmi:id="EAID_AT000000_D892_423c_850E_itQ5CPyBhyFs"/>
<ownedAttribute xmi:type="uml:Property" xmi:id="EAID_AT000000_D892_423c_850E_8109476FDED0">
<type xmi:idref="EAID_9977D5D6_D839_4e85_9EF1_F76WnWkYeKQb"/>
					</ownedAttribute>
				</nestedClassifier>
			</packagedElement>
<packagedElement xmi:type="uml:Actor" xmi:id="EAID_9977D5D6_D839_4e85_9EF1_F76WnWkYeKQb" name="User" visibility="public"/>

<packagedElement xmi:type="uml:UseCase" xmi:id="EAID_586BCAF6_15CB_4a03_81A9_efRGVmVsF5AI" name="Add Users3" visibility="public">
<nestedClassifier xmi:type="uml:Collaboration" xmi:id="EAID_CB000000_AF6_15CB_4a03_81A9_v9UEr3UI91d" name="EA_Collaboration3" visibility="public">
<ownedBehavior xmi:type="uml:Interaction" xmi:id="EAID_IN000000_AF6_15CB_4a03_81A9_xei9rihayCO" name="EA_Interaction3" visibility="public">
<lifeline xmi:type="uml:Lifeline" xmi:id="EAID_LL000000_D892_423c_850E_itQ5CPyBhyFs" name="User" visibility="public" represents="EAID_AT000000_D892_423c_850E_8109476FDED0"/>
<lifeline xmi:type="uml:Lifeline" xmi:id="EAID_7183D05E_D892_423c_850E_GCdKF1PTrMYr" name="Homepage" visibility="public" represents="EAID_AT000000_D892_423c_850E_GCdKF1PTrMYr"/>
<lifeline xmi:type="uml:Lifeline" xmi:id="EAID_7183D05E_D892_423c_850E_DCLMYfS1kVyq" name="Appointment" visibility="public" represents="EAID_AT000000_D892_423c_850E_DCLMYfS1kVyq"/>
<fragment xmi:type="uml:OccurrenceSpecification" xmi:id="EAID_FR000002_D892_423c_850E_itQ5CPyBhyFs" covered="EAID_LL000000_D892_423c_850E_itQ5CPyBhyFs"/>
<fragment xmi:type="uml:OccurrenceSpecification" xmi:id="EAID_FR000003_D892_423c_850E_GCdKF1PTrMYr" covered="EAID_7183D05E_D892_423c_850E_GCdKF1PTrMYr"/>
<fragment xmi:type="uml:OccurrenceSpecification" xmi:id="EAID_FR000004_D892_423c_850E_itQ5CPyBhyFs" covered="EAID_LL000000_D892_423c_850E_itQ5CPyBhyFs"/>
<fragment xmi:type="uml:OccurrenceSpecification" xmi:id="EAID_FR000005_D892_423c_850E_DCLMYfS1kVyq" covered="EAID_7183D05E_D892_423c_850E_DCLMYfS1kVyq"/>
<fragment xmi:type="uml:OccurrenceSpecification" xmi:id="EAID_FR000006_D892_423c_850E_DCLMYfS1kVyq" covered="EAID_7183D05E_D892_423c_850E_DCLMYfS1kVyq"/>
<fragment xmi:type="uml:OccurrenceSpecification" xmi:id="EAID_FR000007_D892_423c_850E_DCLMYfS1kVyq" covered="EAID_7183D05E_D892_423c_850E_DCLMYfS1kVyq"/>
<fragment xmi:type="uml:OccurrenceSpecification" xmi:id="EAID_FR000008_D892_423c_850E_DCLMYfS1kVyq" covered="EAID_7183D05E_D892_423c_850E_DCLMYfS1kVyq"/>
<fragment xmi:type="uml:OccurrenceSpecification" xmi:id="EAID_FR000009_D892_423c_850E_DCLMYfS1kVyq" covered="EAID_7183D05E_D892_423c_850E_DCLMYfS1kVyq"/>
<fragment xmi:type="uml:OccurrenceSpecification" xmi:id="EAID_FR0000010_D892_423c_850E_DCLMYfS1kVyq" covered="EAID_7183D05E_D892_423c_850E_DCLMYfS1kVyq"/>
<fragment xmi:type="uml:OccurrenceSpecification" xmi:id="EAID_FR0000011_D892_423c_850E_GCdKF1PTrMYr" covered="EAID_7183D05E_D892_423c_850E_GCdKF1PTrMYr"/>
<fragment xmi:type="uml:OccurrenceSpecification" xmi:id="EAID_FR0000012_D892_423c_850E_GCdKF1PTrMYr" covered="EAID_7183D05E_D892_423c_850E_GCdKF1PTrMYr"/>
<fragment xmi:type="uml:OccurrenceSpecification" xmi:id="EAID_FR0000013_D892_423c_850E_DCLMYfS1kVyq" covered="EAID_7183D05E_D892_423c_850E_DCLMYfS1kVyq"/>
<fragment xmi:type="uml:OccurrenceSpecification" xmi:id="EAID_FR0000014_D892_423c_850E_DCLMYfS1kVyq" covered="EAID_7183D05E_D892_423c_850E_DCLMYfS1kVyq"/>
<fragment xmi:type="uml:OccurrenceSpecification" xmi:id="EAID_FR0000015_D892_423c_850E_DCLMYfS1kVyq" covered="EAID_7183D05E_D892_423c_850E_DCLMYfS1kVyq"/>
<fragment xmi:type="uml:OccurrenceSpecification" xmi:id="EAID_FR0000016_D892_423c_850E_GCdKF1PTrMYr" covered="EAID_7183D05E_D892_423c_850E_GCdKF1PTrMYr"/>
<fragment xmi:type="uml:OccurrenceSpecification" xmi:id="EAID_FR0000017_D892_423c_850E_GCdKF1PTrMYr" covered="EAID_7183D05E_D892_423c_850E_GCdKF1PTrMYr"/>
<message xmi:type="uml:Message" xmi:id="EAID_049D1FF1_0B97_41fb_AC69_41AFDhhLgVDv" name="Homepage" messageKind="complete" messageSort="synchCall" sendEvent="EAID_FR000004_D892_423c_850E_itQ5CPyBhyFs" receiveEvent="EAID_FR0000017_D892_423c_850E_GCdKF1PTrMYr"/>
<message xmi:type="uml:Message" xmi:id="EAID_049D1FF1_0B97_41fb_AC69_41AFEggVpayt" name="CancelClientAppointment" messageKind="complete" messageSort="synchCall" sendEvent="EAID_FR000004_D892_423c_850E_itQ5CPyBhyFs" receiveEvent="EAID_FR0000015_D892_423c_850E_DCLMYfS1kVyq"/>
<message xmi:type="uml:Message" xmi:id="EAID_049D1FF1_0B97_41fb_AC69_41AFvB7SlK8p" name="Chooseoneofexistingappointments" messageKind="complete" messageSort="synchCall" sendEvent="EAID_FR0000015_D892_423c_850E_DCLMYfS1kVyq" receiveEvent="EAID_FR0000015_D892_423c_850E_DCLMYfS1kVyq"/>
<message xmi:type="uml:Message" xmi:id="EAID_049D1FF1_0B97_41fb_AC69_41AFdYN4I1o7" name="Removechosenappointment" messageKind="complete" messageSort="synchCall" sendEvent="EAID_FR0000015_D892_423c_850E_DCLMYfS1kVyq" receiveEvent="EAID_FR0000015_D892_423c_850E_DCLMYfS1kVyq"/>
<message xmi:type="uml:Message" xmi:id="EAID_049D1FF1_0B97_41fb_AC69_41AFd8LUeO4j" name="Showconfirmationpage" messageKind="complete" messageSort="synchCall" sendEvent="EAID_FR0000015_D892_423c_850E_DCLMYfS1kVyq" receiveEvent="EAID_FR0000017_D892_423c_850E_GCdKF1PTrMYr"/>
<message xmi:type="uml:Message" xmi:id="EAID_049D1FF1_0B97_41fb_AC69_41AFRymB0Sqv" name="CancelClientAppointment" messageKind="complete" messageSort="synchCall" sendEvent="EAID_FR0000017_D892_423c_850E_GCdKF1PTrMYr" receiveEvent="EAID_FR0000015_D892_423c_850E_DCLMYfS1kVyq"/>
<message xmi:type="uml:Message" xmi:id="EAID_049D1FF1_0B97_41fb_AC69_41AFyYgOBhnF" name="Chooseoneofexistingappointments" messageKind="complete" messageSort="synchCall" sendEvent="EAID_FR0000015_D892_423c_850E_DCLMYfS1kVyq" receiveEvent="EAID_FR0000015_D892_423c_850E_DCLMYfS1kVyq"/>
<message xmi:type="uml:Message" xmi:id="EAID_049D1FF1_0B97_41fb_AC69_41AF3Fb4XE5n" name="Homepage" messageKind="complete" messageSort="synchCall" sendEvent="EAID_FR0000017_D892_423c_850E_GCdKF1PTrMYr" receiveEvent="EAID_FR0000017_D892_423c_850E_GCdKF1PTrMYr"/>
</ownedBehavior>
<ownedAttribute xmi:type="uml:Property" xmi:id="EAID_AT000000_D892_423c_850E_GCdKF1PTrMYr"/>
<ownedAttribute xmi:type="uml:Property" xmi:id="EAID_AT000000_D892_423c_850E_DCLMYfS1kVyq"/>
<ownedAttribute xmi:type="uml:Property" xmi:id="EAID_AT000000_D892_423c_850E_8109476FDED0">
<type xmi:idref="EAID_9977D5D6_D839_4e85_9EF1_yVyniyOmraqP"/>
					</ownedAttribute>
				</nestedClassifier>
			</packagedElement>
<packagedElement xmi:type="uml:Actor" xmi:id="EAID_9977D5D6_D839_4e85_9EF1_yVyniyOmraqP" name="User" visibility="public"/>

<packagedElement xmi:type="uml:UseCase" xmi:id="EAID_586BCAF6_15CB_4a03_81A9_3nOsB1dnQxJ6" name="Add Users4" visibility="public">
<nestedClassifier xmi:type="uml:Collaboration" xmi:id="EAID_CB000000_AF6_15CB_4a03_81A9_6Nrb7zFUf0n" name="EA_Collaboration4" visibility="public">
<ownedBehavior xmi:type="uml:Interaction" xmi:id="EAID_IN000000_AF6_15CB_4a03_81A9_AHJxVrKksFc" name="EA_Interaction4" visibility="public">
<lifeline xmi:type="uml:Lifeline" xmi:id="EAID_LL000000_D892_423c_850E_DCLMYfS1kVyq" name="User" visibility="public" represents="EAID_AT000000_D892_423c_850E_8109476FDED0"/>
<lifeline xmi:type="uml:Lifeline" xmi:id="EAID_7183D05E_D892_423c_850E_BfwECrsbCPI6" name="Homepage" visibility="public" represents="EAID_AT000000_D892_423c_850E_BfwECrsbCPI6"/>
<lifeline xmi:type="uml:Lifeline" xmi:id="EAID_7183D05E_D892_423c_850E_oj8gx7A0qFck" name="Client" visibility="public" represents="EAID_AT000000_D892_423c_850E_oj8gx7A0qFck"/>
<lifeline xmi:type="uml:Lifeline" xmi:id="EAID_7183D05E_D892_423c_850E_LG3RvCnsFHXM" name="Checkallrequiredinformation" visibility="public" represents="EAID_AT000000_D892_423c_850E_LG3RvCnsFHXM"/>
<lifeline xmi:type="uml:Lifeline" xmi:id="EAID_7183D05E_D892_423c_850E_D0VvAOdb9pT8" name="Appointment" visibility="public" represents="EAID_AT000000_D892_423c_850E_D0VvAOdb9pT8"/>
<fragment xmi:type="uml:OccurrenceSpecification" xmi:id="EAID_FR000002_D892_423c_850E_DCLMYfS1kVyq" covered="EAID_LL000000_D892_423c_850E_DCLMYfS1kVyq"/>
<fragment xmi:type="uml:OccurrenceSpecification" xmi:id="EAID_FR000003_D892_423c_850E_BfwECrsbCPI6" covered="EAID_7183D05E_D892_423c_850E_BfwECrsbCPI6"/>
<fragment xmi:type="uml:OccurrenceSpecification" xmi:id="EAID_FR000004_D892_423c_850E_DCLMYfS1kVyq" covered="EAID_LL000000_D892_423c_850E_DCLMYfS1kVyq"/>
<fragment xmi:type="uml:OccurrenceSpecification" xmi:id="EAID_FR000005_D892_423c_850E_oj8gx7A0qFck" covered="EAID_7183D05E_D892_423c_850E_oj8gx7A0qFck"/>
<fragment xmi:type="uml:OccurrenceSpecification" xmi:id="EAID_FR000006_D892_423c_850E_oj8gx7A0qFck" covered="EAID_7183D05E_D892_423c_850E_oj8gx7A0qFck"/>
<fragment xmi:type="uml:OccurrenceSpecification" xmi:id="EAID_FR000007_D892_423c_850E_D0VvAOdb9pT8" covered="EAID_7183D05E_D892_423c_850E_D0VvAOdb9pT8"/>
<fragment xmi:type="uml:OccurrenceSpecification" xmi:id="EAID_FR000008_D892_423c_850E_D0VvAOdb9pT8" covered="EAID_7183D05E_D892_423c_850E_D0VvAOdb9pT8"/>
<fragment xmi:type="uml:OccurrenceSpecification" xmi:id="EAID_FR000009_D892_423c_850E_LG3RvCnsFHXM" covered="EAID_7183D05E_D892_423c_850E_LG3RvCnsFHXM"/>
<fragment xmi:type="uml:OccurrenceSpecification" xmi:id="EAID_FR0000010_D892_423c_850E_LG3RvCnsFHXM" covered="EAID_7183D05E_D892_423c_850E_LG3RvCnsFHXM"/>
<fragment xmi:type="uml:OccurrenceSpecification" xmi:id="EAID_FR0000011_D892_423c_850E_BfwECrsbCPI6" covered="EAID_7183D05E_D892_423c_850E_BfwECrsbCPI6"/>
<fragment xmi:type="uml:OccurrenceSpecification" xmi:id="EAID_FR0000012_D892_423c_850E_LG3RvCnsFHXM" covered="EAID_7183D05E_D892_423c_850E_LG3RvCnsFHXM"/>
<fragment xmi:type="uml:OccurrenceSpecification" xmi:id="EAID_FR0000013_D892_423c_850E_oj8gx7A0qFck" covered="EAID_7183D05E_D892_423c_850E_oj8gx7A0qFck"/>
<fragment xmi:type="uml:OccurrenceSpecification" xmi:id="EAID_FR0000014_D892_423c_850E_oj8gx7A0qFck" covered="EAID_7183D05E_D892_423c_850E_oj8gx7A0qFck"/>
<fragment xmi:type="uml:OccurrenceSpecification" xmi:id="EAID_FR0000015_D892_423c_850E_D0VvAOdb9pT8" covered="EAID_7183D05E_D892_423c_850E_D0VvAOdb9pT8"/>
<fragment xmi:type="uml:OccurrenceSpecification" xmi:id="EAID_FR0000016_D892_423c_850E_D0VvAOdb9pT8" covered="EAID_7183D05E_D892_423c_850E_D0VvAOdb9pT8"/>
<fragment xmi:type="uml:OccurrenceSpecification" xmi:id="EAID_FR0000017_D892_423c_850E_D0VvAOdb9pT8" covered="EAID_7183D05E_D892_423c_850E_D0VvAOdb9pT8"/>
<fragment xmi:type="uml:OccurrenceSpecification" xmi:id="EAID_FR0000018_D892_423c_850E_D0VvAOdb9pT8" covered="EAID_7183D05E_D892_423c_850E_D0VvAOdb9pT8"/>
<fragment xmi:type="uml:OccurrenceSpecification" xmi:id="EAID_FR0000019_D892_423c_850E_LG3RvCnsFHXM" covered="EAID_7183D05E_D892_423c_850E_LG3RvCnsFHXM"/>
<fragment xmi:type="uml:OccurrenceSpecification" xmi:id="EAID_FR00000110_D892_423c_850E_LG3RvCnsFHXM" covered="EAID_7183D05E_D892_423c_850E_LG3RvCnsFHXM"/>
<fragment xmi:type="uml:OccurrenceSpecification" xmi:id="EAID_FR00000111_D892_423c_850E_BfwECrsbCPI6" covered="EAID_7183D05E_D892_423c_850E_BfwECrsbCPI6"/>
<fragment xmi:type="uml:OccurrenceSpecification" xmi:id="EAID_FR00000112_D892_423c_850E_LG3RvCnsFHXM" covered="EAID_7183D05E_D892_423c_850E_LG3RvCnsFHXM"/>
<fragment xmi:type="uml:OccurrenceSpecification" xmi:id="EAID_FR00000113_D892_423c_850E_oj8gx7A0qFck" covered="EAID_7183D05E_D892_423c_850E_oj8gx7A0qFck"/>
<message xmi:type="uml:Message" xmi:id="EAID_049D1FF1_0B97_41fb_AC69_41AFQiyvcMr5" name="Homepage" messageKind="complete" messageSort="synchCall" sendEvent="EAID_FR000004_D892_423c_850E_DCLMYfS1kVyq" receiveEvent="EAID_FR00000111_D892_423c_850E_BfwECrsbCPI6"/>
<message xmi:type="uml:Message" xmi:id="EAID_049D1FF1_0B97_41fb_AC69_41AFDBMsLIIY" name="ViewClientSchedulePage" messageKind="complete" messageSort="synchCall" sendEvent="EAID_FR000004_D892_423c_850E_DCLMYfS1kVyq" receiveEvent="EAID_FR00000113_D892_423c_850E_oj8gx7A0qFck"/>
<message xmi:type="uml:Message" xmi:id="EAID_049D1FF1_0B97_41fb_AC69_41AFnmx1XUTN" name="Chooseoneofclientappointmentspreadsheet" messageKind="complete" messageSort="synchCall" sendEvent="EAID_FR00000113_D892_423c_850E_oj8gx7A0qFck" receiveEvent="EAID_FR0000018_D892_423c_850E_D0VvAOdb9pT8"/>
<message xmi:type="uml:Message" xmi:id="EAID_049D1FF1_0B97_41fb_AC69_41AFlqhPj77u" name="Showconfirmationpage" messageKind="complete" messageSort="synchCall" sendEvent="EAID_FR0000018_D892_423c_850E_D0VvAOdb9pT8" receiveEvent="EAID_FR00000112_D892_423c_850E_LG3RvCnsFHXM"/>
<message xmi:type="uml:Message" xmi:id="EAID_049D1FF1_0B97_41fb_AC69_41AFnsNisWzM" name="Homepage" messageKind="complete" messageSort="synchCall" sendEvent="EAID_FR00000112_D892_423c_850E_LG3RvCnsFHXM" receiveEvent="EAID_FR00000111_D892_423c_850E_BfwECrsbCPI6"/>
<message xmi:type="uml:Message" xmi:id="EAID_049D1FF1_0B97_41fb_AC69_41AFOEzK0as4" name="ViewClientSchedulePage" messageKind="complete" messageSort="synchCall" sendEvent="EAID_FR00000112_D892_423c_850E_LG3RvCnsFHXM" receiveEvent="EAID_FR00000113_D892_423c_850E_oj8gx7A0qFck"/>
<message xmi:type="uml:Message" xmi:id="EAID_049D1FF1_0B97_41fb_AC69_41AFlS1vg4ei" name="Chooseoneofclientappointmentspreadsheet" messageKind="complete" messageSort="synchCall" sendEvent="EAID_FR00000113_D892_423c_850E_oj8gx7A0qFck" receiveEvent="EAID_FR0000018_D892_423c_850E_D0VvAOdb9pT8"/>
<message xmi:type="uml:Message" xmi:id="EAID_049D1FF1_0B97_41fb_AC69_41AFuNve4re4" name="Removechosenappointment" messageKind="complete" messageSort="synchCall" sendEvent="EAID_FR0000018_D892_423c_850E_D0VvAOdb9pT8" receiveEvent="EAID_FR0000018_D892_423c_850E_D0VvAOdb9pT8"/>
<message xmi:type="uml:Message" xmi:id="EAID_049D1FF1_0B97_41fb_AC69_41AFBAlLxCl2" name="Showconfirmationpage" messageKind="complete" messageSort="synchCall" sendEvent="EAID_FR0000018_D892_423c_850E_D0VvAOdb9pT8" receiveEvent="EAID_FR00000112_D892_423c_850E_LG3RvCnsFHXM"/>
<message xmi:type="uml:Message" xmi:id="EAID_049D1FF1_0B97_41fb_AC69_41AFfNTyQSvQ" name="Homepage" messageKind="complete" messageSort="synchCall" sendEvent="EAID_FR00000112_D892_423c_850E_LG3RvCnsFHXM" receiveEvent="EAID_FR00000111_D892_423c_850E_BfwECrsbCPI6"/>
<message xmi:type="uml:Message" xmi:id="EAID_049D1FF1_0B97_41fb_AC69_41AF99T3i4sy" name="ViewClientSchedulePage" messageKind="complete" messageSort="synchCall" sendEvent="EAID_FR00000112_D892_423c_850E_LG3RvCnsFHXM" receiveEvent="EAID_FR00000113_D892_423c_850E_oj8gx7A0qFck"/>
</ownedBehavior>
<ownedAttribute xmi:type="uml:Property" xmi:id="EAID_AT000000_D892_423c_850E_BfwECrsbCPI6"/>
<ownedAttribute xmi:type="uml:Property" xmi:id="EAID_AT000000_D892_423c_850E_oj8gx7A0qFck"/>
<ownedAttribute xmi:type="uml:Property" xmi:id="EAID_AT000000_D892_423c_850E_LG3RvCnsFHXM"/>
<ownedAttribute xmi:type="uml:Property" xmi:id="EAID_AT000000_D892_423c_850E_D0VvAOdb9pT8"/>
<ownedAttribute xmi:type="uml:Property" xmi:id="EAID_AT000000_D892_423c_850E_8109476FDED0">
<type xmi:idref="EAID_9977D5D6_D839_4e85_9EF1_vdW1Se9NENMx"/>
					</ownedAttribute>
				</nestedClassifier>
			</packagedElement>
<packagedElement xmi:type="uml:Actor" xmi:id="EAID_9977D5D6_D839_4e85_9EF1_vdW1Se9NENMx" name="User" visibility="public"/>

<packagedElement xmi:type="uml:UseCase" xmi:id="EAID_586BCAF6_15CB_4a03_81A9_tURBY6Zmnelt" name="Add Users5" visibility="public">
<nestedClassifier xmi:type="uml:Collaboration" xmi:id="EAID_CB000000_AF6_15CB_4a03_81A9_DbniT9pfHWu" name="EA_Collaboration5" visibility="public">
<ownedBehavior xmi:type="uml:Interaction" xmi:id="EAID_IN000000_AF6_15CB_4a03_81A9_2PTY5jYqNPl" name="EA_Interaction5" visibility="public">
<lifeline xmi:type="uml:Lifeline" xmi:id="EAID_LL000000_D892_423c_850E_D0VvAOdb9pT8" name="User" visibility="public" represents="EAID_AT000000_D892_423c_850E_8109476FDED0"/>
<lifeline xmi:type="uml:Lifeline" xmi:id="EAID_7183D05E_D892_423c_850E_8s5Nl2DBgy8Q" name="Volunteer" visibility="public" represents="EAID_AT000000_D892_423c_850E_8s5Nl2DBgy8Q"/>
<lifeline xmi:type="uml:Lifeline" xmi:id="EAID_7183D05E_D892_423c_850E_jMPNdINmm9a2" name="Homepage" visibility="public" represents="EAID_AT000000_D892_423c_850E_jMPNdINmm9a2"/>
<lifeline xmi:type="uml:Lifeline" xmi:id="EAID_7183D05E_D892_423c_850E_FMGQGgXgZ8yq" name="Checkallrequiredinformation" visibility="public" represents="EAID_AT000000_D892_423c_850E_FMGQGgXgZ8yq"/>
<fragment xmi:type="uml:OccurrenceSpecification" xmi:id="EAID_FR000002_D892_423c_850E_D0VvAOdb9pT8" covered="EAID_LL000000_D892_423c_850E_D0VvAOdb9pT8"/>
<fragment xmi:type="uml:OccurrenceSpecification" xmi:id="EAID_FR000003_D892_423c_850E_8s5Nl2DBgy8Q" covered="EAID_7183D05E_D892_423c_850E_8s5Nl2DBgy8Q"/>
<fragment xmi:type="uml:OccurrenceSpecification" xmi:id="EAID_FR000004_D892_423c_850E_8s5Nl2DBgy8Q" covered="EAID_7183D05E_D892_423c_850E_8s5Nl2DBgy8Q"/>
<fragment xmi:type="uml:OccurrenceSpecification" xmi:id="EAID_FR000005_D892_423c_850E_8s5Nl2DBgy8Q" covered="EAID_7183D05E_D892_423c_850E_8s5Nl2DBgy8Q"/>
<fragment xmi:type="uml:OccurrenceSpecification" xmi:id="EAID_FR000006_D892_423c_850E_8s5Nl2DBgy8Q" covered="EAID_7183D05E_D892_423c_850E_8s5Nl2DBgy8Q"/>
<fragment xmi:type="uml:OccurrenceSpecification" xmi:id="EAID_FR000007_D892_423c_850E_FMGQGgXgZ8yq" covered="EAID_7183D05E_D892_423c_850E_FMGQGgXgZ8yq"/>
<fragment xmi:type="uml:OccurrenceSpecification" xmi:id="EAID_FR000008_D892_423c_850E_FMGQGgXgZ8yq" covered="EAID_7183D05E_D892_423c_850E_FMGQGgXgZ8yq"/>
<fragment xmi:type="uml:OccurrenceSpecification" xmi:id="EAID_FR000009_D892_423c_850E_jMPNdINmm9a2" covered="EAID_7183D05E_D892_423c_850E_jMPNdINmm9a2"/>
<fragment xmi:type="uml:OccurrenceSpecification" xmi:id="EAID_FR0000010_D892_423c_850E_FMGQGgXgZ8yq" covered="EAID_7183D05E_D892_423c_850E_FMGQGgXgZ8yq"/>
<fragment xmi:type="uml:OccurrenceSpecification" xmi:id="EAID_FR0000011_D892_423c_850E_8s5Nl2DBgy8Q" covered="EAID_7183D05E_D892_423c_850E_8s5Nl2DBgy8Q"/>
<fragment xmi:type="uml:OccurrenceSpecification" xmi:id="EAID_FR0000012_D892_423c_850E_8s5Nl2DBgy8Q" covered="EAID_7183D05E_D892_423c_850E_8s5Nl2DBgy8Q"/>
<fragment xmi:type="uml:OccurrenceSpecification" xmi:id="EAID_FR0000013_D892_423c_850E_8s5Nl2DBgy8Q" covered="EAID_7183D05E_D892_423c_850E_8s5Nl2DBgy8Q"/>
<fragment xmi:type="uml:OccurrenceSpecification" xmi:id="EAID_FR0000014_D892_423c_850E_D0VvAOdb9pT8" covered="EAID_LL000000_D892_423c_850E_D0VvAOdb9pT8"/>
<fragment xmi:type="uml:OccurrenceSpecification" xmi:id="EAID_FR0000015_D892_423c_850E_jMPNdINmm9a2" covered="EAID_7183D05E_D892_423c_850E_jMPNdINmm9a2"/>
<message xmi:type="uml:Message" xmi:id="EAID_049D1FF1_0B97_41fb_AC69_41AFktKrz7cc" name="ViewvolunteerschedulePage" messageKind="complete" messageSort="synchCall" sendEvent="EAID_FR0000014_D892_423c_850E_D0VvAOdb9pT8" receiveEvent="EAID_FR0000013_D892_423c_850E_8s5Nl2DBgy8Q"/>
<message xmi:type="uml:Message" xmi:id="EAID_049D1FF1_0B97_41fb_AC69_41AFt6NPqPoW" name="Chooseoneofvolunteerschedule" messageKind="complete" messageSort="synchCall" sendEvent="EAID_FR0000013_D892_423c_850E_8s5Nl2DBgy8Q" receiveEvent="EAID_FR0000013_D892_423c_850E_8s5Nl2DBgy8Q"/>
<message xmi:type="uml:Message" xmi:id="EAID_049D1FF1_0B97_41fb_AC69_41AF566ppLtD" name="Showconfirmationpage" messageKind="complete" messageSort="synchCall" sendEvent="EAID_FR0000013_D892_423c_850E_8s5Nl2DBgy8Q" receiveEvent="EAID_FR0000010_D892_423c_850E_FMGQGgXgZ8yq"/>
<message xmi:type="uml:Message" xmi:id="EAID_049D1FF1_0B97_41fb_AC69_41AFqMhHrhQ7" name="Homepage" messageKind="complete" messageSort="synchCall" sendEvent="EAID_FR0000010_D892_423c_850E_FMGQGgXgZ8yq" receiveEvent="EAID_FR0000015_D892_423c_850E_jMPNdINmm9a2"/>
<message xmi:type="uml:Message" xmi:id="EAID_049D1FF1_0B97_41fb_AC69_41AF5yvuHCVL" name="ViewvolunteerschedulePage" messageKind="complete" messageSort="synchCall" sendEvent="EAID_FR0000010_D892_423c_850E_FMGQGgXgZ8yq" receiveEvent="EAID_FR0000013_D892_423c_850E_8s5Nl2DBgy8Q"/>
<message xmi:type="uml:Message" xmi:id="EAID_049D1FF1_0B97_41fb_AC69_41AFlr08jwsj" name="Chooseoneofvolunteerschedule" messageKind="complete" messageSort="synchCall" sendEvent="EAID_FR0000013_D892_423c_850E_8s5Nl2DBgy8Q" receiveEvent="EAID_FR0000013_D892_423c_850E_8s5Nl2DBgy8Q"/>
<message xmi:type="uml:Message" xmi:id="EAID_049D1FF1_0B97_41fb_AC69_41AFwUGyLmzS" name="Homepage" messageKind="complete" messageSort="synchCall" sendEvent="EAID_FR0000014_D892_423c_850E_D0VvAOdb9pT8" receiveEvent="EAID_FR0000015_D892_423c_850E_jMPNdINmm9a2"/>
</ownedBehavior>
<ownedAttribute xmi:type="uml:Property" xmi:id="EAID_AT000000_D892_423c_850E_8s5Nl2DBgy8Q"/>
<ownedAttribute xmi:type="uml:Property" xmi:id="EAID_AT000000_D892_423c_850E_jMPNdINmm9a2"/>
<ownedAttribute xmi:type="uml:Property" xmi:id="EAID_AT000000_D892_423c_850E_FMGQGgXgZ8yq"/>
<ownedAttribute xmi:type="uml:Property" xmi:id="EAID_AT000000_D892_423c_850E_8109476FDED0">
<type xmi:idref="EAID_9977D5D6_D839_4e85_9EF1_VK20FGv1CADu"/>
					</ownedAttribute>
				</nestedClassifier>
			</packagedElement>
<packagedElement xmi:type="uml:Actor" xmi:id="EAID_9977D5D6_D839_4e85_9EF1_VK20FGv1CADu" name="User" visibility="public"/>

<packagedElement xmi:type="uml:UseCase" xmi:id="EAID_586BCAF6_15CB_4a03_81A9_dNWuuI81XyUw" name="Add Users6" visibility="public">
<nestedClassifier xmi:type="uml:Collaboration" xmi:id="EAID_CB000000_AF6_15CB_4a03_81A9_LVZW3PNwXcc" name="EA_Collaboration6" visibility="public">
<ownedBehavior xmi:type="uml:Interaction" xmi:id="EAID_IN000000_AF6_15CB_4a03_81A9_mKNEIU9KmSm" name="EA_Interaction6" visibility="public">
<lifeline xmi:type="uml:Lifeline" xmi:id="EAID_LL000000_D892_423c_850E_FMGQGgXgZ8yq" name="User" visibility="public" represents="EAID_AT000000_D892_423c_850E_8109476FDED0"/>
<lifeline xmi:type="uml:Lifeline" xmi:id="EAID_7183D05E_D892_423c_850E_XuiiTH8AcXAG" name="Appointment" visibility="public" represents="EAID_AT000000_D892_423c_850E_XuiiTH8AcXAG"/>
<lifeline xmi:type="uml:Lifeline" xmi:id="EAID_7183D05E_D892_423c_850E_DFkl1t9feb2d" name="Homepage" visibility="public" represents="EAID_AT000000_D892_423c_850E_DFkl1t9feb2d"/>
<lifeline xmi:type="uml:Lifeline" xmi:id="EAID_7183D05E_D892_423c_850E_Fzitw6wBVn7R" name="Checktherequireinformation" visibility="public" represents="EAID_AT000000_D892_423c_850E_Fzitw6wBVn7R"/>
<fragment xmi:type="uml:OccurrenceSpecification" xmi:id="EAID_FR000002_D892_423c_850E_FMGQGgXgZ8yq" covered="EAID_LL000000_D892_423c_850E_FMGQGgXgZ8yq"/>
<fragment xmi:type="uml:OccurrenceSpecification" xmi:id="EAID_FR000003_D892_423c_850E_XuiiTH8AcXAG" covered="EAID_7183D05E_D892_423c_850E_XuiiTH8AcXAG"/>
<fragment xmi:type="uml:OccurrenceSpecification" xmi:id="EAID_FR000004_D892_423c_850E_XuiiTH8AcXAG" covered="EAID_7183D05E_D892_423c_850E_XuiiTH8AcXAG"/>
<fragment xmi:type="uml:OccurrenceSpecification" xmi:id="EAID_FR000005_D892_423c_850E_Fzitw6wBVn7R" covered="EAID_7183D05E_D892_423c_850E_Fzitw6wBVn7R"/>
<fragment xmi:type="uml:OccurrenceSpecification" xmi:id="EAID_FR000006_D892_423c_850E_Fzitw6wBVn7R" covered="EAID_7183D05E_D892_423c_850E_Fzitw6wBVn7R"/>
<fragment xmi:type="uml:OccurrenceSpecification" xmi:id="EAID_FR000007_D892_423c_850E_Fzitw6wBVn7R" covered="EAID_7183D05E_D892_423c_850E_Fzitw6wBVn7R"/>
<fragment xmi:type="uml:OccurrenceSpecification" xmi:id="EAID_FR000008_D892_423c_850E_Fzitw6wBVn7R" covered="EAID_7183D05E_D892_423c_850E_Fzitw6wBVn7R"/>
<fragment xmi:type="uml:OccurrenceSpecification" xmi:id="EAID_FR000009_D892_423c_850E_Fzitw6wBVn7R" covered="EAID_7183D05E_D892_423c_850E_Fzitw6wBVn7R"/>
<fragment xmi:type="uml:OccurrenceSpecification" xmi:id="EAID_FR0000010_D892_423c_850E_Fzitw6wBVn7R" covered="EAID_7183D05E_D892_423c_850E_Fzitw6wBVn7R"/>
<fragment xmi:type="uml:OccurrenceSpecification" xmi:id="EAID_FR0000011_D892_423c_850E_DFkl1t9feb2d" covered="EAID_7183D05E_D892_423c_850E_DFkl1t9feb2d"/>
<fragment xmi:type="uml:OccurrenceSpecification" xmi:id="EAID_FR0000012_D892_423c_850E_Fzitw6wBVn7R" covered="EAID_7183D05E_D892_423c_850E_Fzitw6wBVn7R"/>
<fragment xmi:type="uml:OccurrenceSpecification" xmi:id="EAID_FR0000013_D892_423c_850E_XuiiTH8AcXAG" covered="EAID_7183D05E_D892_423c_850E_XuiiTH8AcXAG"/>
<fragment xmi:type="uml:OccurrenceSpecification" xmi:id="EAID_FR0000014_D892_423c_850E_XuiiTH8AcXAG" covered="EAID_7183D05E_D892_423c_850E_XuiiTH8AcXAG"/>
<fragment xmi:type="uml:OccurrenceSpecification" xmi:id="EAID_FR0000015_D892_423c_850E_Fzitw6wBVn7R" covered="EAID_7183D05E_D892_423c_850E_Fzitw6wBVn7R"/>
<fragment xmi:type="uml:OccurrenceSpecification" xmi:id="EAID_FR0000016_D892_423c_850E_FMGQGgXgZ8yq" covered="EAID_LL000000_D892_423c_850E_FMGQGgXgZ8yq"/>
<fragment xmi:type="uml:OccurrenceSpecification" xmi:id="EAID_FR0000017_D892_423c_850E_DFkl1t9feb2d" covered="EAID_7183D05E_D892_423c_850E_DFkl1t9feb2d"/>
<message xmi:type="uml:Message" xmi:id="EAID_049D1FF1_0B97_41fb_AC69_41AF4foMOSeZ" name="Makenewclientappointmentpage" messageKind="complete" messageSort="synchCall" sendEvent="EAID_FR0000016_D892_423c_850E_FMGQGgXgZ8yq" receiveEvent="EAID_FR0000014_D892_423c_850E_XuiiTH8AcXAG"/>
<message xmi:type="uml:Message" xmi:id="EAID_049D1FF1_0B97_41fb_AC69_41AF7QljFaUP" name="Enterrequiredinformationfornewclientappointment" messageKind="complete" messageSort="synchCall" sendEvent="EAID_FR0000014_D892_423c_850E_XuiiTH8AcXAG" receiveEvent="EAID_FR0000015_D892_423c_850E_Fzitw6wBVn7R"/>
<message xmi:type="uml:Message" xmi:id="EAID_049D1FF1_0B97_41fb_AC69_41AFzV4vJXhX" name="Checktherequireinformation" messageKind="complete" messageSort="synchCall" sendEvent="EAID_FR0000015_D892_423c_850E_Fzitw6wBVn7R" receiveEvent="EAID_FR0000015_D892_423c_850E_Fzitw6wBVn7R"/>
<message xmi:type="uml:Message" xmi:id="EAID_049D1FF1_0B97_41fb_AC69_41AF9xmCdnHr" name="Showconfirmationpage" messageKind="complete" messageSort="synchCall" sendEvent="EAID_FR0000015_D892_423c_850E_Fzitw6wBVn7R" receiveEvent="EAID_FR0000015_D892_423c_850E_Fzitw6wBVn7R"/>
<message xmi:type="uml:Message" xmi:id="EAID_049D1FF1_0B97_41fb_AC69_41AFAmA7qsQI" name="Homepage" messageKind="complete" messageSort="synchCall" sendEvent="EAID_FR0000015_D892_423c_850E_Fzitw6wBVn7R" receiveEvent="EAID_FR0000017_D892_423c_850E_DFkl1t9feb2d"/>
<message xmi:type="uml:Message" xmi:id="EAID_049D1FF1_0B97_41fb_AC69_41AFRmNbeg2x" name="Makenewclientappointmentpage" messageKind="complete" messageSort="synchCall" sendEvent="EAID_FR0000015_D892_423c_850E_Fzitw6wBVn7R" receiveEvent="EAID_FR0000014_D892_423c_850E_XuiiTH8AcXAG"/>
<message xmi:type="uml:Message" xmi:id="EAID_049D1FF1_0B97_41fb_AC69_41AFReNqKxdh" name="Enterrequiredinformationfornewclientappointment" messageKind="complete" messageSort="synchCall" sendEvent="EAID_FR0000014_D892_423c_850E_XuiiTH8AcXAG" receiveEvent="EAID_FR0000015_D892_423c_850E_Fzitw6wBVn7R"/>
<message xmi:type="uml:Message" xmi:id="EAID_049D1FF1_0B97_41fb_AC69_41AFA0F1LDbG" name="Homepage" messageKind="complete" messageSort="synchCall" sendEvent="EAID_FR0000016_D892_423c_850E_FMGQGgXgZ8yq" receiveEvent="EAID_FR0000017_D892_423c_850E_DFkl1t9feb2d"/>
</ownedBehavior>
<ownedAttribute xmi:type="uml:Property" xmi:id="EAID_AT000000_D892_423c_850E_XuiiTH8AcXAG"/>
<ownedAttribute xmi:type="uml:Property" xmi:id="EAID_AT000000_D892_423c_850E_DFkl1t9feb2d"/>
<ownedAttribute xmi:type="uml:Property" xmi:id="EAID_AT000000_D892_423c_850E_Fzitw6wBVn7R"/>
<ownedAttribute xmi:type="uml:Property" xmi:id="EAID_AT000000_D892_423c_850E_8109476FDED0">
<type xmi:idref="EAID_9977D5D6_D839_4e85_9EF1_pWKsgRHxxeio"/>
					</ownedAttribute>
				</nestedClassifier>
			</packagedElement>
<packagedElement xmi:type="uml:Actor" xmi:id="EAID_9977D5D6_D839_4e85_9EF1_pWKsgRHxxeio" name="User" visibility="public"/>

<packagedElement xmi:type="uml:UseCase" xmi:id="EAID_586BCAF6_15CB_4a03_81A9_BmnRVsS8RaHL" name="Add Users7" visibility="public">
<nestedClassifier xmi:type="uml:Collaboration" xmi:id="EAID_CB000000_AF6_15CB_4a03_81A9_acL69E20PdW" name="EA_Collaboration7" visibility="public">
<ownedBehavior xmi:type="uml:Interaction" xmi:id="EAID_IN000000_AF6_15CB_4a03_81A9_hZHZJe0Qfde" name="EA_Interaction7" visibility="public">
<lifeline xmi:type="uml:Lifeline" xmi:id="EAID_LL000000_D892_423c_850E_Fzitw6wBVn7R" name="User" visibility="public" represents="EAID_AT000000_D892_423c_850E_8109476FDED0"/>
<lifeline xmi:type="uml:Lifeline" xmi:id="EAID_7183D05E_D892_423c_850E_evyla4NPvtms" name="Homepage" visibility="public" represents="EAID_AT000000_D892_423c_850E_evyla4NPvtms"/>
<lifeline xmi:type="uml:Lifeline" xmi:id="EAID_7183D05E_D892_423c_850E_ZJILS8L7jSyV" name="Appointment" visibility="public" represents="EAID_AT000000_D892_423c_850E_ZJILS8L7jSyV"/>
<fragment xmi:type="uml:OccurrenceSpecification" xmi:id="EAID_FR000002_D892_423c_850E_Fzitw6wBVn7R" covered="EAID_LL000000_D892_423c_850E_Fzitw6wBVn7R"/>
<fragment xmi:type="uml:OccurrenceSpecification" xmi:id="EAID_FR000003_D892_423c_850E_evyla4NPvtms" covered="EAID_7183D05E_D892_423c_850E_evyla4NPvtms"/>
<fragment xmi:type="uml:OccurrenceSpecification" xmi:id="EAID_FR000004_D892_423c_850E_Fzitw6wBVn7R" covered="EAID_LL000000_D892_423c_850E_Fzitw6wBVn7R"/>
<fragment xmi:type="uml:OccurrenceSpecification" xmi:id="EAID_FR000005_D892_423c_850E_ZJILS8L7jSyV" covered="EAID_7183D05E_D892_423c_850E_ZJILS8L7jSyV"/>
<fragment xmi:type="uml:OccurrenceSpecification" xmi:id="EAID_FR000006_D892_423c_850E_ZJILS8L7jSyV" covered="EAID_7183D05E_D892_423c_850E_ZJILS8L7jSyV"/>
<fragment xmi:type="uml:OccurrenceSpecification" xmi:id="EAID_FR000007_D892_423c_850E_ZJILS8L7jSyV" covered="EAID_7183D05E_D892_423c_850E_ZJILS8L7jSyV"/>
<fragment xmi:type="uml:OccurrenceSpecification" xmi:id="EAID_FR000008_D892_423c_850E_ZJILS8L7jSyV" covered="EAID_7183D05E_D892_423c_850E_ZJILS8L7jSyV"/>
<fragment xmi:type="uml:OccurrenceSpecification" xmi:id="EAID_FR000009_D892_423c_850E_ZJILS8L7jSyV" covered="EAID_7183D05E_D892_423c_850E_ZJILS8L7jSyV"/>
<fragment xmi:type="uml:OccurrenceSpecification" xmi:id="EAID_FR0000010_D892_423c_850E_ZJILS8L7jSyV" covered="EAID_7183D05E_D892_423c_850E_ZJILS8L7jSyV"/>
<fragment xmi:type="uml:OccurrenceSpecification" xmi:id="EAID_FR0000011_D892_423c_850E_evyla4NPvtms" covered="EAID_7183D05E_D892_423c_850E_evyla4NPvtms"/>
<fragment xmi:type="uml:OccurrenceSpecification" xmi:id="EAID_FR0000012_D892_423c_850E_evyla4NPvtms" covered="EAID_7183D05E_D892_423c_850E_evyla4NPvtms"/>
<fragment xmi:type="uml:OccurrenceSpecification" xmi:id="EAID_FR0000013_D892_423c_850E_ZJILS8L7jSyV" covered="EAID_7183D05E_D892_423c_850E_ZJILS8L7jSyV"/>
<fragment xmi:type="uml:OccurrenceSpecification" xmi:id="EAID_FR0000014_D892_423c_850E_ZJILS8L7jSyV" covered="EAID_7183D05E_D892_423c_850E_ZJILS8L7jSyV"/>
<fragment xmi:type="uml:OccurrenceSpecification" xmi:id="EAID_FR0000015_D892_423c_850E_ZJILS8L7jSyV" covered="EAID_7183D05E_D892_423c_850E_ZJILS8L7jSyV"/>
<fragment xmi:type="uml:OccurrenceSpecification" xmi:id="EAID_FR0000016_D892_423c_850E_evyla4NPvtms" covered="EAID_7183D05E_D892_423c_850E_evyla4NPvtms"/>
<fragment xmi:type="uml:OccurrenceSpecification" xmi:id="EAID_FR0000017_D892_423c_850E_evyla4NPvtms" covered="EAID_7183D05E_D892_423c_850E_evyla4NPvtms"/>
<message xmi:type="uml:Message" xmi:id="EAID_049D1FF1_0B97_41fb_AC69_41AFTRDfwd5c" name="Homepage" messageKind="complete" messageSort="synchCall" sendEvent="EAID_FR000004_D892_423c_850E_Fzitw6wBVn7R" receiveEvent="EAID_FR0000017_D892_423c_850E_evyla4NPvtms"/>
<message xmi:type="uml:Message" xmi:id="EAID_049D1FF1_0B97_41fb_AC69_41AFbGzaT7LJ" name="CancelVolunteerAppointment" messageKind="complete" messageSort="synchCall" sendEvent="EAID_FR000004_D892_423c_850E_Fzitw6wBVn7R" receiveEvent="EAID_FR0000015_D892_423c_850E_ZJILS8L7jSyV"/>
<message xmi:type="uml:Message" xmi:id="EAID_049D1FF1_0B97_41fb_AC69_41AFSYa90S8G" name="Chooseoneofexistingappointments" messageKind="complete" messageSort="synchCall" sendEvent="EAID_FR0000015_D892_423c_850E_ZJILS8L7jSyV" receiveEvent="EAID_FR0000015_D892_423c_850E_ZJILS8L7jSyV"/>
<message xmi:type="uml:Message" xmi:id="EAID_049D1FF1_0B97_41fb_AC69_41AFgFVU7AyI" name="Removechosenappointment" messageKind="complete" messageSort="synchCall" sendEvent="EAID_FR0000015_D892_423c_850E_ZJILS8L7jSyV" receiveEvent="EAID_FR0000015_D892_423c_850E_ZJILS8L7jSyV"/>
<message xmi:type="uml:Message" xmi:id="EAID_049D1FF1_0B97_41fb_AC69_41AFQ47peRK7" name="Showconfirmationpage" messageKind="complete" messageSort="synchCall" sendEvent="EAID_FR0000015_D892_423c_850E_ZJILS8L7jSyV" receiveEvent="EAID_FR0000017_D892_423c_850E_evyla4NPvtms"/>
<message xmi:type="uml:Message" xmi:id="EAID_049D1FF1_0B97_41fb_AC69_41AFHHvDNytF" name="CancelVolunteerAppointment" messageKind="complete" messageSort="synchCall" sendEvent="EAID_FR0000017_D892_423c_850E_evyla4NPvtms" receiveEvent="EAID_FR0000015_D892_423c_850E_ZJILS8L7jSyV"/>
<message xmi:type="uml:Message" xmi:id="EAID_049D1FF1_0B97_41fb_AC69_41AFRYGhVtuU" name="Chooseoneofexistingappointments" messageKind="complete" messageSort="synchCall" sendEvent="EAID_FR0000015_D892_423c_850E_ZJILS8L7jSyV" receiveEvent="EAID_FR0000015_D892_423c_850E_ZJILS8L7jSyV"/>
<message xmi:type="uml:Message" xmi:id="EAID_049D1FF1_0B97_41fb_AC69_41AFpBPTd8lL" name="Homepage" messageKind="complete" messageSort="synchCall" sendEvent="EAID_FR0000017_D892_423c_850E_evyla4NPvtms" receiveEvent="EAID_FR0000017_D892_423c_850E_evyla4NPvtms"/>
</ownedBehavior>
<ownedAttribute xmi:type="uml:Property" xmi:id="EAID_AT000000_D892_423c_850E_evyla4NPvtms"/>
<ownedAttribute xmi:type="uml:Property" xmi:id="EAID_AT000000_D892_423c_850E_ZJILS8L7jSyV"/>
<ownedAttribute xmi:type="uml:Property" xmi:id="EAID_AT000000_D892_423c_850E_8109476FDED0">
<type xmi:idref="EAID_9977D5D6_D839_4e85_9EF1_wK0TJPFGEIU3"/>
					</ownedAttribute>
				</nestedClassifier>
			</packagedElement>
<packagedElement xmi:type="uml:Actor" xmi:id="EAID_9977D5D6_D839_4e85_9EF1_wK0TJPFGEIU3" name="User" visibility="public"/>

<packagedElement xmi:type="uml:UseCase" xmi:id="EAID_586BCAF6_15CB_4a03_81A9_4EjffQhVDIU7" name="Add Users8" visibility="public">
<nestedClassifier xmi:type="uml:Collaboration" xmi:id="EAID_CB000000_AF6_15CB_4a03_81A9_4Gm5TVy4yp5" name="EA_Collaboration8" visibility="public">
<ownedBehavior xmi:type="uml:Interaction" xmi:id="EAID_IN000000_AF6_15CB_4a03_81A9_tqlcVlzoPaQ" name="EA_Interaction8" visibility="public">
<lifeline xmi:type="uml:Lifeline" xmi:id="EAID_LL000000_D892_423c_850E_ZJILS8L7jSyV" name="User" visibility="public" represents="EAID_AT000000_D892_423c_850E_8109476FDED0"/>
<lifeline xmi:type="uml:Lifeline" xmi:id="EAID_7183D05E_D892_423c_850E_THoBF1hRExP0" name="Appointment" visibility="public" represents="EAID_AT000000_D892_423c_850E_THoBF1hRExP0"/>
<lifeline xmi:type="uml:Lifeline" xmi:id="EAID_7183D05E_D892_423c_850E_jN0uIwCRsp9W" name="Homepage" visibility="public" represents="EAID_AT000000_D892_423c_850E_jN0uIwCRsp9W"/>
<lifeline xmi:type="uml:Lifeline" xmi:id="EAID_7183D05E_D892_423c_850E_b0gYgsGpRVaP" name="Chooseoneofavailabletimeslots" visibility="public" represents="EAID_AT000000_D892_423c_850E_b0gYgsGpRVaP"/>
<fragment xmi:type="uml:OccurrenceSpecification" xmi:id="EAID_FR000002_D892_423c_850E_ZJILS8L7jSyV" covered="EAID_LL000000_D892_423c_850E_ZJILS8L7jSyV"/>
<fragment xmi:type="uml:OccurrenceSpecification" xmi:id="EAID_FR000003_D892_423c_850E_THoBF1hRExP0" covered="EAID_7183D05E_D892_423c_850E_THoBF1hRExP0"/>
<fragment xmi:type="uml:OccurrenceSpecification" xmi:id="EAID_FR000004_D892_423c_850E_THoBF1hRExP0" covered="EAID_7183D05E_D892_423c_850E_THoBF1hRExP0"/>
<fragment xmi:type="uml:OccurrenceSpecification" xmi:id="EAID_FR000005_D892_423c_850E_b0gYgsGpRVaP" covered="EAID_7183D05E_D892_423c_850E_b0gYgsGpRVaP"/>
<fragment xmi:type="uml:OccurrenceSpecification" xmi:id="EAID_FR000006_D892_423c_850E_b0gYgsGpRVaP" covered="EAID_7183D05E_D892_423c_850E_b0gYgsGpRVaP"/>
<fragment xmi:type="uml:OccurrenceSpecification" xmi:id="EAID_FR000007_D892_423c_850E_b0gYgsGpRVaP" covered="EAID_7183D05E_D892_423c_850E_b0gYgsGpRVaP"/>
<fragment xmi:type="uml:OccurrenceSpecification" xmi:id="EAID_FR000008_D892_423c_850E_b0gYgsGpRVaP" covered="EAID_7183D05E_D892_423c_850E_b0gYgsGpRVaP"/>
<fragment xmi:type="uml:OccurrenceSpecification" xmi:id="EAID_FR000009_D892_423c_850E_jN0uIwCRsp9W" covered="EAID_7183D05E_D892_423c_850E_jN0uIwCRsp9W"/>
<fragment xmi:type="uml:OccurrenceSpecification" xmi:id="EAID_FR0000010_D892_423c_850E_jN0uIwCRsp9W" covered="EAID_7183D05E_D892_423c_850E_jN0uIwCRsp9W"/>
<fragment xmi:type="uml:OccurrenceSpecification" xmi:id="EAID_FR0000011_D892_423c_850E_jN0uIwCRsp9W" covered="EAID_7183D05E_D892_423c_850E_jN0uIwCRsp9W"/>
<fragment xmi:type="uml:OccurrenceSpecification" xmi:id="EAID_FR0000012_D892_423c_850E_jN0uIwCRsp9W" covered="EAID_7183D05E_D892_423c_850E_jN0uIwCRsp9W"/>
<fragment xmi:type="uml:OccurrenceSpecification" xmi:id="EAID_FR0000013_D892_423c_850E_THoBF1hRExP0" covered="EAID_7183D05E_D892_423c_850E_THoBF1hRExP0"/>
<fragment xmi:type="uml:OccurrenceSpecification" xmi:id="EAID_FR0000014_D892_423c_850E_THoBF1hRExP0" covered="EAID_7183D05E_D892_423c_850E_THoBF1hRExP0"/>
<fragment xmi:type="uml:OccurrenceSpecification" xmi:id="EAID_FR0000015_D892_423c_850E_b0gYgsGpRVaP" covered="EAID_7183D05E_D892_423c_850E_b0gYgsGpRVaP"/>
<fragment xmi:type="uml:OccurrenceSpecification" xmi:id="EAID_FR0000016_D892_423c_850E_ZJILS8L7jSyV" covered="EAID_LL000000_D892_423c_850E_ZJILS8L7jSyV"/>
<fragment xmi:type="uml:OccurrenceSpecification" xmi:id="EAID_FR0000017_D892_423c_850E_jN0uIwCRsp9W" covered="EAID_7183D05E_D892_423c_850E_jN0uIwCRsp9W"/>
<message xmi:type="uml:Message" xmi:id="EAID_049D1FF1_0B97_41fb_AC69_41AFOGePCidG" name="Makenewvolunteerappointmentpage" messageKind="complete" messageSort="synchCall" sendEvent="EAID_FR0000016_D892_423c_850E_ZJILS8L7jSyV" receiveEvent="EAID_FR0000014_D892_423c_850E_THoBF1hRExP0"/>
<message xmi:type="uml:Message" xmi:id="EAID_049D1FF1_0B97_41fb_AC69_41AFYmzGNqUF" name="Chooseoneofavailabletimeslots" messageKind="complete" messageSort="synchCall" sendEvent="EAID_FR0000014_D892_423c_850E_THoBF1hRExP0" receiveEvent="EAID_FR0000015_D892_423c_850E_b0gYgsGpRVaP"/>
<message xmi:type="uml:Message" xmi:id="EAID_049D1FF1_0B97_41fb_AC69_41AFEoLPX1wn" name="Checkchosentimeslot" messageKind="complete" messageSort="synchCall" sendEvent="EAID_FR0000015_D892_423c_850E_b0gYgsGpRVaP" receiveEvent="EAID_FR0000015_D892_423c_850E_b0gYgsGpRVaP"/>
<message xmi:type="uml:Message" xmi:id="EAID_049D1FF1_0B97_41fb_AC69_41AFUB4txSoJ" name="Showconfirmationpage" messageKind="complete" messageSort="synchCall" sendEvent="EAID_FR0000015_D892_423c_850E_b0gYgsGpRVaP" receiveEvent="EAID_FR0000017_D892_423c_850E_jN0uIwCRsp9W"/>
<message xmi:type="uml:Message" xmi:id="EAID_049D1FF1_0B97_41fb_AC69_41AF0xWpkw2Y" name="Homepage" messageKind="complete" messageSort="synchCall" sendEvent="EAID_FR0000017_D892_423c_850E_jN0uIwCRsp9W" receiveEvent="EAID_FR0000017_D892_423c_850E_jN0uIwCRsp9W"/>
<message xmi:type="uml:Message" xmi:id="EAID_049D1FF1_0B97_41fb_AC69_41AFFnM3GWpn" name="Makenewvolunteerappointmentpage" messageKind="complete" messageSort="synchCall" sendEvent="EAID_FR0000017_D892_423c_850E_jN0uIwCRsp9W" receiveEvent="EAID_FR0000014_D892_423c_850E_THoBF1hRExP0"/>
<message xmi:type="uml:Message" xmi:id="EAID_049D1FF1_0B97_41fb_AC69_41AFt4maPjjG" name="Chooseoneofavailabletimeslots" messageKind="complete" messageSort="synchCall" sendEvent="EAID_FR0000014_D892_423c_850E_THoBF1hRExP0" receiveEvent="EAID_FR0000015_D892_423c_850E_b0gYgsGpRVaP"/>
<message xmi:type="uml:Message" xmi:id="EAID_049D1FF1_0B97_41fb_AC69_41AF0QMyV9XC" name="Homepage" messageKind="complete" messageSort="synchCall" sendEvent="EAID_FR0000016_D892_423c_850E_ZJILS8L7jSyV" receiveEvent="EAID_FR0000017_D892_423c_850E_jN0uIwCRsp9W"/>
</ownedBehavior>
<ownedAttribute xmi:type="uml:Property" xmi:id="EAID_AT000000_D892_423c_850E_THoBF1hRExP0"/>
<ownedAttribute xmi:type="uml:Property" xmi:id="EAID_AT000000_D892_423c_850E_jN0uIwCRsp9W"/>
<ownedAttribute xmi:type="uml:Property" xmi:id="EAID_AT000000_D892_423c_850E_b0gYgsGpRVaP"/>
<ownedAttribute xmi:type="uml:Property" xmi:id="EAID_AT000000_D892_423c_850E_8109476FDED0">
<type xmi:idref="EAID_9977D5D6_D839_4e85_9EF1_MuPpFEFOivK7"/>
					</ownedAttribute>
				</nestedClassifier>
			</packagedElement>
<packagedElement xmi:type="uml:Actor" xmi:id="EAID_9977D5D6_D839_4e85_9EF1_MuPpFEFOivK7" name="User" visibility="public"/>

<packagedElement xmi:type="uml:UseCase" xmi:id="EAID_586BCAF6_15CB_4a03_81A9_xjRUTuWYCiRs" name="Add Users9" visibility="public">
<nestedClassifier xmi:type="uml:Collaboration" xmi:id="EAID_CB000000_AF6_15CB_4a03_81A9_nihqzgjzXH5" name="EA_Collaboration9" visibility="public">
<ownedBehavior xmi:type="uml:Interaction" xmi:id="EAID_IN000000_AF6_15CB_4a03_81A9_rZSfI9EvE52" name="EA_Interaction9" visibility="public">
<lifeline xmi:type="uml:Lifeline" xmi:id="EAID_LL000000_D892_423c_850E_b0gYgsGpRVaP" name="User" visibility="public" represents="EAID_AT000000_D892_423c_850E_8109476FDED0"/>
<lifeline xmi:type="uml:Lifeline" xmi:id="EAID_7183D05E_D892_423c_850E_bybU39Q1mvD3" name="Volunteer" visibility="public" represents="EAID_AT000000_D892_423c_850E_bybU39Q1mvD3"/>
<lifeline xmi:type="uml:Lifeline" xmi:id="EAID_7183D05E_D892_423c_850E_cuiJ6jpDFyM6" name="Homepage" visibility="public" represents="EAID_AT000000_D892_423c_850E_cuiJ6jpDFyM6"/>
<lifeline xmi:type="uml:Lifeline" xmi:id="EAID_7183D05E_D892_423c_850E_U5Q17f6ase5B" name="Checkallrequiredinformation" visibility="public" represents="EAID_AT000000_D892_423c_850E_U5Q17f6ase5B"/>
<fragment xmi:type="uml:OccurrenceSpecification" xmi:id="EAID_FR000002_D892_423c_850E_b0gYgsGpRVaP" covered="EAID_LL000000_D892_423c_850E_b0gYgsGpRVaP"/>
<fragment xmi:type="uml:OccurrenceSpecification" xmi:id="EAID_FR000003_D892_423c_850E_bybU39Q1mvD3" covered="EAID_7183D05E_D892_423c_850E_bybU39Q1mvD3"/>
<fragment xmi:type="uml:OccurrenceSpecification" xmi:id="EAID_FR000004_D892_423c_850E_bybU39Q1mvD3" covered="EAID_7183D05E_D892_423c_850E_bybU39Q1mvD3"/>
<fragment xmi:type="uml:OccurrenceSpecification" xmi:id="EAID_FR000005_D892_423c_850E_bybU39Q1mvD3" covered="EAID_7183D05E_D892_423c_850E_bybU39Q1mvD3"/>
<fragment xmi:type="uml:OccurrenceSpecification" xmi:id="EAID_FR000006_D892_423c_850E_bybU39Q1mvD3" covered="EAID_7183D05E_D892_423c_850E_bybU39Q1mvD3"/>
<fragment xmi:type="uml:OccurrenceSpecification" xmi:id="EAID_FR000007_D892_423c_850E_U5Q17f6ase5B" covered="EAID_7183D05E_D892_423c_850E_U5Q17f6ase5B"/>
<fragment xmi:type="uml:OccurrenceSpecification" xmi:id="EAID_FR000008_D892_423c_850E_U5Q17f6ase5B" covered="EAID_7183D05E_D892_423c_850E_U5Q17f6ase5B"/>
<fragment xmi:type="uml:OccurrenceSpecification" xmi:id="EAID_FR000009_D892_423c_850E_cuiJ6jpDFyM6" covered="EAID_7183D05E_D892_423c_850E_cuiJ6jpDFyM6"/>
<fragment xmi:type="uml:OccurrenceSpecification" xmi:id="EAID_FR0000010_D892_423c_850E_U5Q17f6ase5B" covered="EAID_7183D05E_D892_423c_850E_U5Q17f6ase5B"/>
<fragment xmi:type="uml:OccurrenceSpecification" xmi:id="EAID_FR0000011_D892_423c_850E_bybU39Q1mvD3" covered="EAID_7183D05E_D892_423c_850E_bybU39Q1mvD3"/>
<fragment xmi:type="uml:OccurrenceSpecification" xmi:id="EAID_FR0000012_D892_423c_850E_bybU39Q1mvD3" covered="EAID_7183D05E_D892_423c_850E_bybU39Q1mvD3"/>
<fragment xmi:type="uml:OccurrenceSpecification" xmi:id="EAID_FR0000013_D892_423c_850E_bybU39Q1mvD3" covered="EAID_7183D05E_D892_423c_850E_bybU39Q1mvD3"/>
<fragment xmi:type="uml:OccurrenceSpecification" xmi:id="EAID_FR0000014_D892_423c_850E_b0gYgsGpRVaP" covered="EAID_LL000000_D892_423c_850E_b0gYgsGpRVaP"/>
<fragment xmi:type="uml:OccurrenceSpecification" xmi:id="EAID_FR0000015_D892_423c_850E_cuiJ6jpDFyM6" covered="EAID_7183D05E_D892_423c_850E_cuiJ6jpDFyM6"/>
<message xmi:type="uml:Message" xmi:id="EAID_049D1FF1_0B97_41fb_AC69_41AFMxZC9VRk" name="ViewvolunteerlistPage" messageKind="complete" messageSort="synchCall" sendEvent="EAID_FR0000014_D892_423c_850E_b0gYgsGpRVaP" receiveEvent="EAID_FR0000013_D892_423c_850E_bybU39Q1mvD3"/>
<message xmi:type="uml:Message" xmi:id="EAID_049D1FF1_0B97_41fb_AC69_41AF846Rs4uJ" name="Chooseoneofvolunteerlist" messageKind="complete" messageSort="synchCall" sendEvent="EAID_FR0000013_D892_423c_850E_bybU39Q1mvD3" receiveEvent="EAID_FR0000013_D892_423c_850E_bybU39Q1mvD3"/>
<message xmi:type="uml:Message" xmi:id="EAID_049D1FF1_0B97_41fb_AC69_41AFB2dW24zF" name="Showconfirmationpage" messageKind="complete" messageSort="synchCall" sendEvent="EAID_FR0000013_D892_423c_850E_bybU39Q1mvD3" receiveEvent="EAID_FR0000010_D892_423c_850E_U5Q17f6ase5B"/>
<message xmi:type="uml:Message" xmi:id="EAID_049D1FF1_0B97_41fb_AC69_41AFpIF7rufx" name="Homepage" messageKind="complete" messageSort="synchCall" sendEvent="EAID_FR0000010_D892_423c_850E_U5Q17f6ase5B" receiveEvent="EAID_FR0000015_D892_423c_850E_cuiJ6jpDFyM6"/>
<message xmi:type="uml:Message" xmi:id="EAID_049D1FF1_0B97_41fb_AC69_41AFwFZMyEK7" name="ViewvolunteerlistPage" messageKind="complete" messageSort="synchCall" sendEvent="EAID_FR0000010_D892_423c_850E_U5Q17f6ase5B" receiveEvent="EAID_FR0000013_D892_423c_850E_bybU39Q1mvD3"/>
<message xmi:type="uml:Message" xmi:id="EAID_049D1FF1_0B97_41fb_AC69_41AF6QIxk5Wd" name="Chooseoneofvolunteerlist" messageKind="complete" messageSort="synchCall" sendEvent="EAID_FR0000013_D892_423c_850E_bybU39Q1mvD3" receiveEvent="EAID_FR0000013_D892_423c_850E_bybU39Q1mvD3"/>
<message xmi:type="uml:Message" xmi:id="EAID_049D1FF1_0B97_41fb_AC69_41AF0mcWsPs9" name="Homepage" messageKind="complete" messageSort="synchCall" sendEvent="EAID_FR0000014_D892_423c_850E_b0gYgsGpRVaP" receiveEvent="EAID_FR0000015_D892_423c_850E_cuiJ6jpDFyM6"/>
</ownedBehavior>
<ownedAttribute xmi:type="uml:Property" xmi:id="EAID_AT000000_D892_423c_850E_bybU39Q1mvD3"/>
<ownedAttribute xmi:type="uml:Property" xmi:id="EAID_AT000000_D892_423c_850E_cuiJ6jpDFyM6"/>
<ownedAttribute xmi:type="uml:Property" xmi:id="EAID_AT000000_D892_423c_850E_U5Q17f6ase5B"/>
<ownedAttribute xmi:type="uml:Property" xmi:id="EAID_AT000000_D892_423c_850E_8109476FDED0">
<type xmi:idref="EAID_9977D5D6_D839_4e85_9EF1_IIwSALTDk6cT"/>
					</ownedAttribute>
				</nestedClassifier>
			</packagedElement>
<packagedElement xmi:type="uml:Actor" xmi:id="EAID_9977D5D6_D839_4e85_9EF1_IIwSALTDk6cT" name="User" visibility="public"/>

</packagedElement>
</uml:Model>
<xmi:Extension extender="Enterprise Architect" extenderID="6.5">
<primitivetypes>
			<packagedElement xmi:type="uml:Package" xmi:id="EAPrimitiveTypesPackage" name="EA_PrimitiveTypes_Package" visibility="public"/>
		</primitivetypes>
<profiles/><diagrams>

<diagram xmi:id="EAID_3E9162E8_3B10_4fb1_9A31_orqo5DDmNIqB">
<model package="EAPK_0D4BE3DE_DBA4_430b_9F5D_2D1DC1F19C54" localID="25" owner="EAPK_0D4BE3DE_DBA4_430b_9F5D_2D1DC1F19C54" parent="EAID_586BCAF6_15CB_4a03_81A9_EF34AE4B312B"/>
<properties name="use cases" type="Sequence"/>
<project author="HOME" version="1.0" created="2018-11-27 16:22:38" modified="2018-11-27 16:23:00"/>
				<style1 value="ShowPrivate=1;ShowProtected=1;ShowPublic=1;HideRelationships=0;Locked=0;Border=1;HighlightForeign=1;PackageContents=1;SequenceNotes=0;ScalePrintImage=0;PPgs.cx=0;PPgs.cy=0;DocSize.cx=850;DocSize.cy=1098;ShowDetails=0;Orientation=P;Zoom=100;ShowTags=0;OpParams=1;VisibleAttributeDetail=0;ShowOpRetType=1;ShowIcons=1;CollabNums=0;HideProps=0;ShowReqs=0;ShowCons=0;PaperSize=1;HideParents=0;UseAlias=0;HideAtts=0;HideOps=0;HideStereo=0;HideElemStereo=0;ShowTests=0;ShowMaint=0;ConnectorNotation=UML 2.1;ExplicitNavigability=0;ShowShape=1;AllDockable=0;AdvancedElementProps=1;AdvancedFeatureProps=1;AdvancedConnectorProps=1;m_bElementClassifier=1;SPT=1;ShowNotes=0;SuppressBrackets=0;SuppConnectorLabels=0;PrintPageHeadFoot=0;ShowAsList=0;"/>
				<style2 value="ExcludeRTF=0;DocAll=0;HideQuals=0;AttPkg=1;ShowTests=0;ShowMaint=0;SuppressFOC=0;INT_ARGS=;INT_RET=;INT_ATT=;SeqTopMargin=50;MatrixActive=0;SwimlanesActive=1;KanbanActive=0;MatrixLineWidth=1;MatrixLineClr=0;MatrixLocked=0;TConnectorNotation=UML 2.1;TExplicitNavigability=0;AdvancedElementProps=1;AdvancedFeatureProps=1;AdvancedConnectorProps=1;m_bElementClassifier=1;SPT=1;MDGDgm=;STBLDgm=;ShowNotes=0;VisibleAttributeDetail=0;ShowOpRetType=1;SuppressBrackets=0;SuppConnectorLabels=0;PrintPageHeadFoot=0;ShowAsList=0;SuppressedCompartments=;Theme=:119;SaveTag=56D01039;"/>
				<swimlanes value="locked=false;orientation=0;width=0;inbar=false;names=false;color=-1;bold=false;fcol=0;tcol=-1;ofCol=-1;ufCol=-1;hl=0;ufh=0;hh=0;cls=0;bw=0;hli=0;SwimlaneFont=lfh:-10,lfw:0,lfi:0,lfu:0,lfs:0,lfface:Calibri,lfe:0,lfo:0,lfchar:1,lfop:0,lfcp:0,lfq:0,lfpf=0,lfWidth=0;"/>
				<matrixitems value="locked=false;matrixactive=false;swimlanesactive=true;kanbanactive=false;width=1;clrLine=0;"/>
				<extendedProperties/>
<elements>
<element geometry="Left=99;Top=50;Right=189;Bottom=390;" subject="EAID_9977D5D6_D839_4e85_9EF1_38844704F245" seqno="1" style="DUID=D5409A04;NSL=0;BCol=-1;BFol=-1;LCol=-1;LWth=-1;fontsz=0;bold=0;black=0;italic=0;ul=0;charset=0;pitch=0;"/>
<element geometry="Left=299;Top=50;Right=389;;Bottom=390;" subject="EAID_7183D05E_D892_423c_850E_OqCxAkBE0Pl3" seqno="2" style="DUID=D5409A04;NSL=0;BCol=-1;BFol=-1;LCol=-1;LWth=-1;fontsz=0;bold=0;black=0;italic=0;ul=0;charset=0;pitch=0;"/>
<element geometry="Left=499;Top=50;Right=589;;Bottom=390;" subject="EAID_7183D05E_D892_423c_850E_KslhYQSJ3itm" seqno="3" style="DUID=D5409A04;NSL=0;BCol=-1;BFol=-1;LCol=-1;LWth=-1;fontsz=0;bold=0;black=0;italic=0;ul=0;charset=0;pitch=0;"/>
<element geometry="Left=699;Top=50;Right=789;;Bottom=390;" subject="EAID_7183D05E_D892_423c_850E_gOeguAwjIBSa" seqno="4" style="DUID=D5409A04;NSL=0;BCol=-1;BFol=-1;LCol=-1;LWth=-1;fontsz=0;bold=0;black=0;italic=0;ul=0;charset=0;pitch=0;"/>
<element geometry="SX=0;SY=0;EX=0;EY=0;Path=;" subject="EAID_049D1FF1_0B97_41fb_AC69_41AF1BN664Zj" style=";Hidden=0;"/>
<element geometry="SX=0;SY=0;EX=0;EY=0;Path=;" subject="EAID_049D1FF1_0B97_41fb_AC69_41AFavmZBne0" style=";Hidden=0;"/>
<element geometry="SX=0;SY=0;EX=0;EY=0;Path=;" subject="EAID_049D1FF1_0B97_41fb_AC69_41AFM8FPtVTd" style=";Hidden=0;"/>
<element geometry="SX=0;SY=0;EX=0;EY=0;Path=;" subject="EAID_049D1FF1_0B97_41fb_AC69_41AF6jWXoqne" style=";Hidden=0;"/>
<element geometry="SX=0;SY=0;EX=0;EY=0;Path=;" subject="EAID_049D1FF1_0B97_41fb_AC69_41AFX5UuEq5f" style=";Hidden=0;"/>
<element geometry="SX=0;SY=0;EX=0;EY=0;Path=;" subject="EAID_049D1FF1_0B97_41fb_AC69_41AFavmZBne0" style=";Hidden=0;"/>
<element geometry="SX=0;SY=0;EX=0;EY=0;Path=;" subject="EAID_049D1FF1_0B97_41fb_AC69_41AFyAn3ffOc" style=";Hidden=0;"/>
</elements>
</diagram>

<diagram xmi:id="EAID_3E9162E8_3B10_4fb1_9A31_Rw7UcmHpPF00">
<model package="EAPK_0D4BE3DE_DBA4_430b_9F5D_2D1DC1F19C54" localID="26" owner="EAPK_0D4BE3DE_DBA4_430b_9F5D_2D1DC1F19C54" parent="EAID_586BCAF6_15CB_4a03_81A9_avmcosMzlBTf"/>
<properties name="use cases" type="Sequence"/>
<project author="HOME" version="1.0" created="2018-11-27 16:22:38" modified="2018-11-27 16:23:00"/>
				<style1 value="ShowPrivate=1;ShowProtected=1;ShowPublic=1;HideRelationships=0;Locked=0;Border=1;HighlightForeign=1;PackageContents=1;SequenceNotes=0;ScalePrintImage=0;PPgs.cx=0;PPgs.cy=0;DocSize.cx=850;DocSize.cy=1098;ShowDetails=0;Orientation=P;Zoom=100;ShowTags=0;OpParams=1;VisibleAttributeDetail=0;ShowOpRetType=1;ShowIcons=1;CollabNums=0;HideProps=0;ShowReqs=0;ShowCons=0;PaperSize=1;HideParents=0;UseAlias=0;HideAtts=0;HideOps=0;HideStereo=0;HideElemStereo=0;ShowTests=0;ShowMaint=0;ConnectorNotation=UML 2.1;ExplicitNavigability=0;ShowShape=1;AllDockable=0;AdvancedElementProps=1;AdvancedFeatureProps=1;AdvancedConnectorProps=1;m_bElementClassifier=1;SPT=1;ShowNotes=0;SuppressBrackets=0;SuppConnectorLabels=0;PrintPageHeadFoot=0;ShowAsList=0;"/>
				<style2 value="ExcludeRTF=0;DocAll=0;HideQuals=0;AttPkg=1;ShowTests=0;ShowMaint=0;SuppressFOC=0;INT_ARGS=;INT_RET=;INT_ATT=;SeqTopMargin=50;MatrixActive=0;SwimlanesActive=1;KanbanActive=0;MatrixLineWidth=1;MatrixLineClr=0;MatrixLocked=0;TConnectorNotation=UML 2.1;TExplicitNavigability=0;AdvancedElementProps=1;AdvancedFeatureProps=1;AdvancedConnectorProps=1;m_bElementClassifier=1;SPT=1;MDGDgm=;STBLDgm=;ShowNotes=0;VisibleAttributeDetail=0;ShowOpRetType=1;SuppressBrackets=0;SuppConnectorLabels=0;PrintPageHeadFoot=0;ShowAsList=0;SuppressedCompartments=;Theme=:119;SaveTag=56D01039;"/>
				<swimlanes value="locked=false;orientation=0;width=0;inbar=false;names=false;color=-1;bold=false;fcol=0;tcol=-1;ofCol=-1;ufCol=-1;hl=0;ufh=0;hh=0;cls=0;bw=0;hli=0;SwimlaneFont=lfh:-10,lfw:0,lfi:0,lfu:0,lfs:0,lfface:Calibri,lfe:0,lfo:0,lfchar:1,lfop:0,lfcp:0,lfq:0,lfpf=0,lfWidth=0;"/>
				<matrixitems value="locked=false;matrixactive=false;swimlanesactive=true;kanbanactive=false;width=1;clrLine=0;"/>
				<extendedProperties/>
<elements>
<element geometry="Left=99;Top=50;Right=189;Bottom=390;" subject="EAID_9977D5D6_D839_4e85_9EF1_F76WnWkYeKQb" seqno="1" style="DUID=D5409A04;NSL=0;BCol=-1;BFol=-1;LCol=-1;LWth=-1;fontsz=0;bold=0;black=0;italic=0;ul=0;charset=0;pitch=0;"/>
<element geometry="Left=299;Top=50;Right=389;;Bottom=390;" subject="EAID_7183D05E_D892_423c_850E_13v9wAtRlM9H" seqno="2" style="DUID=D5409A04;NSL=0;BCol=-1;BFol=-1;LCol=-1;LWth=-1;fontsz=0;bold=0;black=0;italic=0;ul=0;charset=0;pitch=0;"/>
<element geometry="Left=499;Top=50;Right=589;;Bottom=390;" subject="EAID_7183D05E_D892_423c_850E_C3fOfubSj9yb" seqno="3" style="DUID=D5409A04;NSL=0;BCol=-1;BFol=-1;LCol=-1;LWth=-1;fontsz=0;bold=0;black=0;italic=0;ul=0;charset=0;pitch=0;"/>
<element geometry="Left=699;Top=50;Right=789;;Bottom=390;" subject="EAID_7183D05E_D892_423c_850E_itQ5CPyBhyFs" seqno="4" style="DUID=D5409A04;NSL=0;BCol=-1;BFol=-1;LCol=-1;LWth=-1;fontsz=0;bold=0;black=0;italic=0;ul=0;charset=0;pitch=0;"/>
<element geometry="SX=0;SY=0;EX=0;EY=0;Path=;" subject="EAID_049D1FF1_0B97_41fb_AC69_41AF0swRt6Wa" style=";Hidden=0;"/>
<element geometry="SX=0;SY=0;EX=0;EY=0;Path=;" subject="EAID_049D1FF1_0B97_41fb_AC69_41AFuFSSg1D6" style=";Hidden=0;"/>
<element geometry="SX=0;SY=0;EX=0;EY=0;Path=;" subject="EAID_049D1FF1_0B97_41fb_AC69_41AFc0iDLzyC" style=";Hidden=0;"/>
<element geometry="SX=0;SY=0;EX=0;EY=0;Path=;" subject="EAID_049D1FF1_0B97_41fb_AC69_41AF8UpQC9Lj" style=";Hidden=0;"/>
<element geometry="SX=0;SY=0;EX=0;EY=0;Path=;" subject="EAID_049D1FF1_0B97_41fb_AC69_41AFGC1qZKfk" style=";Hidden=0;"/>
<element geometry="SX=0;SY=0;EX=0;EY=0;Path=;" subject="EAID_049D1FF1_0B97_41fb_AC69_41AFJdY3HRQ1" style=";Hidden=0;"/>
<element geometry="SX=0;SY=0;EX=0;EY=0;Path=;" subject="EAID_049D1FF1_0B97_41fb_AC69_41AFuFSSg1D6" style=";Hidden=0;"/>
<element geometry="SX=0;SY=0;EX=0;EY=0;Path=;" subject="EAID_049D1FF1_0B97_41fb_AC69_41AFk8z0r4sn" style=";Hidden=0;"/>
</elements>
</diagram>

<diagram xmi:id="EAID_3E9162E8_3B10_4fb1_9A31_49i6ez1ofSMD">
<model package="EAPK_0D4BE3DE_DBA4_430b_9F5D_2D1DC1F19C54" localID="27" owner="EAPK_0D4BE3DE_DBA4_430b_9F5D_2D1DC1F19C54" parent="EAID_586BCAF6_15CB_4a03_81A9_efRGVmVsF5AI"/>
<properties name="use cases" type="Sequence"/>
<project author="HOME" version="1.0" created="2018-11-27 16:22:38" modified="2018-11-27 16:23:00"/>
				<style1 value="ShowPrivate=1;ShowProtected=1;ShowPublic=1;HideRelationships=0;Locked=0;Border=1;HighlightForeign=1;PackageContents=1;SequenceNotes=0;ScalePrintImage=0;PPgs.cx=0;PPgs.cy=0;DocSize.cx=850;DocSize.cy=1098;ShowDetails=0;Orientation=P;Zoom=100;ShowTags=0;OpParams=1;VisibleAttributeDetail=0;ShowOpRetType=1;ShowIcons=1;CollabNums=0;HideProps=0;ShowReqs=0;ShowCons=0;PaperSize=1;HideParents=0;UseAlias=0;HideAtts=0;HideOps=0;HideStereo=0;HideElemStereo=0;ShowTests=0;ShowMaint=0;ConnectorNotation=UML 2.1;ExplicitNavigability=0;ShowShape=1;AllDockable=0;AdvancedElementProps=1;AdvancedFeatureProps=1;AdvancedConnectorProps=1;m_bElementClassifier=1;SPT=1;ShowNotes=0;SuppressBrackets=0;SuppConnectorLabels=0;PrintPageHeadFoot=0;ShowAsList=0;"/>
				<style2 value="ExcludeRTF=0;DocAll=0;HideQuals=0;AttPkg=1;ShowTests=0;ShowMaint=0;SuppressFOC=0;INT_ARGS=;INT_RET=;INT_ATT=;SeqTopMargin=50;MatrixActive=0;SwimlanesActive=1;KanbanActive=0;MatrixLineWidth=1;MatrixLineClr=0;MatrixLocked=0;TConnectorNotation=UML 2.1;TExplicitNavigability=0;AdvancedElementProps=1;AdvancedFeatureProps=1;AdvancedConnectorProps=1;m_bElementClassifier=1;SPT=1;MDGDgm=;STBLDgm=;ShowNotes=0;VisibleAttributeDetail=0;ShowOpRetType=1;SuppressBrackets=0;SuppConnectorLabels=0;PrintPageHeadFoot=0;ShowAsList=0;SuppressedCompartments=;Theme=:119;SaveTag=56D01039;"/>
				<swimlanes value="locked=false;orientation=0;width=0;inbar=false;names=false;color=-1;bold=false;fcol=0;tcol=-1;ofCol=-1;ufCol=-1;hl=0;ufh=0;hh=0;cls=0;bw=0;hli=0;SwimlaneFont=lfh:-10,lfw:0,lfi:0,lfu:0,lfs:0,lfface:Calibri,lfe:0,lfo:0,lfchar:1,lfop:0,lfcp:0,lfq:0,lfpf=0,lfWidth=0;"/>
				<matrixitems value="locked=false;matrixactive=false;swimlanesactive=true;kanbanactive=false;width=1;clrLine=0;"/>
				<extendedProperties/>
<elements>
<element geometry="Left=99;Top=50;Right=189;Bottom=390;" subject="EAID_9977D5D6_D839_4e85_9EF1_yVyniyOmraqP" seqno="1" style="DUID=D5409A04;NSL=0;BCol=-1;BFol=-1;LCol=-1;LWth=-1;fontsz=0;bold=0;black=0;italic=0;ul=0;charset=0;pitch=0;"/>
<element geometry="Left=299;Top=50;Right=389;;Bottom=390;" subject="EAID_7183D05E_D892_423c_850E_GCdKF1PTrMYr" seqno="2" style="DUID=D5409A04;NSL=0;BCol=-1;BFol=-1;LCol=-1;LWth=-1;fontsz=0;bold=0;black=0;italic=0;ul=0;charset=0;pitch=0;"/>
<element geometry="Left=499;Top=50;Right=589;;Bottom=390;" subject="EAID_7183D05E_D892_423c_850E_DCLMYfS1kVyq" seqno="3" style="DUID=D5409A04;NSL=0;BCol=-1;BFol=-1;LCol=-1;LWth=-1;fontsz=0;bold=0;black=0;italic=0;ul=0;charset=0;pitch=0;"/>
<element geometry="SX=0;SY=0;EX=0;EY=0;Path=;" subject="EAID_049D1FF1_0B97_41fb_AC69_41AFDhhLgVDv" style=";Hidden=0;"/>
<element geometry="SX=0;SY=0;EX=0;EY=0;Path=;" subject="EAID_049D1FF1_0B97_41fb_AC69_41AFEggVpayt" style=";Hidden=0;"/>
<element geometry="SX=0;SY=0;EX=0;EY=0;Path=;" subject="EAID_049D1FF1_0B97_41fb_AC69_41AFyYgOBhnF" style=";Hidden=0;"/>
<element geometry="SX=0;SY=0;EX=0;EY=0;Path=;" subject="EAID_049D1FF1_0B97_41fb_AC69_41AFdYN4I1o7" style=";Hidden=0;"/>
<element geometry="SX=0;SY=0;EX=0;EY=0;Path=;" subject="EAID_049D1FF1_0B97_41fb_AC69_41AFd8LUeO4j" style=";Hidden=0;"/>
<element geometry="SX=0;SY=0;EX=0;EY=0;Path=;" subject="EAID_049D1FF1_0B97_41fb_AC69_41AFRymB0Sqv" style=";Hidden=0;"/>
<element geometry="SX=0;SY=0;EX=0;EY=0;Path=;" subject="EAID_049D1FF1_0B97_41fb_AC69_41AFyYgOBhnF" style=";Hidden=0;"/>
<element geometry="SX=0;SY=0;EX=0;EY=0;Path=;" subject="EAID_049D1FF1_0B97_41fb_AC69_41AF3Fb4XE5n" style=";Hidden=0;"/>
</elements>
</diagram>

<diagram xmi:id="EAID_3E9162E8_3B10_4fb1_9A31_TW3i5El9hbos">
<model package="EAPK_0D4BE3DE_DBA4_430b_9F5D_2D1DC1F19C54" localID="28" owner="EAPK_0D4BE3DE_DBA4_430b_9F5D_2D1DC1F19C54" parent="EAID_586BCAF6_15CB_4a03_81A9_3nOsB1dnQxJ6"/>
<properties name="use cases" type="Sequence"/>
<project author="HOME" version="1.0" created="2018-11-27 16:22:38" modified="2018-11-27 16:23:00"/>
				<style1 value="ShowPrivate=1;ShowProtected=1;ShowPublic=1;HideRelationships=0;Locked=0;Border=1;HighlightForeign=1;PackageContents=1;SequenceNotes=0;ScalePrintImage=0;PPgs.cx=0;PPgs.cy=0;DocSize.cx=850;DocSize.cy=1098;ShowDetails=0;Orientation=P;Zoom=100;ShowTags=0;OpParams=1;VisibleAttributeDetail=0;ShowOpRetType=1;ShowIcons=1;CollabNums=0;HideProps=0;ShowReqs=0;ShowCons=0;PaperSize=1;HideParents=0;UseAlias=0;HideAtts=0;HideOps=0;HideStereo=0;HideElemStereo=0;ShowTests=0;ShowMaint=0;ConnectorNotation=UML 2.1;ExplicitNavigability=0;ShowShape=1;AllDockable=0;AdvancedElementProps=1;AdvancedFeatureProps=1;AdvancedConnectorProps=1;m_bElementClassifier=1;SPT=1;ShowNotes=0;SuppressBrackets=0;SuppConnectorLabels=0;PrintPageHeadFoot=0;ShowAsList=0;"/>
				<style2 value="ExcludeRTF=0;DocAll=0;HideQuals=0;AttPkg=1;ShowTests=0;ShowMaint=0;SuppressFOC=0;INT_ARGS=;INT_RET=;INT_ATT=;SeqTopMargin=50;MatrixActive=0;SwimlanesActive=1;KanbanActive=0;MatrixLineWidth=1;MatrixLineClr=0;MatrixLocked=0;TConnectorNotation=UML 2.1;TExplicitNavigability=0;AdvancedElementProps=1;AdvancedFeatureProps=1;AdvancedConnectorProps=1;m_bElementClassifier=1;SPT=1;MDGDgm=;STBLDgm=;ShowNotes=0;VisibleAttributeDetail=0;ShowOpRetType=1;SuppressBrackets=0;SuppConnectorLabels=0;PrintPageHeadFoot=0;ShowAsList=0;SuppressedCompartments=;Theme=:119;SaveTag=56D01039;"/>
				<swimlanes value="locked=false;orientation=0;width=0;inbar=false;names=false;color=-1;bold=false;fcol=0;tcol=-1;ofCol=-1;ufCol=-1;hl=0;ufh=0;hh=0;cls=0;bw=0;hli=0;SwimlaneFont=lfh:-10,lfw:0,lfi:0,lfu:0,lfs:0,lfface:Calibri,lfe:0,lfo:0,lfchar:1,lfop:0,lfcp:0,lfq:0,lfpf=0,lfWidth=0;"/>
				<matrixitems value="locked=false;matrixactive=false;swimlanesactive=true;kanbanactive=false;width=1;clrLine=0;"/>
				<extendedProperties/>
<elements>
<element geometry="Left=99;Top=50;Right=189;Bottom=390;" subject="EAID_9977D5D6_D839_4e85_9EF1_vdW1Se9NENMx" seqno="1" style="DUID=D5409A04;NSL=0;BCol=-1;BFol=-1;LCol=-1;LWth=-1;fontsz=0;bold=0;black=0;italic=0;ul=0;charset=0;pitch=0;"/>
<element geometry="Left=299;Top=50;Right=389;;Bottom=390;" subject="EAID_7183D05E_D892_423c_850E_BfwECrsbCPI6" seqno="2" style="DUID=D5409A04;NSL=0;BCol=-1;BFol=-1;LCol=-1;LWth=-1;fontsz=0;bold=0;black=0;italic=0;ul=0;charset=0;pitch=0;"/>
<element geometry="Left=499;Top=50;Right=589;;Bottom=390;" subject="EAID_7183D05E_D892_423c_850E_oj8gx7A0qFck" seqno="3" style="DUID=D5409A04;NSL=0;BCol=-1;BFol=-1;LCol=-1;LWth=-1;fontsz=0;bold=0;black=0;italic=0;ul=0;charset=0;pitch=0;"/>
<element geometry="Left=699;Top=50;Right=789;;Bottom=390;" subject="EAID_7183D05E_D892_423c_850E_LG3RvCnsFHXM" seqno="4" style="DUID=D5409A04;NSL=0;BCol=-1;BFol=-1;LCol=-1;LWth=-1;fontsz=0;bold=0;black=0;italic=0;ul=0;charset=0;pitch=0;"/>
<element geometry="Left=899;Top=50;Right=989;;Bottom=390;" subject="EAID_7183D05E_D892_423c_850E_D0VvAOdb9pT8" seqno="5" style="DUID=D5409A04;NSL=0;BCol=-1;BFol=-1;LCol=-1;LWth=-1;fontsz=0;bold=0;black=0;italic=0;ul=0;charset=0;pitch=0;"/>
<element geometry="SX=0;SY=0;EX=0;EY=0;Path=;" subject="EAID_049D1FF1_0B97_41fb_AC69_41AFQiyvcMr5" style=";Hidden=0;"/>
<element geometry="SX=0;SY=0;EX=0;EY=0;Path=;" subject="EAID_049D1FF1_0B97_41fb_AC69_41AFDBMsLIIY" style=";Hidden=0;"/>
<element geometry="SX=0;SY=0;EX=0;EY=0;Path=;" subject="EAID_049D1FF1_0B97_41fb_AC69_41AFlS1vg4ei" style=";Hidden=0;"/>
<element geometry="SX=0;SY=0;EX=0;EY=0;Path=;" subject="EAID_049D1FF1_0B97_41fb_AC69_41AFBAlLxCl2" style=";Hidden=0;"/>
<element geometry="SX=0;SY=0;EX=0;EY=0;Path=;" subject="EAID_049D1FF1_0B97_41fb_AC69_41AFfNTyQSvQ" style=";Hidden=0;"/>
<element geometry="SX=0;SY=0;EX=0;EY=0;Path=;" subject="EAID_049D1FF1_0B97_41fb_AC69_41AF99T3i4sy" style=";Hidden=0;"/>
<element geometry="SX=0;SY=0;EX=0;EY=0;Path=;" subject="EAID_049D1FF1_0B97_41fb_AC69_41AFlS1vg4ei" style=";Hidden=0;"/>
<element geometry="SX=0;SY=0;EX=0;EY=0;Path=;" subject="EAID_049D1FF1_0B97_41fb_AC69_41AFuNve4re4" style=";Hidden=0;"/>
<element geometry="SX=0;SY=0;EX=0;EY=0;Path=;" subject="EAID_049D1FF1_0B97_41fb_AC69_41AFBAlLxCl2" style=";Hidden=0;"/>
<element geometry="SX=0;SY=0;EX=0;EY=0;Path=;" subject="EAID_049D1FF1_0B97_41fb_AC69_41AFfNTyQSvQ" style=";Hidden=0;"/>
<element geometry="SX=0;SY=0;EX=0;EY=0;Path=;" subject="EAID_049D1FF1_0B97_41fb_AC69_41AF99T3i4sy" style=";Hidden=0;"/>
</elements>
</diagram>

<diagram xmi:id="EAID_3E9162E8_3B10_4fb1_9A31_62eqYLdtFQik">
<model package="EAPK_0D4BE3DE_DBA4_430b_9F5D_2D1DC1F19C54" localID="29" owner="EAPK_0D4BE3DE_DBA4_430b_9F5D_2D1DC1F19C54" parent="EAID_586BCAF6_15CB_4a03_81A9_tURBY6Zmnelt"/>
<properties name="use cases" type="Sequence"/>
<project author="HOME" version="1.0" created="2018-11-27 16:22:38" modified="2018-11-27 16:23:00"/>
				<style1 value="ShowPrivate=1;ShowProtected=1;ShowPublic=1;HideRelationships=0;Locked=0;Border=1;HighlightForeign=1;PackageContents=1;SequenceNotes=0;ScalePrintImage=0;PPgs.cx=0;PPgs.cy=0;DocSize.cx=850;DocSize.cy=1098;ShowDetails=0;Orientation=P;Zoom=100;ShowTags=0;OpParams=1;VisibleAttributeDetail=0;ShowOpRetType=1;ShowIcons=1;CollabNums=0;HideProps=0;ShowReqs=0;ShowCons=0;PaperSize=1;HideParents=0;UseAlias=0;HideAtts=0;HideOps=0;HideStereo=0;HideElemStereo=0;ShowTests=0;ShowMaint=0;ConnectorNotation=UML 2.1;ExplicitNavigability=0;ShowShape=1;AllDockable=0;AdvancedElementProps=1;AdvancedFeatureProps=1;AdvancedConnectorProps=1;m_bElementClassifier=1;SPT=1;ShowNotes=0;SuppressBrackets=0;SuppConnectorLabels=0;PrintPageHeadFoot=0;ShowAsList=0;"/>
				<style2 value="ExcludeRTF=0;DocAll=0;HideQuals=0;AttPkg=1;ShowTests=0;ShowMaint=0;SuppressFOC=0;INT_ARGS=;INT_RET=;INT_ATT=;SeqTopMargin=50;MatrixActive=0;SwimlanesActive=1;KanbanActive=0;MatrixLineWidth=1;MatrixLineClr=0;MatrixLocked=0;TConnectorNotation=UML 2.1;TExplicitNavigability=0;AdvancedElementProps=1;AdvancedFeatureProps=1;AdvancedConnectorProps=1;m_bElementClassifier=1;SPT=1;MDGDgm=;STBLDgm=;ShowNotes=0;VisibleAttributeDetail=0;ShowOpRetType=1;SuppressBrackets=0;SuppConnectorLabels=0;PrintPageHeadFoot=0;ShowAsList=0;SuppressedCompartments=;Theme=:119;SaveTag=56D01039;"/>
				<swimlanes value="locked=false;orientation=0;width=0;inbar=false;names=false;color=-1;bold=false;fcol=0;tcol=-1;ofCol=-1;ufCol=-1;hl=0;ufh=0;hh=0;cls=0;bw=0;hli=0;SwimlaneFont=lfh:-10,lfw:0,lfi:0,lfu:0,lfs:0,lfface:Calibri,lfe:0,lfo:0,lfchar:1,lfop:0,lfcp:0,lfq:0,lfpf=0,lfWidth=0;"/>
				<matrixitems value="locked=false;matrixactive=false;swimlanesactive=true;kanbanactive=false;width=1;clrLine=0;"/>
				<extendedProperties/>
<elements>
<element geometry="Left=99;Top=50;Right=189;Bottom=390;" subject="EAID_9977D5D6_D839_4e85_9EF1_VK20FGv1CADu" seqno="1" style="DUID=D5409A04;NSL=0;BCol=-1;BFol=-1;LCol=-1;LWth=-1;fontsz=0;bold=0;black=0;italic=0;ul=0;charset=0;pitch=0;"/>
<element geometry="Left=299;Top=50;Right=389;;Bottom=390;" subject="EAID_7183D05E_D892_423c_850E_8s5Nl2DBgy8Q" seqno="2" style="DUID=D5409A04;NSL=0;BCol=-1;BFol=-1;LCol=-1;LWth=-1;fontsz=0;bold=0;black=0;italic=0;ul=0;charset=0;pitch=0;"/>
<element geometry="Left=499;Top=50;Right=589;;Bottom=390;" subject="EAID_7183D05E_D892_423c_850E_jMPNdINmm9a2" seqno="3" style="DUID=D5409A04;NSL=0;BCol=-1;BFol=-1;LCol=-1;LWth=-1;fontsz=0;bold=0;black=0;italic=0;ul=0;charset=0;pitch=0;"/>
<element geometry="Left=699;Top=50;Right=789;;Bottom=390;" subject="EAID_7183D05E_D892_423c_850E_FMGQGgXgZ8yq" seqno="4" style="DUID=D5409A04;NSL=0;BCol=-1;BFol=-1;LCol=-1;LWth=-1;fontsz=0;bold=0;black=0;italic=0;ul=0;charset=0;pitch=0;"/>
<element geometry="SX=0;SY=0;EX=0;EY=0;Path=;" subject="EAID_049D1FF1_0B97_41fb_AC69_41AFktKrz7cc" style=";Hidden=0;"/>
<element geometry="SX=0;SY=0;EX=0;EY=0;Path=;" subject="EAID_049D1FF1_0B97_41fb_AC69_41AFlr08jwsj" style=";Hidden=0;"/>
<element geometry="SX=0;SY=0;EX=0;EY=0;Path=;" subject="EAID_049D1FF1_0B97_41fb_AC69_41AF566ppLtD" style=";Hidden=0;"/>
<element geometry="SX=0;SY=0;EX=0;EY=0;Path=;" subject="EAID_049D1FF1_0B97_41fb_AC69_41AFqMhHrhQ7" style=";Hidden=0;"/>
<element geometry="SX=0;SY=0;EX=0;EY=0;Path=;" subject="EAID_049D1FF1_0B97_41fb_AC69_41AF5yvuHCVL" style=";Hidden=0;"/>
<element geometry="SX=0;SY=0;EX=0;EY=0;Path=;" subject="EAID_049D1FF1_0B97_41fb_AC69_41AFlr08jwsj" style=";Hidden=0;"/>
<element geometry="SX=0;SY=0;EX=0;EY=0;Path=;" subject="EAID_049D1FF1_0B97_41fb_AC69_41AFwUGyLmzS" style=";Hidden=0;"/>
</elements>
</diagram>

<diagram xmi:id="EAID_3E9162E8_3B10_4fb1_9A31_WpjywhM42vzf">
<model package="EAPK_0D4BE3DE_DBA4_430b_9F5D_2D1DC1F19C54" localID="30" owner="EAPK_0D4BE3DE_DBA4_430b_9F5D_2D1DC1F19C54" parent="EAID_586BCAF6_15CB_4a03_81A9_dNWuuI81XyUw"/>
<properties name="use cases" type="Sequence"/>
<project author="HOME" version="1.0" created="2018-11-27 16:22:38" modified="2018-11-27 16:23:00"/>
				<style1 value="ShowPrivate=1;ShowProtected=1;ShowPublic=1;HideRelationships=0;Locked=0;Border=1;HighlightForeign=1;PackageContents=1;SequenceNotes=0;ScalePrintImage=0;PPgs.cx=0;PPgs.cy=0;DocSize.cx=850;DocSize.cy=1098;ShowDetails=0;Orientation=P;Zoom=100;ShowTags=0;OpParams=1;VisibleAttributeDetail=0;ShowOpRetType=1;ShowIcons=1;CollabNums=0;HideProps=0;ShowReqs=0;ShowCons=0;PaperSize=1;HideParents=0;UseAlias=0;HideAtts=0;HideOps=0;HideStereo=0;HideElemStereo=0;ShowTests=0;ShowMaint=0;ConnectorNotation=UML 2.1;ExplicitNavigability=0;ShowShape=1;AllDockable=0;AdvancedElementProps=1;AdvancedFeatureProps=1;AdvancedConnectorProps=1;m_bElementClassifier=1;SPT=1;ShowNotes=0;SuppressBrackets=0;SuppConnectorLabels=0;PrintPageHeadFoot=0;ShowAsList=0;"/>
				<style2 value="ExcludeRTF=0;DocAll=0;HideQuals=0;AttPkg=1;ShowTests=0;ShowMaint=0;SuppressFOC=0;INT_ARGS=;INT_RET=;INT_ATT=;SeqTopMargin=50;MatrixActive=0;SwimlanesActive=1;KanbanActive=0;MatrixLineWidth=1;MatrixLineClr=0;MatrixLocked=0;TConnectorNotation=UML 2.1;TExplicitNavigability=0;AdvancedElementProps=1;AdvancedFeatureProps=1;AdvancedConnectorProps=1;m_bElementClassifier=1;SPT=1;MDGDgm=;STBLDgm=;ShowNotes=0;VisibleAttributeDetail=0;ShowOpRetType=1;SuppressBrackets=0;SuppConnectorLabels=0;PrintPageHeadFoot=0;ShowAsList=0;SuppressedCompartments=;Theme=:119;SaveTag=56D01039;"/>
				<swimlanes value="locked=false;orientation=0;width=0;inbar=false;names=false;color=-1;bold=false;fcol=0;tcol=-1;ofCol=-1;ufCol=-1;hl=0;ufh=0;hh=0;cls=0;bw=0;hli=0;SwimlaneFont=lfh:-10,lfw:0,lfi:0,lfu:0,lfs:0,lfface:Calibri,lfe:0,lfo:0,lfchar:1,lfop:0,lfcp:0,lfq:0,lfpf=0,lfWidth=0;"/>
				<matrixitems value="locked=false;matrixactive=false;swimlanesactive=true;kanbanactive=false;width=1;clrLine=0;"/>
				<extendedProperties/>
<elements>
<element geometry="Left=99;Top=50;Right=189;Bottom=390;" subject="EAID_9977D5D6_D839_4e85_9EF1_pWKsgRHxxeio" seqno="1" style="DUID=D5409A04;NSL=0;BCol=-1;BFol=-1;LCol=-1;LWth=-1;fontsz=0;bold=0;black=0;italic=0;ul=0;charset=0;pitch=0;"/>
<element geometry="Left=299;Top=50;Right=389;;Bottom=390;" subject="EAID_7183D05E_D892_423c_850E_XuiiTH8AcXAG" seqno="2" style="DUID=D5409A04;NSL=0;BCol=-1;BFol=-1;LCol=-1;LWth=-1;fontsz=0;bold=0;black=0;italic=0;ul=0;charset=0;pitch=0;"/>
<element geometry="Left=499;Top=50;Right=589;;Bottom=390;" subject="EAID_7183D05E_D892_423c_850E_DFkl1t9feb2d" seqno="3" style="DUID=D5409A04;NSL=0;BCol=-1;BFol=-1;LCol=-1;LWth=-1;fontsz=0;bold=0;black=0;italic=0;ul=0;charset=0;pitch=0;"/>
<element geometry="Left=699;Top=50;Right=789;;Bottom=390;" subject="EAID_7183D05E_D892_423c_850E_Fzitw6wBVn7R" seqno="4" style="DUID=D5409A04;NSL=0;BCol=-1;BFol=-1;LCol=-1;LWth=-1;fontsz=0;bold=0;black=0;italic=0;ul=0;charset=0;pitch=0;"/>
<element geometry="SX=0;SY=0;EX=0;EY=0;Path=;" subject="EAID_049D1FF1_0B97_41fb_AC69_41AF4foMOSeZ" style=";Hidden=0;"/>
<element geometry="SX=0;SY=0;EX=0;EY=0;Path=;" subject="EAID_049D1FF1_0B97_41fb_AC69_41AFReNqKxdh" style=";Hidden=0;"/>
<element geometry="SX=0;SY=0;EX=0;EY=0;Path=;" subject="EAID_049D1FF1_0B97_41fb_AC69_41AFzV4vJXhX" style=";Hidden=0;"/>
<element geometry="SX=0;SY=0;EX=0;EY=0;Path=;" subject="EAID_049D1FF1_0B97_41fb_AC69_41AF9xmCdnHr" style=";Hidden=0;"/>
<element geometry="SX=0;SY=0;EX=0;EY=0;Path=;" subject="EAID_049D1FF1_0B97_41fb_AC69_41AFAmA7qsQI" style=";Hidden=0;"/>
<element geometry="SX=0;SY=0;EX=0;EY=0;Path=;" subject="EAID_049D1FF1_0B97_41fb_AC69_41AFRmNbeg2x" style=";Hidden=0;"/>
<element geometry="SX=0;SY=0;EX=0;EY=0;Path=;" subject="EAID_049D1FF1_0B97_41fb_AC69_41AFReNqKxdh" style=";Hidden=0;"/>
<element geometry="SX=0;SY=0;EX=0;EY=0;Path=;" subject="EAID_049D1FF1_0B97_41fb_AC69_41AFA0F1LDbG" style=";Hidden=0;"/>
</elements>
</diagram>

<diagram xmi:id="EAID_3E9162E8_3B10_4fb1_9A31_seclaUaljhAC">
<model package="EAPK_0D4BE3DE_DBA4_430b_9F5D_2D1DC1F19C54" localID="31" owner="EAPK_0D4BE3DE_DBA4_430b_9F5D_2D1DC1F19C54" parent="EAID_586BCAF6_15CB_4a03_81A9_BmnRVsS8RaHL"/>
<properties name="use cases" type="Sequence"/>
<project author="HOME" version="1.0" created="2018-11-27 16:22:38" modified="2018-11-27 16:23:00"/>
				<style1 value="ShowPrivate=1;ShowProtected=1;ShowPublic=1;HideRelationships=0;Locked=0;Border=1;HighlightForeign=1;PackageContents=1;SequenceNotes=0;ScalePrintImage=0;PPgs.cx=0;PPgs.cy=0;DocSize.cx=850;DocSize.cy=1098;ShowDetails=0;Orientation=P;Zoom=100;ShowTags=0;OpParams=1;VisibleAttributeDetail=0;ShowOpRetType=1;ShowIcons=1;CollabNums=0;HideProps=0;ShowReqs=0;ShowCons=0;PaperSize=1;HideParents=0;UseAlias=0;HideAtts=0;HideOps=0;HideStereo=0;HideElemStereo=0;ShowTests=0;ShowMaint=0;ConnectorNotation=UML 2.1;ExplicitNavigability=0;ShowShape=1;AllDockable=0;AdvancedElementProps=1;AdvancedFeatureProps=1;AdvancedConnectorProps=1;m_bElementClassifier=1;SPT=1;ShowNotes=0;SuppressBrackets=0;SuppConnectorLabels=0;PrintPageHeadFoot=0;ShowAsList=0;"/>
				<style2 value="ExcludeRTF=0;DocAll=0;HideQuals=0;AttPkg=1;ShowTests=0;ShowMaint=0;SuppressFOC=0;INT_ARGS=;INT_RET=;INT_ATT=;SeqTopMargin=50;MatrixActive=0;SwimlanesActive=1;KanbanActive=0;MatrixLineWidth=1;MatrixLineClr=0;MatrixLocked=0;TConnectorNotation=UML 2.1;TExplicitNavigability=0;AdvancedElementProps=1;AdvancedFeatureProps=1;AdvancedConnectorProps=1;m_bElementClassifier=1;SPT=1;MDGDgm=;STBLDgm=;ShowNotes=0;VisibleAttributeDetail=0;ShowOpRetType=1;SuppressBrackets=0;SuppConnectorLabels=0;PrintPageHeadFoot=0;ShowAsList=0;SuppressedCompartments=;Theme=:119;SaveTag=56D01039;"/>
				<swimlanes value="locked=false;orientation=0;width=0;inbar=false;names=false;color=-1;bold=false;fcol=0;tcol=-1;ofCol=-1;ufCol=-1;hl=0;ufh=0;hh=0;cls=0;bw=0;hli=0;SwimlaneFont=lfh:-10,lfw:0,lfi:0,lfu:0,lfs:0,lfface:Calibri,lfe:0,lfo:0,lfchar:1,lfop:0,lfcp:0,lfq:0,lfpf=0,lfWidth=0;"/>
				<matrixitems value="locked=false;matrixactive=false;swimlanesactive=true;kanbanactive=false;width=1;clrLine=0;"/>
				<extendedProperties/>
<elements>
<element geometry="Left=99;Top=50;Right=189;Bottom=390;" subject="EAID_9977D5D6_D839_4e85_9EF1_wK0TJPFGEIU3" seqno="1" style="DUID=D5409A04;NSL=0;BCol=-1;BFol=-1;LCol=-1;LWth=-1;fontsz=0;bold=0;black=0;italic=0;ul=0;charset=0;pitch=0;"/>
<element geometry="Left=299;Top=50;Right=389;;Bottom=390;" subject="EAID_7183D05E_D892_423c_850E_evyla4NPvtms" seqno="2" style="DUID=D5409A04;NSL=0;BCol=-1;BFol=-1;LCol=-1;LWth=-1;fontsz=0;bold=0;black=0;italic=0;ul=0;charset=0;pitch=0;"/>
<element geometry="Left=499;Top=50;Right=589;;Bottom=390;" subject="EAID_7183D05E_D892_423c_850E_ZJILS8L7jSyV" seqno="3" style="DUID=D5409A04;NSL=0;BCol=-1;BFol=-1;LCol=-1;LWth=-1;fontsz=0;bold=0;black=0;italic=0;ul=0;charset=0;pitch=0;"/>
<element geometry="SX=0;SY=0;EX=0;EY=0;Path=;" subject="EAID_049D1FF1_0B97_41fb_AC69_41AFTRDfwd5c" style=";Hidden=0;"/>
<element geometry="SX=0;SY=0;EX=0;EY=0;Path=;" subject="EAID_049D1FF1_0B97_41fb_AC69_41AFbGzaT7LJ" style=";Hidden=0;"/>
<element geometry="SX=0;SY=0;EX=0;EY=0;Path=;" subject="EAID_049D1FF1_0B97_41fb_AC69_41AFRYGhVtuU" style=";Hidden=0;"/>
<element geometry="SX=0;SY=0;EX=0;EY=0;Path=;" subject="EAID_049D1FF1_0B97_41fb_AC69_41AFgFVU7AyI" style=";Hidden=0;"/>
<element geometry="SX=0;SY=0;EX=0;EY=0;Path=;" subject="EAID_049D1FF1_0B97_41fb_AC69_41AFQ47peRK7" style=";Hidden=0;"/>
<element geometry="SX=0;SY=0;EX=0;EY=0;Path=;" subject="EAID_049D1FF1_0B97_41fb_AC69_41AFHHvDNytF" style=";Hidden=0;"/>
<element geometry="SX=0;SY=0;EX=0;EY=0;Path=;" subject="EAID_049D1FF1_0B97_41fb_AC69_41AFRYGhVtuU" style=";Hidden=0;"/>
<element geometry="SX=0;SY=0;EX=0;EY=0;Path=;" subject="EAID_049D1FF1_0B97_41fb_AC69_41AFpBPTd8lL" style=";Hidden=0;"/>
</elements>
</diagram>

<diagram xmi:id="EAID_3E9162E8_3B10_4fb1_9A31_zzQIUQqxVcmq">
<model package="EAPK_0D4BE3DE_DBA4_430b_9F5D_2D1DC1F19C54" localID="32" owner="EAPK_0D4BE3DE_DBA4_430b_9F5D_2D1DC1F19C54" parent="EAID_586BCAF6_15CB_4a03_81A9_4EjffQhVDIU7"/>
<properties name="use cases" type="Sequence"/>
<project author="HOME" version="1.0" created="2018-11-27 16:22:38" modified="2018-11-27 16:23:00"/>
				<style1 value="ShowPrivate=1;ShowProtected=1;ShowPublic=1;HideRelationships=0;Locked=0;Border=1;HighlightForeign=1;PackageContents=1;SequenceNotes=0;ScalePrintImage=0;PPgs.cx=0;PPgs.cy=0;DocSize.cx=850;DocSize.cy=1098;ShowDetails=0;Orientation=P;Zoom=100;ShowTags=0;OpParams=1;VisibleAttributeDetail=0;ShowOpRetType=1;ShowIcons=1;CollabNums=0;HideProps=0;ShowReqs=0;ShowCons=0;PaperSize=1;HideParents=0;UseAlias=0;HideAtts=0;HideOps=0;HideStereo=0;HideElemStereo=0;ShowTests=0;ShowMaint=0;ConnectorNotation=UML 2.1;ExplicitNavigability=0;ShowShape=1;AllDockable=0;AdvancedElementProps=1;AdvancedFeatureProps=1;AdvancedConnectorProps=1;m_bElementClassifier=1;SPT=1;ShowNotes=0;SuppressBrackets=0;SuppConnectorLabels=0;PrintPageHeadFoot=0;ShowAsList=0;"/>
				<style2 value="ExcludeRTF=0;DocAll=0;HideQuals=0;AttPkg=1;ShowTests=0;ShowMaint=0;SuppressFOC=0;INT_ARGS=;INT_RET=;INT_ATT=;SeqTopMargin=50;MatrixActive=0;SwimlanesActive=1;KanbanActive=0;MatrixLineWidth=1;MatrixLineClr=0;MatrixLocked=0;TConnectorNotation=UML 2.1;TExplicitNavigability=0;AdvancedElementProps=1;AdvancedFeatureProps=1;AdvancedConnectorProps=1;m_bElementClassifier=1;SPT=1;MDGDgm=;STBLDgm=;ShowNotes=0;VisibleAttributeDetail=0;ShowOpRetType=1;SuppressBrackets=0;SuppConnectorLabels=0;PrintPageHeadFoot=0;ShowAsList=0;SuppressedCompartments=;Theme=:119;SaveTag=56D01039;"/>
				<swimlanes value="locked=false;orientation=0;width=0;inbar=false;names=false;color=-1;bold=false;fcol=0;tcol=-1;ofCol=-1;ufCol=-1;hl=0;ufh=0;hh=0;cls=0;bw=0;hli=0;SwimlaneFont=lfh:-10,lfw:0,lfi:0,lfu:0,lfs:0,lfface:Calibri,lfe:0,lfo:0,lfchar:1,lfop:0,lfcp:0,lfq:0,lfpf=0,lfWidth=0;"/>
				<matrixitems value="locked=false;matrixactive=false;swimlanesactive=true;kanbanactive=false;width=1;clrLine=0;"/>
				<extendedProperties/>
<elements>
<element geometry="Left=99;Top=50;Right=189;Bottom=390;" subject="EAID_9977D5D6_D839_4e85_9EF1_MuPpFEFOivK7" seqno="1" style="DUID=D5409A04;NSL=0;BCol=-1;BFol=-1;LCol=-1;LWth=-1;fontsz=0;bold=0;black=0;italic=0;ul=0;charset=0;pitch=0;"/>
<element geometry="Left=299;Top=50;Right=389;;Bottom=390;" subject="EAID_7183D05E_D892_423c_850E_THoBF1hRExP0" seqno="2" style="DUID=D5409A04;NSL=0;BCol=-1;BFol=-1;LCol=-1;LWth=-1;fontsz=0;bold=0;black=0;italic=0;ul=0;charset=0;pitch=0;"/>
<element geometry="Left=499;Top=50;Right=589;;Bottom=390;" subject="EAID_7183D05E_D892_423c_850E_jN0uIwCRsp9W" seqno="3" style="DUID=D5409A04;NSL=0;BCol=-1;BFol=-1;LCol=-1;LWth=-1;fontsz=0;bold=0;black=0;italic=0;ul=0;charset=0;pitch=0;"/>
<element geometry="Left=699;Top=50;Right=789;;Bottom=390;" subject="EAID_7183D05E_D892_423c_850E_b0gYgsGpRVaP" seqno="4" style="DUID=D5409A04;NSL=0;BCol=-1;BFol=-1;LCol=-1;LWth=-1;fontsz=0;bold=0;black=0;italic=0;ul=0;charset=0;pitch=0;"/>
<element geometry="SX=0;SY=0;EX=0;EY=0;Path=;" subject="EAID_049D1FF1_0B97_41fb_AC69_41AFOGePCidG" style=";Hidden=0;"/>
<element geometry="SX=0;SY=0;EX=0;EY=0;Path=;" subject="EAID_049D1FF1_0B97_41fb_AC69_41AFt4maPjjG" style=";Hidden=0;"/>
<element geometry="SX=0;SY=0;EX=0;EY=0;Path=;" subject="EAID_049D1FF1_0B97_41fb_AC69_41AFEoLPX1wn" style=";Hidden=0;"/>
<element geometry="SX=0;SY=0;EX=0;EY=0;Path=;" subject="EAID_049D1FF1_0B97_41fb_AC69_41AFUB4txSoJ" style=";Hidden=0;"/>
<element geometry="SX=0;SY=0;EX=0;EY=0;Path=;" subject="EAID_049D1FF1_0B97_41fb_AC69_41AF0xWpkw2Y" style=";Hidden=0;"/>
<element geometry="SX=0;SY=0;EX=0;EY=0;Path=;" subject="EAID_049D1FF1_0B97_41fb_AC69_41AFFnM3GWpn" style=";Hidden=0;"/>
<element geometry="SX=0;SY=0;EX=0;EY=0;Path=;" subject="EAID_049D1FF1_0B97_41fb_AC69_41AFt4maPjjG" style=";Hidden=0;"/>
<element geometry="SX=0;SY=0;EX=0;EY=0;Path=;" subject="EAID_049D1FF1_0B97_41fb_AC69_41AF0QMyV9XC" style=";Hidden=0;"/>
</elements>
</diagram>

<diagram xmi:id="EAID_3E9162E8_3B10_4fb1_9A31_qmG2GFVFE040">
<model package="EAPK_0D4BE3DE_DBA4_430b_9F5D_2D1DC1F19C54" localID="33" owner="EAPK_0D4BE3DE_DBA4_430b_9F5D_2D1DC1F19C54" parent="EAID_586BCAF6_15CB_4a03_81A9_xjRUTuWYCiRs"/>
<properties name="use cases" type="Sequence"/>
<project author="HOME" version="1.0" created="2018-11-27 16:22:38" modified="2018-11-27 16:23:00"/>
				<style1 value="ShowPrivate=1;ShowProtected=1;ShowPublic=1;HideRelationships=0;Locked=0;Border=1;HighlightForeign=1;PackageContents=1;SequenceNotes=0;ScalePrintImage=0;PPgs.cx=0;PPgs.cy=0;DocSize.cx=850;DocSize.cy=1098;ShowDetails=0;Orientation=P;Zoom=100;ShowTags=0;OpParams=1;VisibleAttributeDetail=0;ShowOpRetType=1;ShowIcons=1;CollabNums=0;HideProps=0;ShowReqs=0;ShowCons=0;PaperSize=1;HideParents=0;UseAlias=0;HideAtts=0;HideOps=0;HideStereo=0;HideElemStereo=0;ShowTests=0;ShowMaint=0;ConnectorNotation=UML 2.1;ExplicitNavigability=0;ShowShape=1;AllDockable=0;AdvancedElementProps=1;AdvancedFeatureProps=1;AdvancedConnectorProps=1;m_bElementClassifier=1;SPT=1;ShowNotes=0;SuppressBrackets=0;SuppConnectorLabels=0;PrintPageHeadFoot=0;ShowAsList=0;"/>
				<style2 value="ExcludeRTF=0;DocAll=0;HideQuals=0;AttPkg=1;ShowTests=0;ShowMaint=0;SuppressFOC=0;INT_ARGS=;INT_RET=;INT_ATT=;SeqTopMargin=50;MatrixActive=0;SwimlanesActive=1;KanbanActive=0;MatrixLineWidth=1;MatrixLineClr=0;MatrixLocked=0;TConnectorNotation=UML 2.1;TExplicitNavigability=0;AdvancedElementProps=1;AdvancedFeatureProps=1;AdvancedConnectorProps=1;m_bElementClassifier=1;SPT=1;MDGDgm=;STBLDgm=;ShowNotes=0;VisibleAttributeDetail=0;ShowOpRetType=1;SuppressBrackets=0;SuppConnectorLabels=0;PrintPageHeadFoot=0;ShowAsList=0;SuppressedCompartments=;Theme=:119;SaveTag=56D01039;"/>
				<swimlanes value="locked=false;orientation=0;width=0;inbar=false;names=false;color=-1;bold=false;fcol=0;tcol=-1;ofCol=-1;ufCol=-1;hl=0;ufh=0;hh=0;cls=0;bw=0;hli=0;SwimlaneFont=lfh:-10,lfw:0,lfi:0,lfu:0,lfs:0,lfface:Calibri,lfe:0,lfo:0,lfchar:1,lfop:0,lfcp:0,lfq:0,lfpf=0,lfWidth=0;"/>
				<matrixitems value="locked=false;matrixactive=false;swimlanesactive=true;kanbanactive=false;width=1;clrLine=0;"/>
				<extendedProperties/>
<elements>
<element geometry="Left=99;Top=50;Right=189;Bottom=390;" subject="EAID_9977D5D6_D839_4e85_9EF1_IIwSALTDk6cT" seqno="1" style="DUID=D5409A04;NSL=0;BCol=-1;BFol=-1;LCol=-1;LWth=-1;fontsz=0;bold=0;black=0;italic=0;ul=0;charset=0;pitch=0;"/>
<element geometry="Left=299;Top=50;Right=389;;Bottom=390;" subject="EAID_7183D05E_D892_423c_850E_bybU39Q1mvD3" seqno="2" style="DUID=D5409A04;NSL=0;BCol=-1;BFol=-1;LCol=-1;LWth=-1;fontsz=0;bold=0;black=0;italic=0;ul=0;charset=0;pitch=0;"/>
<element geometry="Left=499;Top=50;Right=589;;Bottom=390;" subject="EAID_7183D05E_D892_423c_850E_cuiJ6jpDFyM6" seqno="3" style="DUID=D5409A04;NSL=0;BCol=-1;BFol=-1;LCol=-1;LWth=-1;fontsz=0;bold=0;black=0;italic=0;ul=0;charset=0;pitch=0;"/>
<element geometry="Left=699;Top=50;Right=789;;Bottom=390;" subject="EAID_7183D05E_D892_423c_850E_U5Q17f6ase5B" seqno="4" style="DUID=D5409A04;NSL=0;BCol=-1;BFol=-1;LCol=-1;LWth=-1;fontsz=0;bold=0;black=0;italic=0;ul=0;charset=0;pitch=0;"/>
<element geometry="SX=0;SY=0;EX=0;EY=0;Path=;" subject="EAID_049D1FF1_0B97_41fb_AC69_41AFMxZC9VRk" style=";Hidden=0;"/>
<element geometry="SX=0;SY=0;EX=0;EY=0;Path=;" subject="EAID_049D1FF1_0B97_41fb_AC69_41AF6QIxk5Wd" style=";Hidden=0;"/>
<element geometry="SX=0;SY=0;EX=0;EY=0;Path=;" subject="EAID_049D1FF1_0B97_41fb_AC69_41AFB2dW24zF" style=";Hidden=0;"/>
<element geometry="SX=0;SY=0;EX=0;EY=0;Path=;" subject="EAID_049D1FF1_0B97_41fb_AC69_41AFpIF7rufx" style=";Hidden=0;"/>
<element geometry="SX=0;SY=0;EX=0;EY=0;Path=;" subject="EAID_049D1FF1_0B97_41fb_AC69_41AFwFZMyEK7" style=";Hidden=0;"/>
<element geometry="SX=0;SY=0;EX=0;EY=0;Path=;" subject="EAID_049D1FF1_0B97_41fb_AC69_41AF6QIxk5Wd" style=";Hidden=0;"/>
<element geometry="SX=0;SY=0;EX=0;EY=0;Path=;" subject="EAID_049D1FF1_0B97_41fb_AC69_41AF0mcWsPs9" style=";Hidden=0;"/>
</elements>
</diagram>
</diagrams>
	</xmi:Extension></xmi:XMI>