<?xml version="1.0" encoding="windows-1252"?>
<xmi:XMI xmi:version="2.1" xmlns:uml="http://schema.omg.org/spec/UML/2.1" xmlns:xmi="http://schema.omg.org/spec/XMI/2.1">
	<xmi:Documentation exporter="Enterprise Architect" exporterVersion="6.5"/>
	<uml:Model xmi:type="uml:Model" name="EA_Model" visibility="public">
		<packagedElement xmi:type="uml:Package" xmi:id="EAPK_0D4BE3DE_DBA4_430b_9F5D_2D1DC1F19C54" name="use cases" visibility="public">
<packagedElement xmi:type="uml:UseCase" xmi:id="EAID_586BCAF6_15CB_4a03_81A9_EF34AE4B312B" name="Add Users1" visibility="public">
<nestedClassifier xmi:type="uml:Collaboration" xmi:id="EAID_CB000000_AF6_15CB_4a03_81A9_EF34AE4B312" name="EA_Collaboration1" visibility="public">
<ownedBehavior xmi:type="uml:Interaction" xmi:id="EAID_IN000000_AF6_15CB_4a03_81A9_EF34AE4B312" name="EA_Interaction1" visibility="public">
<lifeline xmi:type="uml:Lifeline" xmi:id="EAID_LL000000_D892_423c_850E_8109476FDED0" name="User" visibility="public" represents="EAID_AT000000_D892_423c_850E_8109476FDED0"/>
<lifeline xmi:type="uml:Lifeline" xmi:id="EAID_7183D05E_D892_423c_850E_9wE62q6cQJyi" name="Volunteer Application" visibility="public" represents="EAID_AT000000_D892_423c_850E_9wE62q6cQJyi"/>
<lifeline xmi:type="uml:Lifeline" xmi:id="EAID_7183D05E_D892_423c_850E_Ol8jS9MssEJ6" name="Homepage" visibility="public" represents="EAID_AT000000_D892_423c_850E_Ol8jS9MssEJ6"/>
<lifeline xmi:type="uml:Lifeline" xmi:id="EAID_7183D05E_D892_423c_850E_PwbWjVbaZQoF" name="Checkallrequiredinformation" visibility="public" represents="EAID_AT000000_D892_423c_850E_PwbWjVbaZQoF"/>
<fragment xmi:type="uml:OccurrenceSpecification" xmi:id="EAID_FR000002_D892_423c_850E_8109476FDED0" covered="EAID_LL000000_D892_423c_850E_8109476FDED0"/>
<fragment xmi:type="uml:OccurrenceSpecification" xmi:id="EAID_FR000003_D892_423c_850E_9wE62q6cQJyi" covered="EAID_7183D05E_D892_423c_850E_9wE62q6cQJyi"/>
<fragment xmi:type="uml:OccurrenceSpecification" xmi:id="EAID_FR000004_D892_423c_850E_9wE62q6cQJyi" covered="EAID_7183D05E_D892_423c_850E_9wE62q6cQJyi"/>
<fragment xmi:type="uml:OccurrenceSpecification" xmi:id="EAID_FR000005_D892_423c_850E_9wE62q6cQJyi" covered="EAID_7183D05E_D892_423c_850E_9wE62q6cQJyi"/>
<fragment xmi:type="uml:OccurrenceSpecification" xmi:id="EAID_FR000006_D892_423c_850E_9wE62q6cQJyi" covered="EAID_7183D05E_D892_423c_850E_9wE62q6cQJyi"/>
<fragment xmi:type="uml:OccurrenceSpecification" xmi:id="EAID_FR000007_D892_423c_850E_PwbWjVbaZQoF" covered="EAID_7183D05E_D892_423c_850E_PwbWjVbaZQoF"/>
<fragment xmi:type="uml:OccurrenceSpecification" xmi:id="EAID_FR000008_D892_423c_850E_PwbWjVbaZQoF" covered="EAID_7183D05E_D892_423c_850E_PwbWjVbaZQoF"/>
<fragment xmi:type="uml:OccurrenceSpecification" xmi:id="EAID_FR000009_D892_423c_850E_Ol8jS9MssEJ6" covered="EAID_7183D05E_D892_423c_850E_Ol8jS9MssEJ6"/>
<fragment xmi:type="uml:OccurrenceSpecification" xmi:id="EAID_FR0000010_D892_423c_850E_PwbWjVbaZQoF" covered="EAID_7183D05E_D892_423c_850E_PwbWjVbaZQoF"/>
<fragment xmi:type="uml:OccurrenceSpecification" xmi:id="EAID_FR0000011_D892_423c_850E_9wE62q6cQJyi" covered="EAID_7183D05E_D892_423c_850E_9wE62q6cQJyi"/>
<fragment xmi:type="uml:OccurrenceSpecification" xmi:id="EAID_FR0000012_D892_423c_850E_9wE62q6cQJyi" covered="EAID_7183D05E_D892_423c_850E_9wE62q6cQJyi"/>
<fragment xmi:type="uml:OccurrenceSpecification" xmi:id="EAID_FR0000013_D892_423c_850E_9wE62q6cQJyi" covered="EAID_7183D05E_D892_423c_850E_9wE62q6cQJyi"/>
<fragment xmi:type="uml:OccurrenceSpecification" xmi:id="EAID_FR0000014_D892_423c_850E_8109476FDED0" covered="EAID_LL000000_D892_423c_850E_8109476FDED0"/>
<fragment xmi:type="uml:OccurrenceSpecification" xmi:id="EAID_FR0000015_D892_423c_850E_Ol8jS9MssEJ6" covered="EAID_7183D05E_D892_423c_850E_Ol8jS9MssEJ6"/>
<message xmi:type="uml:Message" xmi:id="EAID_049D1FF1_0B97_41fb_AC69_41AFUenKbfhl" name="ViewvolunteerapplicationPage" messageKind="complete" messageSort="synchCall" sendEvent="EAID_FR0000014_D892_423c_850E_8109476FDED0" receiveEvent="EAID_FR0000013_D892_423c_850E_9wE62q6cQJyi"/>
<message xmi:type="uml:Message" xmi:id="EAID_049D1FF1_0B97_41fb_AC69_41AF1Mhzy1iA" name="Chooseoneofvolunteerapplication" messageKind="complete" messageSort="synchCall" sendEvent="EAID_FR0000013_D892_423c_850E_9wE62q6cQJyi" receiveEvent="EAID_FR0000013_D892_423c_850E_9wE62q6cQJyi"/>
<message xmi:type="uml:Message" xmi:id="EAID_049D1FF1_0B97_41fb_AC69_41AFkG3Sfg3u" name="Showconfirmationpage" messageKind="complete" messageSort="synchCall" sendEvent="EAID_FR0000013_D892_423c_850E_9wE62q6cQJyi" receiveEvent="EAID_FR0000010_D892_423c_850E_PwbWjVbaZQoF"/>
<message xmi:type="uml:Message" xmi:id="EAID_049D1FF1_0B97_41fb_AC69_41AFsb9sQ8Ei" name="Homepage" messageKind="complete" messageSort="synchCall" sendEvent="EAID_FR0000010_D892_423c_850E_PwbWjVbaZQoF" receiveEvent="EAID_FR0000015_D892_423c_850E_Ol8jS9MssEJ6"/>
<message xmi:type="uml:Message" xmi:id="EAID_049D1FF1_0B97_41fb_AC69_41AFGbrTvwSQ" name="ViewvolunteerapplicationPage" messageKind="complete" messageSort="synchCall" sendEvent="EAID_FR0000010_D892_423c_850E_PwbWjVbaZQoF" receiveEvent="EAID_FR0000013_D892_423c_850E_9wE62q6cQJyi"/>
<message xmi:type="uml:Message" xmi:id="EAID_049D1FF1_0B97_41fb_AC69_41AFUybxPT4G" name="Chooseoneofvolunteerapplication" messageKind="complete" messageSort="synchCall" sendEvent="EAID_FR0000013_D892_423c_850E_9wE62q6cQJyi" receiveEvent="EAID_FR0000013_D892_423c_850E_9wE62q6cQJyi"/>
<message xmi:type="uml:Message" xmi:id="EAID_049D1FF1_0B97_41fb_AC69_41AFIaVOfdcT" name="Homepage" messageKind="complete" messageSort="synchCall" sendEvent="EAID_FR0000014_D892_423c_850E_8109476FDED0" receiveEvent="EAID_FR0000015_D892_423c_850E_Ol8jS9MssEJ6"/>
</ownedBehavior>
<ownedAttribute xmi:type="uml:Property" xmi:id="EAID_AT000000_D892_423c_850E_9wE62q6cQJyi"/>
<ownedAttribute xmi:type="uml:Property" xmi:id="EAID_AT000000_D892_423c_850E_Ol8jS9MssEJ6"/>
<ownedAttribute xmi:type="uml:Property" xmi:id="EAID_AT000000_D892_423c_850E_PwbWjVbaZQoF"/>
<ownedAttribute xmi:type="uml:Property" xmi:id="EAID_AT000000_D892_423c_850E_8109476FDED0">
<type xmi:idref="EAID_9977D5D6_D839_4e85_9EF1_38844704F245"/>
					</ownedAttribute>
				</nestedClassifier>
			</packagedElement>
<packagedElement xmi:type="uml:Actor" xmi:id="EAID_9977D5D6_D839_4e85_9EF1_38844704F245" name="User" visibility="public"/>

<packagedElement xmi:type="uml:UseCase" xmi:id="EAID_586BCAF6_15CB_4a03_81A9_FL6oJ19Myx4L" name="Add Users2" visibility="public">
<nestedClassifier xmi:type="uml:Collaboration" xmi:id="EAID_CB000000_AF6_15CB_4a03_81A9_bJsPlYuyB5v" name="EA_Collaboration2" visibility="public">
<ownedBehavior xmi:type="uml:Interaction" xmi:id="EAID_IN000000_AF6_15CB_4a03_81A9_GSyHE5aO9QP" name="EA_Interaction2" visibility="public">
<lifeline xmi:type="uml:Lifeline" xmi:id="EAID_LL000000_D892_423c_850E_PwbWjVbaZQoF" name="User" visibility="public" represents="EAID_AT000000_D892_423c_850E_8109476FDED0"/>
<lifeline xmi:type="uml:Lifeline" xmi:id="EAID_7183D05E_D892_423c_850E_aAL79cjYWlNG" name="Volunteer" visibility="public" represents="EAID_AT000000_D892_423c_850E_aAL79cjYWlNG"/>
<lifeline xmi:type="uml:Lifeline" xmi:id="EAID_7183D05E_D892_423c_850E_wIctkOMpwwgL" name="Homepage" visibility="public" represents="EAID_AT000000_D892_423c_850E_wIctkOMpwwgL"/>
<lifeline xmi:type="uml:Lifeline" xmi:id="EAID_7183D05E_D892_423c_850E_b6SSYLVb59b8" name="Checkallrequiredinformation" visibility="public" represents="EAID_AT000000_D892_423c_850E_b6SSYLVb59b8"/>
<fragment xmi:type="uml:OccurrenceSpecification" xmi:id="EAID_FR000002_D892_423c_850E_PwbWjVbaZQoF" covered="EAID_LL000000_D892_423c_850E_PwbWjVbaZQoF"/>
<fragment xmi:type="uml:OccurrenceSpecification" xmi:id="EAID_FR000003_D892_423c_850E_aAL79cjYWlNG" covered="EAID_7183D05E_D892_423c_850E_aAL79cjYWlNG"/>
<fragment xmi:type="uml:OccurrenceSpecification" xmi:id="EAID_FR000004_D892_423c_850E_aAL79cjYWlNG" covered="EAID_7183D05E_D892_423c_850E_aAL79cjYWlNG"/>
<fragment xmi:type="uml:OccurrenceSpecification" xmi:id="EAID_FR000005_D892_423c_850E_b6SSYLVb59b8" covered="EAID_7183D05E_D892_423c_850E_b6SSYLVb59b8"/>
<fragment xmi:type="uml:OccurrenceSpecification" xmi:id="EAID_FR000006_D892_423c_850E_b6SSYLVb59b8" covered="EAID_7183D05E_D892_423c_850E_b6SSYLVb59b8"/>
<fragment xmi:type="uml:OccurrenceSpecification" xmi:id="EAID_FR000007_D892_423c_850E_b6SSYLVb59b8" covered="EAID_7183D05E_D892_423c_850E_b6SSYLVb59b8"/>
<fragment xmi:type="uml:OccurrenceSpecification" xmi:id="EAID_FR000008_D892_423c_850E_b6SSYLVb59b8" covered="EAID_7183D05E_D892_423c_850E_b6SSYLVb59b8"/>
<fragment xmi:type="uml:OccurrenceSpecification" xmi:id="EAID_FR000009_D892_423c_850E_b6SSYLVb59b8" covered="EAID_7183D05E_D892_423c_850E_b6SSYLVb59b8"/>
<fragment xmi:type="uml:OccurrenceSpecification" xmi:id="EAID_FR0000010_D892_423c_850E_b6SSYLVb59b8" covered="EAID_7183D05E_D892_423c_850E_b6SSYLVb59b8"/>
<fragment xmi:type="uml:OccurrenceSpecification" xmi:id="EAID_FR0000011_D892_423c_850E_wIctkOMpwwgL" covered="EAID_7183D05E_D892_423c_850E_wIctkOMpwwgL"/>
<fragment xmi:type="uml:OccurrenceSpecification" xmi:id="EAID_FR0000012_D892_423c_850E_b6SSYLVb59b8" covered="EAID_7183D05E_D892_423c_850E_b6SSYLVb59b8"/>
<fragment xmi:type="uml:OccurrenceSpecification" xmi:id="EAID_FR0000013_D892_423c_850E_aAL79cjYWlNG" covered="EAID_7183D05E_D892_423c_850E_aAL79cjYWlNG"/>
<fragment xmi:type="uml:OccurrenceSpecification" xmi:id="EAID_FR0000014_D892_423c_850E_aAL79cjYWlNG" covered="EAID_7183D05E_D892_423c_850E_aAL79cjYWlNG"/>
<fragment xmi:type="uml:OccurrenceSpecification" xmi:id="EAID_FR0000015_D892_423c_850E_b6SSYLVb59b8" covered="EAID_7183D05E_D892_423c_850E_b6SSYLVb59b8"/>
<fragment xmi:type="uml:OccurrenceSpecification" xmi:id="EAID_FR0000016_D892_423c_850E_PwbWjVbaZQoF" covered="EAID_LL000000_D892_423c_850E_PwbWjVbaZQoF"/>
<fragment xmi:type="uml:OccurrenceSpecification" xmi:id="EAID_FR0000017_D892_423c_850E_wIctkOMpwwgL" covered="EAID_7183D05E_D892_423c_850E_wIctkOMpwwgL"/>
<message xmi:type="uml:Message" xmi:id="EAID_049D1FF1_0B97_41fb_AC69_41AFbJu5wZZm" name="volunteersubmissionpage" messageKind="complete" messageSort="synchCall" sendEvent="EAID_FR0000016_D892_423c_850E_PwbWjVbaZQoF" receiveEvent="EAID_FR0000014_D892_423c_850E_aAL79cjYWlNG"/>
<message xmi:type="uml:Message" xmi:id="EAID_049D1FF1_0B97_41fb_AC69_41AFdMqxHNww" name="Filloutrequiredinformation" messageKind="complete" messageSort="synchCall" sendEvent="EAID_FR0000014_D892_423c_850E_aAL79cjYWlNG" receiveEvent="EAID_FR0000015_D892_423c_850E_b6SSYLVb59b8"/>
<message xmi:type="uml:Message" xmi:id="EAID_049D1FF1_0B97_41fb_AC69_41AFkW46JLMx" name="Checkallrequiredinformation" messageKind="complete" messageSort="synchCall" sendEvent="EAID_FR0000015_D892_423c_850E_b6SSYLVb59b8" receiveEvent="EAID_FR0000015_D892_423c_850E_b6SSYLVb59b8"/>
<message xmi:type="uml:Message" xmi:id="EAID_049D1FF1_0B97_41fb_AC69_41AFpLQFpKqX" name="Showconfirmationpage" messageKind="complete" messageSort="synchCall" sendEvent="EAID_FR0000015_D892_423c_850E_b6SSYLVb59b8" receiveEvent="EAID_FR0000015_D892_423c_850E_b6SSYLVb59b8"/>
<message xmi:type="uml:Message" xmi:id="EAID_049D1FF1_0B97_41fb_AC69_41AFvMJMXvN1" name="Homepage" messageKind="complete" messageSort="synchCall" sendEvent="EAID_FR0000015_D892_423c_850E_b6SSYLVb59b8" receiveEvent="EAID_FR0000017_D892_423c_850E_wIctkOMpwwgL"/>
<message xmi:type="uml:Message" xmi:id="EAID_049D1FF1_0B97_41fb_AC69_41AFhY8C3Jvg" name="volunteersubmissionpage" messageKind="complete" messageSort="synchCall" sendEvent="EAID_FR0000015_D892_423c_850E_b6SSYLVb59b8" receiveEvent="EAID_FR0000014_D892_423c_850E_aAL79cjYWlNG"/>
<message xmi:type="uml:Message" xmi:id="EAID_049D1FF1_0B97_41fb_AC69_41AF9r7meooo" name="Filloutrequiredinformation" messageKind="complete" messageSort="synchCall" sendEvent="EAID_FR0000014_D892_423c_850E_aAL79cjYWlNG" receiveEvent="EAID_FR0000015_D892_423c_850E_b6SSYLVb59b8"/>
<message xmi:type="uml:Message" xmi:id="EAID_049D1FF1_0B97_41fb_AC69_41AFYOAC4IjI" name="Homepage" messageKind="complete" messageSort="synchCall" sendEvent="EAID_FR0000016_D892_423c_850E_PwbWjVbaZQoF" receiveEvent="EAID_FR0000017_D892_423c_850E_wIctkOMpwwgL"/>
</ownedBehavior>
<ownedAttribute xmi:type="uml:Property" xmi:id="EAID_AT000000_D892_423c_850E_aAL79cjYWlNG"/>
<ownedAttribute xmi:type="uml:Property" xmi:id="EAID_AT000000_D892_423c_850E_wIctkOMpwwgL"/>
<ownedAttribute xmi:type="uml:Property" xmi:id="EAID_AT000000_D892_423c_850E_b6SSYLVb59b8"/>
<ownedAttribute xmi:type="uml:Property" xmi:id="EAID_AT000000_D892_423c_850E_8109476FDED0">
<type xmi:idref="EAID_9977D5D6_D839_4e85_9EF1_D7T0VLCaAfv9"/>
					</ownedAttribute>
				</nestedClassifier>
			</packagedElement>
<packagedElement xmi:type="uml:Actor" xmi:id="EAID_9977D5D6_D839_4e85_9EF1_D7T0VLCaAfv9" name="User" visibility="public"/>

<packagedElement xmi:type="uml:UseCase" xmi:id="EAID_586BCAF6_15CB_4a03_81A9_1WIfT9gXaJdv" name="Add Users3" visibility="public">
<nestedClassifier xmi:type="uml:Collaboration" xmi:id="EAID_CB000000_AF6_15CB_4a03_81A9_wDm6vrSKKbP" name="EA_Collaboration3" visibility="public">
<ownedBehavior xmi:type="uml:Interaction" xmi:id="EAID_IN000000_AF6_15CB_4a03_81A9_4zw4jr5GM5j" name="EA_Interaction3" visibility="public">
<lifeline xmi:type="uml:Lifeline" xmi:id="EAID_LL000000_D892_423c_850E_b6SSYLVb59b8" name="User" visibility="public" represents="EAID_AT000000_D892_423c_850E_8109476FDED0"/>
<lifeline xmi:type="uml:Lifeline" xmi:id="EAID_7183D05E_D892_423c_850E_lUiZk2dPWk2S" name="Homepage" visibility="public" represents="EAID_AT000000_D892_423c_850E_lUiZk2dPWk2S"/>
<lifeline xmi:type="uml:Lifeline" xmi:id="EAID_7183D05E_D892_423c_850E_AVBMcga3OZkK" name="Appointment" visibility="public" represents="EAID_AT000000_D892_423c_850E_AVBMcga3OZkK"/>
<fragment xmi:type="uml:OccurrenceSpecification" xmi:id="EAID_FR000002_D892_423c_850E_b6SSYLVb59b8" covered="EAID_LL000000_D892_423c_850E_b6SSYLVb59b8"/>
<fragment xmi:type="uml:OccurrenceSpecification" xmi:id="EAID_FR000003_D892_423c_850E_lUiZk2dPWk2S" covered="EAID_7183D05E_D892_423c_850E_lUiZk2dPWk2S"/>
<fragment xmi:type="uml:OccurrenceSpecification" xmi:id="EAID_FR000004_D892_423c_850E_b6SSYLVb59b8" covered="EAID_LL000000_D892_423c_850E_b6SSYLVb59b8"/>
<fragment xmi:type="uml:OccurrenceSpecification" xmi:id="EAID_FR000005_D892_423c_850E_AVBMcga3OZkK" covered="EAID_7183D05E_D892_423c_850E_AVBMcga3OZkK"/>
<fragment xmi:type="uml:OccurrenceSpecification" xmi:id="EAID_FR000006_D892_423c_850E_AVBMcga3OZkK" covered="EAID_7183D05E_D892_423c_850E_AVBMcga3OZkK"/>
<fragment xmi:type="uml:OccurrenceSpecification" xmi:id="EAID_FR000007_D892_423c_850E_AVBMcga3OZkK" covered="EAID_7183D05E_D892_423c_850E_AVBMcga3OZkK"/>
<fragment xmi:type="uml:OccurrenceSpecification" xmi:id="EAID_FR000008_D892_423c_850E_AVBMcga3OZkK" covered="EAID_7183D05E_D892_423c_850E_AVBMcga3OZkK"/>
<fragment xmi:type="uml:OccurrenceSpecification" xmi:id="EAID_FR000009_D892_423c_850E_AVBMcga3OZkK" covered="EAID_7183D05E_D892_423c_850E_AVBMcga3OZkK"/>
<fragment xmi:type="uml:OccurrenceSpecification" xmi:id="EAID_FR0000010_D892_423c_850E_AVBMcga3OZkK" covered="EAID_7183D05E_D892_423c_850E_AVBMcga3OZkK"/>
<fragment xmi:type="uml:OccurrenceSpecification" xmi:id="EAID_FR0000011_D892_423c_850E_lUiZk2dPWk2S" covered="EAID_7183D05E_D892_423c_850E_lUiZk2dPWk2S"/>
<fragment xmi:type="uml:OccurrenceSpecification" xmi:id="EAID_FR0000012_D892_423c_850E_lUiZk2dPWk2S" covered="EAID_7183D05E_D892_423c_850E_lUiZk2dPWk2S"/>
<fragment xmi:type="uml:OccurrenceSpecification" xmi:id="EAID_FR0000013_D892_423c_850E_AVBMcga3OZkK" covered="EAID_7183D05E_D892_423c_850E_AVBMcga3OZkK"/>
<fragment xmi:type="uml:OccurrenceSpecification" xmi:id="EAID_FR0000014_D892_423c_850E_AVBMcga3OZkK" covered="EAID_7183D05E_D892_423c_850E_AVBMcga3OZkK"/>
<fragment xmi:type="uml:OccurrenceSpecification" xmi:id="EAID_FR0000015_D892_423c_850E_AVBMcga3OZkK" covered="EAID_7183D05E_D892_423c_850E_AVBMcga3OZkK"/>
<fragment xmi:type="uml:OccurrenceSpecification" xmi:id="EAID_FR0000016_D892_423c_850E_lUiZk2dPWk2S" covered="EAID_7183D05E_D892_423c_850E_lUiZk2dPWk2S"/>
<fragment xmi:type="uml:OccurrenceSpecification" xmi:id="EAID_FR0000017_D892_423c_850E_lUiZk2dPWk2S" covered="EAID_7183D05E_D892_423c_850E_lUiZk2dPWk2S"/>
<message xmi:type="uml:Message" xmi:id="EAID_049D1FF1_0B97_41fb_AC69_41AFQiwwVpRK" name="Homepage" messageKind="complete" messageSort="synchCall" sendEvent="EAID_FR000004_D892_423c_850E_b6SSYLVb59b8" receiveEvent="EAID_FR0000017_D892_423c_850E_lUiZk2dPWk2S"/>
<message xmi:type="uml:Message" xmi:id="EAID_049D1FF1_0B97_41fb_AC69_41AF6cPIhcbj" name="CancelClientAppointment" messageKind="complete" messageSort="synchCall" sendEvent="EAID_FR000004_D892_423c_850E_b6SSYLVb59b8" receiveEvent="EAID_FR0000015_D892_423c_850E_AVBMcga3OZkK"/>
<message xmi:type="uml:Message" xmi:id="EAID_049D1FF1_0B97_41fb_AC69_41AFXDHEmQRT" name="Chooseoneofexistingappointments" messageKind="complete" messageSort="synchCall" sendEvent="EAID_FR0000015_D892_423c_850E_AVBMcga3OZkK" receiveEvent="EAID_FR0000015_D892_423c_850E_AVBMcga3OZkK"/>
<message xmi:type="uml:Message" xmi:id="EAID_049D1FF1_0B97_41fb_AC69_41AFAniR84iy" name="Removechosenappointment" messageKind="complete" messageSort="synchCall" sendEvent="EAID_FR0000015_D892_423c_850E_AVBMcga3OZkK" receiveEvent="EAID_FR0000015_D892_423c_850E_AVBMcga3OZkK"/>
<message xmi:type="uml:Message" xmi:id="EAID_049D1FF1_0B97_41fb_AC69_41AFLSSWLGcE" name="Showconfirmationpage" messageKind="complete" messageSort="synchCall" sendEvent="EAID_FR0000015_D892_423c_850E_AVBMcga3OZkK" receiveEvent="EAID_FR0000017_D892_423c_850E_lUiZk2dPWk2S"/>
<message xmi:type="uml:Message" xmi:id="EAID_049D1FF1_0B97_41fb_AC69_41AF9CE5fAfs" name="CancelClientAppointment" messageKind="complete" messageSort="synchCall" sendEvent="EAID_FR0000017_D892_423c_850E_lUiZk2dPWk2S" receiveEvent="EAID_FR0000015_D892_423c_850E_AVBMcga3OZkK"/>
<message xmi:type="uml:Message" xmi:id="EAID_049D1FF1_0B97_41fb_AC69_41AFYqFU9s0G" name="Chooseoneofexistingappointments" messageKind="complete" messageSort="synchCall" sendEvent="EAID_FR0000015_D892_423c_850E_AVBMcga3OZkK" receiveEvent="EAID_FR0000015_D892_423c_850E_AVBMcga3OZkK"/>
<message xmi:type="uml:Message" xmi:id="EAID_049D1FF1_0B97_41fb_AC69_41AFzaZjV7OT" name="Homepage" messageKind="complete" messageSort="synchCall" sendEvent="EAID_FR0000017_D892_423c_850E_lUiZk2dPWk2S" receiveEvent="EAID_FR0000017_D892_423c_850E_lUiZk2dPWk2S"/>
</ownedBehavior>
<ownedAttribute xmi:type="uml:Property" xmi:id="EAID_AT000000_D892_423c_850E_lUiZk2dPWk2S"/>
<ownedAttribute xmi:type="uml:Property" xmi:id="EAID_AT000000_D892_423c_850E_AVBMcga3OZkK"/>
<ownedAttribute xmi:type="uml:Property" xmi:id="EAID_AT000000_D892_423c_850E_8109476FDED0">
<type xmi:idref="EAID_9977D5D6_D839_4e85_9EF1_I72Yp4Azl0eV"/>
					</ownedAttribute>
				</nestedClassifier>
			</packagedElement>
<packagedElement xmi:type="uml:Actor" xmi:id="EAID_9977D5D6_D839_4e85_9EF1_I72Yp4Azl0eV" name="User" visibility="public"/>

<packagedElement xmi:type="uml:UseCase" xmi:id="EAID_586BCAF6_15CB_4a03_81A9_3HXFtEj1vCup" name="Add Users4" visibility="public">
<nestedClassifier xmi:type="uml:Collaboration" xmi:id="EAID_CB000000_AF6_15CB_4a03_81A9_tZuh8Y3zfHO" name="EA_Collaboration4" visibility="public">
<ownedBehavior xmi:type="uml:Interaction" xmi:id="EAID_IN000000_AF6_15CB_4a03_81A9_6xzHbiglz19" name="EA_Interaction4" visibility="public">
<lifeline xmi:type="uml:Lifeline" xmi:id="EAID_LL000000_D892_423c_850E_AVBMcga3OZkK" name="User" visibility="public" represents="EAID_AT000000_D892_423c_850E_8109476FDED0"/>
<lifeline xmi:type="uml:Lifeline" xmi:id="EAID_7183D05E_D892_423c_850E_jF9wRqSzL5bl" name="Homepage" visibility="public" represents="EAID_AT000000_D892_423c_850E_jF9wRqSzL5bl"/>
<lifeline xmi:type="uml:Lifeline" xmi:id="EAID_7183D05E_D892_423c_850E_g700wqhJygk7" name="Client" visibility="public" represents="EAID_AT000000_D892_423c_850E_g700wqhJygk7"/>
<lifeline xmi:type="uml:Lifeline" xmi:id="EAID_7183D05E_D892_423c_850E_LOdyUI4z1bFa" name="Checkallrequiredinformation" visibility="public" represents="EAID_AT000000_D892_423c_850E_LOdyUI4z1bFa"/>
<lifeline xmi:type="uml:Lifeline" xmi:id="EAID_7183D05E_D892_423c_850E_c6vUTJj6zaqJ" name="Appointment" visibility="public" represents="EAID_AT000000_D892_423c_850E_c6vUTJj6zaqJ"/>
<fragment xmi:type="uml:OccurrenceSpecification" xmi:id="EAID_FR000002_D892_423c_850E_AVBMcga3OZkK" covered="EAID_LL000000_D892_423c_850E_AVBMcga3OZkK"/>
<fragment xmi:type="uml:OccurrenceSpecification" xmi:id="EAID_FR000003_D892_423c_850E_jF9wRqSzL5bl" covered="EAID_7183D05E_D892_423c_850E_jF9wRqSzL5bl"/>
<fragment xmi:type="uml:OccurrenceSpecification" xmi:id="EAID_FR000004_D892_423c_850E_AVBMcga3OZkK" covered="EAID_LL000000_D892_423c_850E_AVBMcga3OZkK"/>
<fragment xmi:type="uml:OccurrenceSpecification" xmi:id="EAID_FR000005_D892_423c_850E_g700wqhJygk7" covered="EAID_7183D05E_D892_423c_850E_g700wqhJygk7"/>
<fragment xmi:type="uml:OccurrenceSpecification" xmi:id="EAID_FR000006_D892_423c_850E_g700wqhJygk7" covered="EAID_7183D05E_D892_423c_850E_g700wqhJygk7"/>
<fragment xmi:type="uml:OccurrenceSpecification" xmi:id="EAID_FR000007_D892_423c_850E_c6vUTJj6zaqJ" covered="EAID_7183D05E_D892_423c_850E_c6vUTJj6zaqJ"/>
<fragment xmi:type="uml:OccurrenceSpecification" xmi:id="EAID_FR000008_D892_423c_850E_c6vUTJj6zaqJ" covered="EAID_7183D05E_D892_423c_850E_c6vUTJj6zaqJ"/>
<fragment xmi:type="uml:OccurrenceSpecification" xmi:id="EAID_FR000009_D892_423c_850E_LOdyUI4z1bFa" covered="EAID_7183D05E_D892_423c_850E_LOdyUI4z1bFa"/>
<fragment xmi:type="uml:OccurrenceSpecification" xmi:id="EAID_FR0000010_D892_423c_850E_LOdyUI4z1bFa" covered="EAID_7183D05E_D892_423c_850E_LOdyUI4z1bFa"/>
<fragment xmi:type="uml:OccurrenceSpecification" xmi:id="EAID_FR0000011_D892_423c_850E_jF9wRqSzL5bl" covered="EAID_7183D05E_D892_423c_850E_jF9wRqSzL5bl"/>
<fragment xmi:type="uml:OccurrenceSpecification" xmi:id="EAID_FR0000012_D892_423c_850E_LOdyUI4z1bFa" covered="EAID_7183D05E_D892_423c_850E_LOdyUI4z1bFa"/>
<fragment xmi:type="uml:OccurrenceSpecification" xmi:id="EAID_FR0000013_D892_423c_850E_g700wqhJygk7" covered="EAID_7183D05E_D892_423c_850E_g700wqhJygk7"/>
<fragment xmi:type="uml:OccurrenceSpecification" xmi:id="EAID_FR0000014_D892_423c_850E_g700wqhJygk7" covered="EAID_7183D05E_D892_423c_850E_g700wqhJygk7"/>
<fragment xmi:type="uml:OccurrenceSpecification" xmi:id="EAID_FR0000015_D892_423c_850E_c6vUTJj6zaqJ" covered="EAID_7183D05E_D892_423c_850E_c6vUTJj6zaqJ"/>
<fragment xmi:type="uml:OccurrenceSpecification" xmi:id="EAID_FR0000016_D892_423c_850E_c6vUTJj6zaqJ" covered="EAID_7183D05E_D892_423c_850E_c6vUTJj6zaqJ"/>
<fragment xmi:type="uml:OccurrenceSpecification" xmi:id="EAID_FR0000017_D892_423c_850E_c6vUTJj6zaqJ" covered="EAID_7183D05E_D892_423c_850E_c6vUTJj6zaqJ"/>
<fragment xmi:type="uml:OccurrenceSpecification" xmi:id="EAID_FR0000018_D892_423c_850E_c6vUTJj6zaqJ" covered="EAID_7183D05E_D892_423c_850E_c6vUTJj6zaqJ"/>
<fragment xmi:type="uml:OccurrenceSpecification" xmi:id="EAID_FR0000019_D892_423c_850E_LOdyUI4z1bFa" covered="EAID_7183D05E_D892_423c_850E_LOdyUI4z1bFa"/>
<fragment xmi:type="uml:OccurrenceSpecification" xmi:id="EAID_FR00000110_D892_423c_850E_LOdyUI4z1bFa" covered="EAID_7183D05E_D892_423c_850E_LOdyUI4z1bFa"/>
<fragment xmi:type="uml:OccurrenceSpecification" xmi:id="EAID_FR00000111_D892_423c_850E_jF9wRqSzL5bl" covered="EAID_7183D05E_D892_423c_850E_jF9wRqSzL5bl"/>
<fragment xmi:type="uml:OccurrenceSpecification" xmi:id="EAID_FR00000112_D892_423c_850E_LOdyUI4z1bFa" covered="EAID_7183D05E_D892_423c_850E_LOdyUI4z1bFa"/>
<fragment xmi:type="uml:OccurrenceSpecification" xmi:id="EAID_FR00000113_D892_423c_850E_g700wqhJygk7" covered="EAID_7183D05E_D892_423c_850E_g700wqhJygk7"/>
<message xmi:type="uml:Message" xmi:id="EAID_049D1FF1_0B97_41fb_AC69_41AFzuSBRipT" name="Homepage" messageKind="complete" messageSort="synchCall" sendEvent="EAID_FR000004_D892_423c_850E_AVBMcga3OZkK" receiveEvent="EAID_FR00000111_D892_423c_850E_jF9wRqSzL5bl"/>
<message xmi:type="uml:Message" xmi:id="EAID_049D1FF1_0B97_41fb_AC69_41AFmRjVywmw" name="ViewClientSchedulePage" messageKind="complete" messageSort="synchCall" sendEvent="EAID_FR000004_D892_423c_850E_AVBMcga3OZkK" receiveEvent="EAID_FR00000113_D892_423c_850E_g700wqhJygk7"/>
<message xmi:type="uml:Message" xmi:id="EAID_049D1FF1_0B97_41fb_AC69_41AFzEhYaVN2" name="Chooseoneofclientappointmentspreadsheet" messageKind="complete" messageSort="synchCall" sendEvent="EAID_FR00000113_D892_423c_850E_g700wqhJygk7" receiveEvent="EAID_FR0000018_D892_423c_850E_c6vUTJj6zaqJ"/>
<message xmi:type="uml:Message" xmi:id="EAID_049D1FF1_0B97_41fb_AC69_41AF3RmFy2jY" name="Showconfirmationpage" messageKind="complete" messageSort="synchCall" sendEvent="EAID_FR0000018_D892_423c_850E_c6vUTJj6zaqJ" receiveEvent="EAID_FR00000112_D892_423c_850E_LOdyUI4z1bFa"/>
<message xmi:type="uml:Message" xmi:id="EAID_049D1FF1_0B97_41fb_AC69_41AFdIeYnmlj" name="Homepage" messageKind="complete" messageSort="synchCall" sendEvent="EAID_FR00000112_D892_423c_850E_LOdyUI4z1bFa" receiveEvent="EAID_FR00000111_D892_423c_850E_jF9wRqSzL5bl"/>
<message xmi:type="uml:Message" xmi:id="EAID_049D1FF1_0B97_41fb_AC69_41AFIRmgaNnv" name="ViewClientSchedulePage" messageKind="complete" messageSort="synchCall" sendEvent="EAID_FR00000112_D892_423c_850E_LOdyUI4z1bFa" receiveEvent="EAID_FR00000113_D892_423c_850E_g700wqhJygk7"/>
<message xmi:type="uml:Message" xmi:id="EAID_049D1FF1_0B97_41fb_AC69_41AF40Lt4hy4" name="Chooseoneofclientappointmentspreadsheet" messageKind="complete" messageSort="synchCall" sendEvent="EAID_FR00000113_D892_423c_850E_g700wqhJygk7" receiveEvent="EAID_FR0000018_D892_423c_850E_c6vUTJj6zaqJ"/>
<message xmi:type="uml:Message" xmi:id="EAID_049D1FF1_0B97_41fb_AC69_41AFKwvVDclM" name="Removechosenappointment" messageKind="complete" messageSort="synchCall" sendEvent="EAID_FR0000018_D892_423c_850E_c6vUTJj6zaqJ" receiveEvent="EAID_FR0000018_D892_423c_850E_c6vUTJj6zaqJ"/>
<message xmi:type="uml:Message" xmi:id="EAID_049D1FF1_0B97_41fb_AC69_41AFZHFD81zi" name="Showconfirmationpage" messageKind="complete" messageSort="synchCall" sendEvent="EAID_FR0000018_D892_423c_850E_c6vUTJj6zaqJ" receiveEvent="EAID_FR00000112_D892_423c_850E_LOdyUI4z1bFa"/>
<message xmi:type="uml:Message" xmi:id="EAID_049D1FF1_0B97_41fb_AC69_41AFmao0bG8N" name="Homepage" messageKind="complete" messageSort="synchCall" sendEvent="EAID_FR00000112_D892_423c_850E_LOdyUI4z1bFa" receiveEvent="EAID_FR00000111_D892_423c_850E_jF9wRqSzL5bl"/>
<message xmi:type="uml:Message" xmi:id="EAID_049D1FF1_0B97_41fb_AC69_41AFJErXpNCW" name="ViewClientSchedulePage" messageKind="complete" messageSort="synchCall" sendEvent="EAID_FR00000112_D892_423c_850E_LOdyUI4z1bFa" receiveEvent="EAID_FR00000113_D892_423c_850E_g700wqhJygk7"/>
</ownedBehavior>
<ownedAttribute xmi:type="uml:Property" xmi:id="EAID_AT000000_D892_423c_850E_jF9wRqSzL5bl"/>
<ownedAttribute xmi:type="uml:Property" xmi:id="EAID_AT000000_D892_423c_850E_g700wqhJygk7"/>
<ownedAttribute xmi:type="uml:Property" xmi:id="EAID_AT000000_D892_423c_850E_LOdyUI4z1bFa"/>
<ownedAttribute xmi:type="uml:Property" xmi:id="EAID_AT000000_D892_423c_850E_c6vUTJj6zaqJ"/>
<ownedAttribute xmi:type="uml:Property" xmi:id="EAID_AT000000_D892_423c_850E_8109476FDED0">
<type xmi:idref="EAID_9977D5D6_D839_4e85_9EF1_EkVevZajYq8e"/>
					</ownedAttribute>
				</nestedClassifier>
			</packagedElement>
<packagedElement xmi:type="uml:Actor" xmi:id="EAID_9977D5D6_D839_4e85_9EF1_EkVevZajYq8e" name="User" visibility="public"/>

<packagedElement xmi:type="uml:UseCase" xmi:id="EAID_586BCAF6_15CB_4a03_81A9_kmXJjtn3RNmO" name="Add Users5" visibility="public">
<nestedClassifier xmi:type="uml:Collaboration" xmi:id="EAID_CB000000_AF6_15CB_4a03_81A9_OW8yOhVla5j" name="EA_Collaboration5" visibility="public">
<ownedBehavior xmi:type="uml:Interaction" xmi:id="EAID_IN000000_AF6_15CB_4a03_81A9_YqpaqUtOu5n" name="EA_Interaction5" visibility="public">
<lifeline xmi:type="uml:Lifeline" xmi:id="EAID_LL000000_D892_423c_850E_c6vUTJj6zaqJ" name="User" visibility="public" represents="EAID_AT000000_D892_423c_850E_8109476FDED0"/>
<lifeline xmi:type="uml:Lifeline" xmi:id="EAID_7183D05E_D892_423c_850E_1i1kaWPqe5sg" name="Volunteer" visibility="public" represents="EAID_AT000000_D892_423c_850E_1i1kaWPqe5sg"/>
<lifeline xmi:type="uml:Lifeline" xmi:id="EAID_7183D05E_D892_423c_850E_m4hL66rFRjpF" name="Homepage" visibility="public" represents="EAID_AT000000_D892_423c_850E_m4hL66rFRjpF"/>
<lifeline xmi:type="uml:Lifeline" xmi:id="EAID_7183D05E_D892_423c_850E_EDaO5UZYICUm" name="Checkallrequiredinformation" visibility="public" represents="EAID_AT000000_D892_423c_850E_EDaO5UZYICUm"/>
<fragment xmi:type="uml:OccurrenceSpecification" xmi:id="EAID_FR000002_D892_423c_850E_c6vUTJj6zaqJ" covered="EAID_LL000000_D892_423c_850E_c6vUTJj6zaqJ"/>
<fragment xmi:type="uml:OccurrenceSpecification" xmi:id="EAID_FR000003_D892_423c_850E_1i1kaWPqe5sg" covered="EAID_7183D05E_D892_423c_850E_1i1kaWPqe5sg"/>
<fragment xmi:type="uml:OccurrenceSpecification" xmi:id="EAID_FR000004_D892_423c_850E_1i1kaWPqe5sg" covered="EAID_7183D05E_D892_423c_850E_1i1kaWPqe5sg"/>
<fragment xmi:type="uml:OccurrenceSpecification" xmi:id="EAID_FR000005_D892_423c_850E_1i1kaWPqe5sg" covered="EAID_7183D05E_D892_423c_850E_1i1kaWPqe5sg"/>
<fragment xmi:type="uml:OccurrenceSpecification" xmi:id="EAID_FR000006_D892_423c_850E_1i1kaWPqe5sg" covered="EAID_7183D05E_D892_423c_850E_1i1kaWPqe5sg"/>
<fragment xmi:type="uml:OccurrenceSpecification" xmi:id="EAID_FR000007_D892_423c_850E_EDaO5UZYICUm" covered="EAID_7183D05E_D892_423c_850E_EDaO5UZYICUm"/>
<fragment xmi:type="uml:OccurrenceSpecification" xmi:id="EAID_FR000008_D892_423c_850E_EDaO5UZYICUm" covered="EAID_7183D05E_D892_423c_850E_EDaO5UZYICUm"/>
<fragment xmi:type="uml:OccurrenceSpecification" xmi:id="EAID_FR000009_D892_423c_850E_m4hL66rFRjpF" covered="EAID_7183D05E_D892_423c_850E_m4hL66rFRjpF"/>
<fragment xmi:type="uml:OccurrenceSpecification" xmi:id="EAID_FR0000010_D892_423c_850E_EDaO5UZYICUm" covered="EAID_7183D05E_D892_423c_850E_EDaO5UZYICUm"/>
<fragment xmi:type="uml:OccurrenceSpecification" xmi:id="EAID_FR0000011_D892_423c_850E_1i1kaWPqe5sg" covered="EAID_7183D05E_D892_423c_850E_1i1kaWPqe5sg"/>
<fragment xmi:type="uml:OccurrenceSpecification" xmi:id="EAID_FR0000012_D892_423c_850E_1i1kaWPqe5sg" covered="EAID_7183D05E_D892_423c_850E_1i1kaWPqe5sg"/>
<fragment xmi:type="uml:OccurrenceSpecification" xmi:id="EAID_FR0000013_D892_423c_850E_1i1kaWPqe5sg" covered="EAID_7183D05E_D892_423c_850E_1i1kaWPqe5sg"/>
<fragment xmi:type="uml:OccurrenceSpecification" xmi:id="EAID_FR0000014_D892_423c_850E_c6vUTJj6zaqJ" covered="EAID_LL000000_D892_423c_850E_c6vUTJj6zaqJ"/>
<fragment xmi:type="uml:OccurrenceSpecification" xmi:id="EAID_FR0000015_D892_423c_850E_m4hL66rFRjpF" covered="EAID_7183D05E_D892_423c_850E_m4hL66rFRjpF"/>
<message xmi:type="uml:Message" xmi:id="EAID_049D1FF1_0B97_41fb_AC69_41AFPGTZD3rJ" name="ViewvolunteerschedulePage" messageKind="complete" messageSort="synchCall" sendEvent="EAID_FR0000014_D892_423c_850E_c6vUTJj6zaqJ" receiveEvent="EAID_FR0000013_D892_423c_850E_1i1kaWPqe5sg"/>
<message xmi:type="uml:Message" xmi:id="EAID_049D1FF1_0B97_41fb_AC69_41AFUwrmv9cp" name="Chooseoneofvolunteerschedule" messageKind="complete" messageSort="synchCall" sendEvent="EAID_FR0000013_D892_423c_850E_1i1kaWPqe5sg" receiveEvent="EAID_FR0000013_D892_423c_850E_1i1kaWPqe5sg"/>
<message xmi:type="uml:Message" xmi:id="EAID_049D1FF1_0B97_41fb_AC69_41AFfgNbtvZe" name="Showconfirmationpage" messageKind="complete" messageSort="synchCall" sendEvent="EAID_FR0000013_D892_423c_850E_1i1kaWPqe5sg" receiveEvent="EAID_FR0000010_D892_423c_850E_EDaO5UZYICUm"/>
<message xmi:type="uml:Message" xmi:id="EAID_049D1FF1_0B97_41fb_AC69_41AFRTQ2Izhn" name="Homepage" messageKind="complete" messageSort="synchCall" sendEvent="EAID_FR0000010_D892_423c_850E_EDaO5UZYICUm" receiveEvent="EAID_FR0000015_D892_423c_850E_m4hL66rFRjpF"/>
<message xmi:type="uml:Message" xmi:id="EAID_049D1FF1_0B97_41fb_AC69_41AFjBjIdGKM" name="ViewvolunteerschedulePage" messageKind="complete" messageSort="synchCall" sendEvent="EAID_FR0000010_D892_423c_850E_EDaO5UZYICUm" receiveEvent="EAID_FR0000013_D892_423c_850E_1i1kaWPqe5sg"/>
<message xmi:type="uml:Message" xmi:id="EAID_049D1FF1_0B97_41fb_AC69_41AFhm1Lq7h7" name="Chooseoneofvolunteerschedule" messageKind="complete" messageSort="synchCall" sendEvent="EAID_FR0000013_D892_423c_850E_1i1kaWPqe5sg" receiveEvent="EAID_FR0000013_D892_423c_850E_1i1kaWPqe5sg"/>
<message xmi:type="uml:Message" xmi:id="EAID_049D1FF1_0B97_41fb_AC69_41AFlBL72QST" name="Homepage" messageKind="complete" messageSort="synchCall" sendEvent="EAID_FR0000014_D892_423c_850E_c6vUTJj6zaqJ" receiveEvent="EAID_FR0000015_D892_423c_850E_m4hL66rFRjpF"/>
</ownedBehavior>
<ownedAttribute xmi:type="uml:Property" xmi:id="EAID_AT000000_D892_423c_850E_1i1kaWPqe5sg"/>
<ownedAttribute xmi:type="uml:Property" xmi:id="EAID_AT000000_D892_423c_850E_m4hL66rFRjpF"/>
<ownedAttribute xmi:type="uml:Property" xmi:id="EAID_AT000000_D892_423c_850E_EDaO5UZYICUm"/>
<ownedAttribute xmi:type="uml:Property" xmi:id="EAID_AT000000_D892_423c_850E_8109476FDED0">
<type xmi:idref="EAID_9977D5D6_D839_4e85_9EF1_me0DfZpZ9J6q"/>
					</ownedAttribute>
				</nestedClassifier>
			</packagedElement>
<packagedElement xmi:type="uml:Actor" xmi:id="EAID_9977D5D6_D839_4e85_9EF1_me0DfZpZ9J6q" name="User" visibility="public"/>

<packagedElement xmi:type="uml:UseCase" xmi:id="EAID_586BCAF6_15CB_4a03_81A9_4vugVX2cqCQp" name="Add Users6" visibility="public">
<nestedClassifier xmi:type="uml:Collaboration" xmi:id="EAID_CB000000_AF6_15CB_4a03_81A9_alv2TXyPer5" name="EA_Collaboration6" visibility="public">
<ownedBehavior xmi:type="uml:Interaction" xmi:id="EAID_IN000000_AF6_15CB_4a03_81A9_4i813md1GHL" name="EA_Interaction6" visibility="public">
<lifeline xmi:type="uml:Lifeline" xmi:id="EAID_LL000000_D892_423c_850E_EDaO5UZYICUm" name="User" visibility="public" represents="EAID_AT000000_D892_423c_850E_8109476FDED0"/>
<lifeline xmi:type="uml:Lifeline" xmi:id="EAID_7183D05E_D892_423c_850E_qVyKrCoAkbE7" name="Appointment" visibility="public" represents="EAID_AT000000_D892_423c_850E_qVyKrCoAkbE7"/>
<lifeline xmi:type="uml:Lifeline" xmi:id="EAID_7183D05E_D892_423c_850E_srTkax10z8gJ" name="Homepage" visibility="public" represents="EAID_AT000000_D892_423c_850E_srTkax10z8gJ"/>
<lifeline xmi:type="uml:Lifeline" xmi:id="EAID_7183D05E_D892_423c_850E_Fp0TSlMEuFgo" name="Checktherequireinformation" visibility="public" represents="EAID_AT000000_D892_423c_850E_Fp0TSlMEuFgo"/>
<fragment xmi:type="uml:OccurrenceSpecification" xmi:id="EAID_FR000002_D892_423c_850E_EDaO5UZYICUm" covered="EAID_LL000000_D892_423c_850E_EDaO5UZYICUm"/>
<fragment xmi:type="uml:OccurrenceSpecification" xmi:id="EAID_FR000003_D892_423c_850E_qVyKrCoAkbE7" covered="EAID_7183D05E_D892_423c_850E_qVyKrCoAkbE7"/>
<fragment xmi:type="uml:OccurrenceSpecification" xmi:id="EAID_FR000004_D892_423c_850E_qVyKrCoAkbE7" covered="EAID_7183D05E_D892_423c_850E_qVyKrCoAkbE7"/>
<fragment xmi:type="uml:OccurrenceSpecification" xmi:id="EAID_FR000005_D892_423c_850E_Fp0TSlMEuFgo" covered="EAID_7183D05E_D892_423c_850E_Fp0TSlMEuFgo"/>
<fragment xmi:type="uml:OccurrenceSpecification" xmi:id="EAID_FR000006_D892_423c_850E_Fp0TSlMEuFgo" covered="EAID_7183D05E_D892_423c_850E_Fp0TSlMEuFgo"/>
<fragment xmi:type="uml:OccurrenceSpecification" xmi:id="EAID_FR000007_D892_423c_850E_Fp0TSlMEuFgo" covered="EAID_7183D05E_D892_423c_850E_Fp0TSlMEuFgo"/>
<fragment xmi:type="uml:OccurrenceSpecification" xmi:id="EAID_FR000008_D892_423c_850E_Fp0TSlMEuFgo" covered="EAID_7183D05E_D892_423c_850E_Fp0TSlMEuFgo"/>
<fragment xmi:type="uml:OccurrenceSpecification" xmi:id="EAID_FR000009_D892_423c_850E_Fp0TSlMEuFgo" covered="EAID_7183D05E_D892_423c_850E_Fp0TSlMEuFgo"/>
<fragment xmi:type="uml:OccurrenceSpecification" xmi:id="EAID_FR0000010_D892_423c_850E_Fp0TSlMEuFgo" covered="EAID_7183D05E_D892_423c_850E_Fp0TSlMEuFgo"/>
<fragment xmi:type="uml:OccurrenceSpecification" xmi:id="EAID_FR0000011_D892_423c_850E_srTkax10z8gJ" covered="EAID_7183D05E_D892_423c_850E_srTkax10z8gJ"/>
<fragment xmi:type="uml:OccurrenceSpecification" xmi:id="EAID_FR0000012_D892_423c_850E_Fp0TSlMEuFgo" covered="EAID_7183D05E_D892_423c_850E_Fp0TSlMEuFgo"/>
<fragment xmi:type="uml:OccurrenceSpecification" xmi:id="EAID_FR0000013_D892_423c_850E_qVyKrCoAkbE7" covered="EAID_7183D05E_D892_423c_850E_qVyKrCoAkbE7"/>
<fragment xmi:type="uml:OccurrenceSpecification" xmi:id="EAID_FR0000014_D892_423c_850E_qVyKrCoAkbE7" covered="EAID_7183D05E_D892_423c_850E_qVyKrCoAkbE7"/>
<fragment xmi:type="uml:OccurrenceSpecification" xmi:id="EAID_FR0000015_D892_423c_850E_Fp0TSlMEuFgo" covered="EAID_7183D05E_D892_423c_850E_Fp0TSlMEuFgo"/>
<fragment xmi:type="uml:OccurrenceSpecification" xmi:id="EAID_FR0000016_D892_423c_850E_EDaO5UZYICUm" covered="EAID_LL000000_D892_423c_850E_EDaO5UZYICUm"/>
<fragment xmi:type="uml:OccurrenceSpecification" xmi:id="EAID_FR0000017_D892_423c_850E_srTkax10z8gJ" covered="EAID_7183D05E_D892_423c_850E_srTkax10z8gJ"/>
<message xmi:type="uml:Message" xmi:id="EAID_049D1FF1_0B97_41fb_AC69_41AFPqeXIfI6" name="Makenewclientappointmentpage" messageKind="complete" messageSort="synchCall" sendEvent="EAID_FR0000016_D892_423c_850E_EDaO5UZYICUm" receiveEvent="EAID_FR0000014_D892_423c_850E_qVyKrCoAkbE7"/>
<message xmi:type="uml:Message" xmi:id="EAID_049D1FF1_0B97_41fb_AC69_41AFCJQe29wS" name="Enterrequiredinformationfornewclientappointment" messageKind="complete" messageSort="synchCall" sendEvent="EAID_FR0000014_D892_423c_850E_qVyKrCoAkbE7" receiveEvent="EAID_FR0000015_D892_423c_850E_Fp0TSlMEuFgo"/>
<message xmi:type="uml:Message" xmi:id="EAID_049D1FF1_0B97_41fb_AC69_41AFuFxkCHlr" name="Checktherequireinformation" messageKind="complete" messageSort="synchCall" sendEvent="EAID_FR0000015_D892_423c_850E_Fp0TSlMEuFgo" receiveEvent="EAID_FR0000015_D892_423c_850E_Fp0TSlMEuFgo"/>
<message xmi:type="uml:Message" xmi:id="EAID_049D1FF1_0B97_41fb_AC69_41AFRrXFzO6g" name="Showconfirmationpage" messageKind="complete" messageSort="synchCall" sendEvent="EAID_FR0000015_D892_423c_850E_Fp0TSlMEuFgo" receiveEvent="EAID_FR0000015_D892_423c_850E_Fp0TSlMEuFgo"/>
<message xmi:type="uml:Message" xmi:id="EAID_049D1FF1_0B97_41fb_AC69_41AFl3RtSd63" name="Homepage" messageKind="complete" messageSort="synchCall" sendEvent="EAID_FR0000015_D892_423c_850E_Fp0TSlMEuFgo" receiveEvent="EAID_FR0000017_D892_423c_850E_srTkax10z8gJ"/>
<message xmi:type="uml:Message" xmi:id="EAID_049D1FF1_0B97_41fb_AC69_41AFukHWEBsK" name="Makenewclientappointmentpage" messageKind="complete" messageSort="synchCall" sendEvent="EAID_FR0000015_D892_423c_850E_Fp0TSlMEuFgo" receiveEvent="EAID_FR0000014_D892_423c_850E_qVyKrCoAkbE7"/>
<message xmi:type="uml:Message" xmi:id="EAID_049D1FF1_0B97_41fb_AC69_41AFvR7V6bJv" name="Enterrequiredinformationfornewclientappointment" messageKind="complete" messageSort="synchCall" sendEvent="EAID_FR0000014_D892_423c_850E_qVyKrCoAkbE7" receiveEvent="EAID_FR0000015_D892_423c_850E_Fp0TSlMEuFgo"/>
<message xmi:type="uml:Message" xmi:id="EAID_049D1FF1_0B97_41fb_AC69_41AFiiGauFY9" name="Homepage" messageKind="complete" messageSort="synchCall" sendEvent="EAID_FR0000016_D892_423c_850E_EDaO5UZYICUm" receiveEvent="EAID_FR0000017_D892_423c_850E_srTkax10z8gJ"/>
</ownedBehavior>
<ownedAttribute xmi:type="uml:Property" xmi:id="EAID_AT000000_D892_423c_850E_qVyKrCoAkbE7"/>
<ownedAttribute xmi:type="uml:Property" xmi:id="EAID_AT000000_D892_423c_850E_srTkax10z8gJ"/>
<ownedAttribute xmi:type="uml:Property" xmi:id="EAID_AT000000_D892_423c_850E_Fp0TSlMEuFgo"/>
<ownedAttribute xmi:type="uml:Property" xmi:id="EAID_AT000000_D892_423c_850E_8109476FDED0">
<type xmi:idref="EAID_9977D5D6_D839_4e85_9EF1_eSuIwlyT6ztz"/>
					</ownedAttribute>
				</nestedClassifier>
			</packagedElement>
<packagedElement xmi:type="uml:Actor" xmi:id="EAID_9977D5D6_D839_4e85_9EF1_eSuIwlyT6ztz" name="User" visibility="public"/>

<packagedElement xmi:type="uml:UseCase" xmi:id="EAID_586BCAF6_15CB_4a03_81A9_AkwgxXqTSFYs" name="Add Users7" visibility="public">
<nestedClassifier xmi:type="uml:Collaboration" xmi:id="EAID_CB000000_AF6_15CB_4a03_81A9_SWCHtO56ZZC" name="EA_Collaboration7" visibility="public">
<ownedBehavior xmi:type="uml:Interaction" xmi:id="EAID_IN000000_AF6_15CB_4a03_81A9_iau8XekqBYh" name="EA_Interaction7" visibility="public">
<lifeline xmi:type="uml:Lifeline" xmi:id="EAID_LL000000_D892_423c_850E_Fp0TSlMEuFgo" name="User" visibility="public" represents="EAID_AT000000_D892_423c_850E_8109476FDED0"/>
<lifeline xmi:type="uml:Lifeline" xmi:id="EAID_7183D05E_D892_423c_850E_ZO4KSJPpthRd" name="Homepage" visibility="public" represents="EAID_AT000000_D892_423c_850E_ZO4KSJPpthRd"/>
<lifeline xmi:type="uml:Lifeline" xmi:id="EAID_7183D05E_D892_423c_850E_oOD4CB6BmceP" name="Appointment" visibility="public" represents="EAID_AT000000_D892_423c_850E_oOD4CB6BmceP"/>
<fragment xmi:type="uml:OccurrenceSpecification" xmi:id="EAID_FR000002_D892_423c_850E_Fp0TSlMEuFgo" covered="EAID_LL000000_D892_423c_850E_Fp0TSlMEuFgo"/>
<fragment xmi:type="uml:OccurrenceSpecification" xmi:id="EAID_FR000003_D892_423c_850E_ZO4KSJPpthRd" covered="EAID_7183D05E_D892_423c_850E_ZO4KSJPpthRd"/>
<fragment xmi:type="uml:OccurrenceSpecification" xmi:id="EAID_FR000004_D892_423c_850E_Fp0TSlMEuFgo" covered="EAID_LL000000_D892_423c_850E_Fp0TSlMEuFgo"/>
<fragment xmi:type="uml:OccurrenceSpecification" xmi:id="EAID_FR000005_D892_423c_850E_oOD4CB6BmceP" covered="EAID_7183D05E_D892_423c_850E_oOD4CB6BmceP"/>
<fragment xmi:type="uml:OccurrenceSpecification" xmi:id="EAID_FR000006_D892_423c_850E_oOD4CB6BmceP" covered="EAID_7183D05E_D892_423c_850E_oOD4CB6BmceP"/>
<fragment xmi:type="uml:OccurrenceSpecification" xmi:id="EAID_FR000007_D892_423c_850E_oOD4CB6BmceP" covered="EAID_7183D05E_D892_423c_850E_oOD4CB6BmceP"/>
<fragment xmi:type="uml:OccurrenceSpecification" xmi:id="EAID_FR000008_D892_423c_850E_oOD4CB6BmceP" covered="EAID_7183D05E_D892_423c_850E_oOD4CB6BmceP"/>
<fragment xmi:type="uml:OccurrenceSpecification" xmi:id="EAID_FR000009_D892_423c_850E_oOD4CB6BmceP" covered="EAID_7183D05E_D892_423c_850E_oOD4CB6BmceP"/>
<fragment xmi:type="uml:OccurrenceSpecification" xmi:id="EAID_FR0000010_D892_423c_850E_oOD4CB6BmceP" covered="EAID_7183D05E_D892_423c_850E_oOD4CB6BmceP"/>
<fragment xmi:type="uml:OccurrenceSpecification" xmi:id="EAID_FR0000011_D892_423c_850E_ZO4KSJPpthRd" covered="EAID_7183D05E_D892_423c_850E_ZO4KSJPpthRd"/>
<fragment xmi:type="uml:OccurrenceSpecification" xmi:id="EAID_FR0000012_D892_423c_850E_ZO4KSJPpthRd" covered="EAID_7183D05E_D892_423c_850E_ZO4KSJPpthRd"/>
<fragment xmi:type="uml:OccurrenceSpecification" xmi:id="EAID_FR0000013_D892_423c_850E_oOD4CB6BmceP" covered="EAID_7183D05E_D892_423c_850E_oOD4CB6BmceP"/>
<fragment xmi:type="uml:OccurrenceSpecification" xmi:id="EAID_FR0000014_D892_423c_850E_oOD4CB6BmceP" covered="EAID_7183D05E_D892_423c_850E_oOD4CB6BmceP"/>
<fragment xmi:type="uml:OccurrenceSpecification" xmi:id="EAID_FR0000015_D892_423c_850E_oOD4CB6BmceP" covered="EAID_7183D05E_D892_423c_850E_oOD4CB6BmceP"/>
<fragment xmi:type="uml:OccurrenceSpecification" xmi:id="EAID_FR0000016_D892_423c_850E_ZO4KSJPpthRd" covered="EAID_7183D05E_D892_423c_850E_ZO4KSJPpthRd"/>
<fragment xmi:type="uml:OccurrenceSpecification" xmi:id="EAID_FR0000017_D892_423c_850E_ZO4KSJPpthRd" covered="EAID_7183D05E_D892_423c_850E_ZO4KSJPpthRd"/>
<message xmi:type="uml:Message" xmi:id="EAID_049D1FF1_0B97_41fb_AC69_41AFylQIeYtG" name="Homepage" messageKind="complete" messageSort="synchCall" sendEvent="EAID_FR000004_D892_423c_850E_Fp0TSlMEuFgo" receiveEvent="EAID_FR0000017_D892_423c_850E_ZO4KSJPpthRd"/>
<message xmi:type="uml:Message" xmi:id="EAID_049D1FF1_0B97_41fb_AC69_41AFeCpKW6Op" name="CancelVolunteerAppointment" messageKind="complete" messageSort="synchCall" sendEvent="EAID_FR000004_D892_423c_850E_Fp0TSlMEuFgo" receiveEvent="EAID_FR0000015_D892_423c_850E_oOD4CB6BmceP"/>
<message xmi:type="uml:Message" xmi:id="EAID_049D1FF1_0B97_41fb_AC69_41AFLxAELv2l" name="Chooseoneofexistingappointments" messageKind="complete" messageSort="synchCall" sendEvent="EAID_FR0000015_D892_423c_850E_oOD4CB6BmceP" receiveEvent="EAID_FR0000015_D892_423c_850E_oOD4CB6BmceP"/>
<message xmi:type="uml:Message" xmi:id="EAID_049D1FF1_0B97_41fb_AC69_41AFdf2XvBJp" name="Removechosenappointment" messageKind="complete" messageSort="synchCall" sendEvent="EAID_FR0000015_D892_423c_850E_oOD4CB6BmceP" receiveEvent="EAID_FR0000015_D892_423c_850E_oOD4CB6BmceP"/>
<message xmi:type="uml:Message" xmi:id="EAID_049D1FF1_0B97_41fb_AC69_41AF6zcHfvdP" name="Showconfirmationpage" messageKind="complete" messageSort="synchCall" sendEvent="EAID_FR0000015_D892_423c_850E_oOD4CB6BmceP" receiveEvent="EAID_FR0000017_D892_423c_850E_ZO4KSJPpthRd"/>
<message xmi:type="uml:Message" xmi:id="EAID_049D1FF1_0B97_41fb_AC69_41AF6PTiJ1B7" name="CancelVolunteerAppointment" messageKind="complete" messageSort="synchCall" sendEvent="EAID_FR0000017_D892_423c_850E_ZO4KSJPpthRd" receiveEvent="EAID_FR0000015_D892_423c_850E_oOD4CB6BmceP"/>
<message xmi:type="uml:Message" xmi:id="EAID_049D1FF1_0B97_41fb_AC69_41AFOIoDaE4D" name="Chooseoneofexistingappointments" messageKind="complete" messageSort="synchCall" sendEvent="EAID_FR0000015_D892_423c_850E_oOD4CB6BmceP" receiveEvent="EAID_FR0000015_D892_423c_850E_oOD4CB6BmceP"/>
<message xmi:type="uml:Message" xmi:id="EAID_049D1FF1_0B97_41fb_AC69_41AFyiHNaBIc" name="Homepage" messageKind="complete" messageSort="synchCall" sendEvent="EAID_FR0000017_D892_423c_850E_ZO4KSJPpthRd" receiveEvent="EAID_FR0000017_D892_423c_850E_ZO4KSJPpthRd"/>
</ownedBehavior>
<ownedAttribute xmi:type="uml:Property" xmi:id="EAID_AT000000_D892_423c_850E_ZO4KSJPpthRd"/>
<ownedAttribute xmi:type="uml:Property" xmi:id="EAID_AT000000_D892_423c_850E_oOD4CB6BmceP"/>
<ownedAttribute xmi:type="uml:Property" xmi:id="EAID_AT000000_D892_423c_850E_8109476FDED0">
<type xmi:idref="EAID_9977D5D6_D839_4e85_9EF1_J6mvhVKj8TIe"/>
					</ownedAttribute>
				</nestedClassifier>
			</packagedElement>
<packagedElement xmi:type="uml:Actor" xmi:id="EAID_9977D5D6_D839_4e85_9EF1_J6mvhVKj8TIe" name="User" visibility="public"/>

<packagedElement xmi:type="uml:UseCase" xmi:id="EAID_586BCAF6_15CB_4a03_81A9_Nt0wLRd6ENdX" name="Add Users8" visibility="public">
<nestedClassifier xmi:type="uml:Collaboration" xmi:id="EAID_CB000000_AF6_15CB_4a03_81A9_QomWHW4JNvP" name="EA_Collaboration8" visibility="public">
<ownedBehavior xmi:type="uml:Interaction" xmi:id="EAID_IN000000_AF6_15CB_4a03_81A9_9eVYA1nYJbR" name="EA_Interaction8" visibility="public">
<lifeline xmi:type="uml:Lifeline" xmi:id="EAID_LL000000_D892_423c_850E_oOD4CB6BmceP" name="User" visibility="public" represents="EAID_AT000000_D892_423c_850E_8109476FDED0"/>
<lifeline xmi:type="uml:Lifeline" xmi:id="EAID_7183D05E_D892_423c_850E_2knWkgk0e8qj" name="Appointment" visibility="public" represents="EAID_AT000000_D892_423c_850E_2knWkgk0e8qj"/>
<lifeline xmi:type="uml:Lifeline" xmi:id="EAID_7183D05E_D892_423c_850E_wfSJMvkrfKFr" name="Homepage" visibility="public" represents="EAID_AT000000_D892_423c_850E_wfSJMvkrfKFr"/>
<lifeline xmi:type="uml:Lifeline" xmi:id="EAID_7183D05E_D892_423c_850E_7iWALWDsJX3O" name="Chooseoneofavailabletimeslots" visibility="public" represents="EAID_AT000000_D892_423c_850E_7iWALWDsJX3O"/>
<fragment xmi:type="uml:OccurrenceSpecification" xmi:id="EAID_FR000002_D892_423c_850E_oOD4CB6BmceP" covered="EAID_LL000000_D892_423c_850E_oOD4CB6BmceP"/>
<fragment xmi:type="uml:OccurrenceSpecification" xmi:id="EAID_FR000003_D892_423c_850E_2knWkgk0e8qj" covered="EAID_7183D05E_D892_423c_850E_2knWkgk0e8qj"/>
<fragment xmi:type="uml:OccurrenceSpecification" xmi:id="EAID_FR000004_D892_423c_850E_2knWkgk0e8qj" covered="EAID_7183D05E_D892_423c_850E_2knWkgk0e8qj"/>
<fragment xmi:type="uml:OccurrenceSpecification" xmi:id="EAID_FR000005_D892_423c_850E_7iWALWDsJX3O" covered="EAID_7183D05E_D892_423c_850E_7iWALWDsJX3O"/>
<fragment xmi:type="uml:OccurrenceSpecification" xmi:id="EAID_FR000006_D892_423c_850E_7iWALWDsJX3O" covered="EAID_7183D05E_D892_423c_850E_7iWALWDsJX3O"/>
<fragment xmi:type="uml:OccurrenceSpecification" xmi:id="EAID_FR000007_D892_423c_850E_7iWALWDsJX3O" covered="EAID_7183D05E_D892_423c_850E_7iWALWDsJX3O"/>
<fragment xmi:type="uml:OccurrenceSpecification" xmi:id="EAID_FR000008_D892_423c_850E_7iWALWDsJX3O" covered="EAID_7183D05E_D892_423c_850E_7iWALWDsJX3O"/>
<fragment xmi:type="uml:OccurrenceSpecification" xmi:id="EAID_FR000009_D892_423c_850E_wfSJMvkrfKFr" covered="EAID_7183D05E_D892_423c_850E_wfSJMvkrfKFr"/>
<fragment xmi:type="uml:OccurrenceSpecification" xmi:id="EAID_FR0000010_D892_423c_850E_wfSJMvkrfKFr" covered="EAID_7183D05E_D892_423c_850E_wfSJMvkrfKFr"/>
<fragment xmi:type="uml:OccurrenceSpecification" xmi:id="EAID_FR0000011_D892_423c_850E_wfSJMvkrfKFr" covered="EAID_7183D05E_D892_423c_850E_wfSJMvkrfKFr"/>
<fragment xmi:type="uml:OccurrenceSpecification" xmi:id="EAID_FR0000012_D892_423c_850E_wfSJMvkrfKFr" covered="EAID_7183D05E_D892_423c_850E_wfSJMvkrfKFr"/>
<fragment xmi:type="uml:OccurrenceSpecification" xmi:id="EAID_FR0000013_D892_423c_850E_2knWkgk0e8qj" covered="EAID_7183D05E_D892_423c_850E_2knWkgk0e8qj"/>
<fragment xmi:type="uml:OccurrenceSpecification" xmi:id="EAID_FR0000014_D892_423c_850E_2knWkgk0e8qj" covered="EAID_7183D05E_D892_423c_850E_2knWkgk0e8qj"/>
<fragment xmi:type="uml:OccurrenceSpecification" xmi:id="EAID_FR0000015_D892_423c_850E_7iWALWDsJX3O" covered="EAID_7183D05E_D892_423c_850E_7iWALWDsJX3O"/>
<fragment xmi:type="uml:OccurrenceSpecification" xmi:id="EAID_FR0000016_D892_423c_850E_oOD4CB6BmceP" covered="EAID_LL000000_D892_423c_850E_oOD4CB6BmceP"/>
<fragment xmi:type="uml:OccurrenceSpecification" xmi:id="EAID_FR0000017_D892_423c_850E_wfSJMvkrfKFr" covered="EAID_7183D05E_D892_423c_850E_wfSJMvkrfKFr"/>
<message xmi:type="uml:Message" xmi:id="EAID_049D1FF1_0B97_41fb_AC69_41AFYp8qbh61" name="Makenewvolunteerappointmentpage" messageKind="complete" messageSort="synchCall" sendEvent="EAID_FR0000016_D892_423c_850E_oOD4CB6BmceP" receiveEvent="EAID_FR0000014_D892_423c_850E_2knWkgk0e8qj"/>
<message xmi:type="uml:Message" xmi:id="EAID_049D1FF1_0B97_41fb_AC69_41AFrMT9lp44" name="Chooseoneofavailabletimeslots" messageKind="complete" messageSort="synchCall" sendEvent="EAID_FR0000014_D892_423c_850E_2knWkgk0e8qj" receiveEvent="EAID_FR0000015_D892_423c_850E_7iWALWDsJX3O"/>
<message xmi:type="uml:Message" xmi:id="EAID_049D1FF1_0B97_41fb_AC69_41AFEfm9Qltz" name="Checkchosentimeslot" messageKind="complete" messageSort="synchCall" sendEvent="EAID_FR0000015_D892_423c_850E_7iWALWDsJX3O" receiveEvent="EAID_FR0000015_D892_423c_850E_7iWALWDsJX3O"/>
<message xmi:type="uml:Message" xmi:id="EAID_049D1FF1_0B97_41fb_AC69_41AFLpjo85UJ" name="Showconfirmationpage" messageKind="complete" messageSort="synchCall" sendEvent="EAID_FR0000015_D892_423c_850E_7iWALWDsJX3O" receiveEvent="EAID_FR0000017_D892_423c_850E_wfSJMvkrfKFr"/>
<message xmi:type="uml:Message" xmi:id="EAID_049D1FF1_0B97_41fb_AC69_41AFqpe05F28" name="Homepage" messageKind="complete" messageSort="synchCall" sendEvent="EAID_FR0000017_D892_423c_850E_wfSJMvkrfKFr" receiveEvent="EAID_FR0000017_D892_423c_850E_wfSJMvkrfKFr"/>
<message xmi:type="uml:Message" xmi:id="EAID_049D1FF1_0B97_41fb_AC69_41AFKZByl8eD" name="Makenewvolunteerappointmentpage" messageKind="complete" messageSort="synchCall" sendEvent="EAID_FR0000017_D892_423c_850E_wfSJMvkrfKFr" receiveEvent="EAID_FR0000014_D892_423c_850E_2knWkgk0e8qj"/>
<message xmi:type="uml:Message" xmi:id="EAID_049D1FF1_0B97_41fb_AC69_41AFQCvFPDxu" name="Chooseoneofavailabletimeslots" messageKind="complete" messageSort="synchCall" sendEvent="EAID_FR0000014_D892_423c_850E_2knWkgk0e8qj" receiveEvent="EAID_FR0000015_D892_423c_850E_7iWALWDsJX3O"/>
<message xmi:type="uml:Message" xmi:id="EAID_049D1FF1_0B97_41fb_AC69_41AFGrxXbBap" name="Homepage" messageKind="complete" messageSort="synchCall" sendEvent="EAID_FR0000016_D892_423c_850E_oOD4CB6BmceP" receiveEvent="EAID_FR0000017_D892_423c_850E_wfSJMvkrfKFr"/>
</ownedBehavior>
<ownedAttribute xmi:type="uml:Property" xmi:id="EAID_AT000000_D892_423c_850E_2knWkgk0e8qj"/>
<ownedAttribute xmi:type="uml:Property" xmi:id="EAID_AT000000_D892_423c_850E_wfSJMvkrfKFr"/>
<ownedAttribute xmi:type="uml:Property" xmi:id="EAID_AT000000_D892_423c_850E_7iWALWDsJX3O"/>
<ownedAttribute xmi:type="uml:Property" xmi:id="EAID_AT000000_D892_423c_850E_8109476FDED0">
<type xmi:idref="EAID_9977D5D6_D839_4e85_9EF1_t07Ytpn69Daw"/>
					</ownedAttribute>
				</nestedClassifier>
			</packagedElement>
<packagedElement xmi:type="uml:Actor" xmi:id="EAID_9977D5D6_D839_4e85_9EF1_t07Ytpn69Daw" name="User" visibility="public"/>

<packagedElement xmi:type="uml:UseCase" xmi:id="EAID_586BCAF6_15CB_4a03_81A9_pZL4hTBgLujq" name="Add Users9" visibility="public">
<nestedClassifier xmi:type="uml:Collaboration" xmi:id="EAID_CB000000_AF6_15CB_4a03_81A9_JZLJtt3nfov" name="EA_Collaboration9" visibility="public">
<ownedBehavior xmi:type="uml:Interaction" xmi:id="EAID_IN000000_AF6_15CB_4a03_81A9_CdxFdTmRds1" name="EA_Interaction9" visibility="public">
<lifeline xmi:type="uml:Lifeline" xmi:id="EAID_LL000000_D892_423c_850E_7iWALWDsJX3O" name="User" visibility="public" represents="EAID_AT000000_D892_423c_850E_8109476FDED0"/>
<lifeline xmi:type="uml:Lifeline" xmi:id="EAID_7183D05E_D892_423c_850E_4VnpTVnUp3Qk" name="Volunteer" visibility="public" represents="EAID_AT000000_D892_423c_850E_4VnpTVnUp3Qk"/>
<lifeline xmi:type="uml:Lifeline" xmi:id="EAID_7183D05E_D892_423c_850E_b5PVxBzDJagP" name="Homepage" visibility="public" represents="EAID_AT000000_D892_423c_850E_b5PVxBzDJagP"/>
<lifeline xmi:type="uml:Lifeline" xmi:id="EAID_7183D05E_D892_423c_850E_HFmTdKBehGUN" name="Checkallrequiredinformation" visibility="public" represents="EAID_AT000000_D892_423c_850E_HFmTdKBehGUN"/>
<fragment xmi:type="uml:OccurrenceSpecification" xmi:id="EAID_FR000002_D892_423c_850E_7iWALWDsJX3O" covered="EAID_LL000000_D892_423c_850E_7iWALWDsJX3O"/>
<fragment xmi:type="uml:OccurrenceSpecification" xmi:id="EAID_FR000003_D892_423c_850E_4VnpTVnUp3Qk" covered="EAID_7183D05E_D892_423c_850E_4VnpTVnUp3Qk"/>
<fragment xmi:type="uml:OccurrenceSpecification" xmi:id="EAID_FR000004_D892_423c_850E_4VnpTVnUp3Qk" covered="EAID_7183D05E_D892_423c_850E_4VnpTVnUp3Qk"/>
<fragment xmi:type="uml:OccurrenceSpecification" xmi:id="EAID_FR000005_D892_423c_850E_4VnpTVnUp3Qk" covered="EAID_7183D05E_D892_423c_850E_4VnpTVnUp3Qk"/>
<fragment xmi:type="uml:OccurrenceSpecification" xmi:id="EAID_FR000006_D892_423c_850E_4VnpTVnUp3Qk" covered="EAID_7183D05E_D892_423c_850E_4VnpTVnUp3Qk"/>
<fragment xmi:type="uml:OccurrenceSpecification" xmi:id="EAID_FR000007_D892_423c_850E_HFmTdKBehGUN" covered="EAID_7183D05E_D892_423c_850E_HFmTdKBehGUN"/>
<fragment xmi:type="uml:OccurrenceSpecification" xmi:id="EAID_FR000008_D892_423c_850E_HFmTdKBehGUN" covered="EAID_7183D05E_D892_423c_850E_HFmTdKBehGUN"/>
<fragment xmi:type="uml:OccurrenceSpecification" xmi:id="EAID_FR000009_D892_423c_850E_b5PVxBzDJagP" covered="EAID_7183D05E_D892_423c_850E_b5PVxBzDJagP"/>
<fragment xmi:type="uml:OccurrenceSpecification" xmi:id="EAID_FR0000010_D892_423c_850E_HFmTdKBehGUN" covered="EAID_7183D05E_D892_423c_850E_HFmTdKBehGUN"/>
<fragment xmi:type="uml:OccurrenceSpecification" xmi:id="EAID_FR0000011_D892_423c_850E_4VnpTVnUp3Qk" covered="EAID_7183D05E_D892_423c_850E_4VnpTVnUp3Qk"/>
<fragment xmi:type="uml:OccurrenceSpecification" xmi:id="EAID_FR0000012_D892_423c_850E_4VnpTVnUp3Qk" covered="EAID_7183D05E_D892_423c_850E_4VnpTVnUp3Qk"/>
<fragment xmi:type="uml:OccurrenceSpecification" xmi:id="EAID_FR0000013_D892_423c_850E_4VnpTVnUp3Qk" covered="EAID_7183D05E_D892_423c_850E_4VnpTVnUp3Qk"/>
<fragment xmi:type="uml:OccurrenceSpecification" xmi:id="EAID_FR0000014_D892_423c_850E_7iWALWDsJX3O" covered="EAID_LL000000_D892_423c_850E_7iWALWDsJX3O"/>
<fragment xmi:type="uml:OccurrenceSpecification" xmi:id="EAID_FR0000015_D892_423c_850E_b5PVxBzDJagP" covered="EAID_7183D05E_D892_423c_850E_b5PVxBzDJagP"/>
<message xmi:type="uml:Message" xmi:id="EAID_049D1FF1_0B97_41fb_AC69_41AFzmskvwap" name="ViewvolunteerlistPage" messageKind="complete" messageSort="synchCall" sendEvent="EAID_FR0000014_D892_423c_850E_7iWALWDsJX3O" receiveEvent="EAID_FR0000013_D892_423c_850E_4VnpTVnUp3Qk"/>
<message xmi:type="uml:Message" xmi:id="EAID_049D1FF1_0B97_41fb_AC69_41AFEGcRs9Ft" name="Chooseoneofvolunteerlist" messageKind="complete" messageSort="synchCall" sendEvent="EAID_FR0000013_D892_423c_850E_4VnpTVnUp3Qk" receiveEvent="EAID_FR0000013_D892_423c_850E_4VnpTVnUp3Qk"/>
<message xmi:type="uml:Message" xmi:id="EAID_049D1FF1_0B97_41fb_AC69_41AFPBIjt2nT" name="Showconfirmationpage" messageKind="complete" messageSort="synchCall" sendEvent="EAID_FR0000013_D892_423c_850E_4VnpTVnUp3Qk" receiveEvent="EAID_FR0000010_D892_423c_850E_HFmTdKBehGUN"/>
<message xmi:type="uml:Message" xmi:id="EAID_049D1FF1_0B97_41fb_AC69_41AFe1ZcPFYv" name="Homepage" messageKind="complete" messageSort="synchCall" sendEvent="EAID_FR0000010_D892_423c_850E_HFmTdKBehGUN" receiveEvent="EAID_FR0000015_D892_423c_850E_b5PVxBzDJagP"/>
<message xmi:type="uml:Message" xmi:id="EAID_049D1FF1_0B97_41fb_AC69_41AFlIXH6BWB" name="ViewvolunteerlistPage" messageKind="complete" messageSort="synchCall" sendEvent="EAID_FR0000010_D892_423c_850E_HFmTdKBehGUN" receiveEvent="EAID_FR0000013_D892_423c_850E_4VnpTVnUp3Qk"/>
<message xmi:type="uml:Message" xmi:id="EAID_049D1FF1_0B97_41fb_AC69_41AF47zsDbSG" name="Chooseoneofvolunteerlist" messageKind="complete" messageSort="synchCall" sendEvent="EAID_FR0000013_D892_423c_850E_4VnpTVnUp3Qk" receiveEvent="EAID_FR0000013_D892_423c_850E_4VnpTVnUp3Qk"/>
<message xmi:type="uml:Message" xmi:id="EAID_049D1FF1_0B97_41fb_AC69_41AFG7oxLQX5" name="Homepage" messageKind="complete" messageSort="synchCall" sendEvent="EAID_FR0000014_D892_423c_850E_7iWALWDsJX3O" receiveEvent="EAID_FR0000015_D892_423c_850E_b5PVxBzDJagP"/>
</ownedBehavior>
<ownedAttribute xmi:type="uml:Property" xmi:id="EAID_AT000000_D892_423c_850E_4VnpTVnUp3Qk"/>
<ownedAttribute xmi:type="uml:Property" xmi:id="EAID_AT000000_D892_423c_850E_b5PVxBzDJagP"/>
<ownedAttribute xmi:type="uml:Property" xmi:id="EAID_AT000000_D892_423c_850E_HFmTdKBehGUN"/>
<ownedAttribute xmi:type="uml:Property" xmi:id="EAID_AT000000_D892_423c_850E_8109476FDED0">
<type xmi:idref="EAID_9977D5D6_D839_4e85_9EF1_2OoWMciM5wOf"/>
					</ownedAttribute>
				</nestedClassifier>
			</packagedElement>
<packagedElement xmi:type="uml:Actor" xmi:id="EAID_9977D5D6_D839_4e85_9EF1_2OoWMciM5wOf" name="User" visibility="public"/>

</packagedElement>
</uml:Model>
<xmi:Extension extender="Enterprise Architect" extenderID="6.5">
<primitivetypes>
			<packagedElement xmi:type="uml:Package" xmi:id="EAPrimitiveTypesPackage" name="EA_PrimitiveTypes_Package" visibility="public"/>
		</primitivetypes>
<profiles/><diagrams>

<diagram xmi:id="EAID_3E9162E8_3B10_4fb1_9A31_eufHKZ5ta1mG">
<model package="EAPK_0D4BE3DE_DBA4_430b_9F5D_2D1DC1F19C54" localID="25" owner="EAPK_0D4BE3DE_DBA4_430b_9F5D_2D1DC1F19C54" parent="EAID_586BCAF6_15CB_4a03_81A9_EF34AE4B312B"/>
<properties name="use cases" type="Sequence"/>
<project author="HOME" version="1.0" created="2018-11-27 16:22:38" modified="2018-11-27 16:23:00"/>
				<style1 value="ShowPrivate=1;ShowProtected=1;ShowPublic=1;HideRelationships=0;Locked=0;Border=1;HighlightForeign=1;PackageContents=1;SequenceNotes=0;ScalePrintImage=0;PPgs.cx=0;PPgs.cy=0;DocSize.cx=850;DocSize.cy=1098;ShowDetails=0;Orientation=P;Zoom=100;ShowTags=0;OpParams=1;VisibleAttributeDetail=0;ShowOpRetType=1;ShowIcons=1;CollabNums=0;HideProps=0;ShowReqs=0;ShowCons=0;PaperSize=1;HideParents=0;UseAlias=0;HideAtts=0;HideOps=0;HideStereo=0;HideElemStereo=0;ShowTests=0;ShowMaint=0;ConnectorNotation=UML 2.1;ExplicitNavigability=0;ShowShape=1;AllDockable=0;AdvancedElementProps=1;AdvancedFeatureProps=1;AdvancedConnectorProps=1;m_bElementClassifier=1;SPT=1;ShowNotes=0;SuppressBrackets=0;SuppConnectorLabels=0;PrintPageHeadFoot=0;ShowAsList=0;"/>
				<style2 value="ExcludeRTF=0;DocAll=0;HideQuals=0;AttPkg=1;ShowTests=0;ShowMaint=0;SuppressFOC=0;INT_ARGS=;INT_RET=;INT_ATT=;SeqTopMargin=50;MatrixActive=0;SwimlanesActive=1;KanbanActive=0;MatrixLineWidth=1;MatrixLineClr=0;MatrixLocked=0;TConnectorNotation=UML 2.1;TExplicitNavigability=0;AdvancedElementProps=1;AdvancedFeatureProps=1;AdvancedConnectorProps=1;m_bElementClassifier=1;SPT=1;MDGDgm=;STBLDgm=;ShowNotes=0;VisibleAttributeDetail=0;ShowOpRetType=1;SuppressBrackets=0;SuppConnectorLabels=0;PrintPageHeadFoot=0;ShowAsList=0;SuppressedCompartments=;Theme=:119;SaveTag=56D01039;"/>
				<swimlanes value="locked=false;orientation=0;width=0;inbar=false;names=false;color=-1;bold=false;fcol=0;tcol=-1;ofCol=-1;ufCol=-1;hl=0;ufh=0;hh=0;cls=0;bw=0;hli=0;SwimlaneFont=lfh:-10,lfw:0,lfi:0,lfu:0,lfs:0,lfface:Calibri,lfe:0,lfo:0,lfchar:1,lfop:0,lfcp:0,lfq:0,lfpf=0,lfWidth=0;"/>
				<matrixitems value="locked=false;matrixactive=false;swimlanesactive=true;kanbanactive=false;width=1;clrLine=0;"/>
				<extendedProperties/>
<elements>
<element geometry="Left=99;Top=50;Right=189;Bottom=390;" subject="EAID_9977D5D6_D839_4e85_9EF1_38844704F245" seqno="1" style="DUID=D5409A04;NSL=0;BCol=-1;BFol=-1;LCol=-1;LWth=-1;fontsz=0;bold=0;black=0;italic=0;ul=0;charset=0;pitch=0;"/>
<element geometry="Left=299;Top=50;Right=389;;Bottom=390;" subject="EAID_7183D05E_D892_423c_850E_9wE62q6cQJyi" seqno="2" style="DUID=D5409A04;NSL=0;BCol=-1;BFol=-1;LCol=-1;LWth=-1;fontsz=0;bold=0;black=0;italic=0;ul=0;charset=0;pitch=0;"/>
<element geometry="Left=499;Top=50;Right=589;;Bottom=390;" subject="EAID_7183D05E_D892_423c_850E_Ol8jS9MssEJ6" seqno="3" style="DUID=D5409A04;NSL=0;BCol=-1;BFol=-1;LCol=-1;LWth=-1;fontsz=0;bold=0;black=0;italic=0;ul=0;charset=0;pitch=0;"/>
<element geometry="Left=699;Top=50;Right=789;;Bottom=390;" subject="EAID_7183D05E_D892_423c_850E_PwbWjVbaZQoF" seqno="4" style="DUID=D5409A04;NSL=0;BCol=-1;BFol=-1;LCol=-1;LWth=-1;fontsz=0;bold=0;black=0;italic=0;ul=0;charset=0;pitch=0;"/>
<element geometry="SX=0;SY=0;EX=0;EY=0;Path=;" subject="EAID_049D1FF1_0B97_41fb_AC69_41AFUenKbfhl" style=";Hidden=0;"/>
<element geometry="SX=0;SY=0;EX=0;EY=0;Path=;" subject="EAID_049D1FF1_0B97_41fb_AC69_41AFUybxPT4G" style=";Hidden=0;"/>
<element geometry="SX=0;SY=0;EX=0;EY=0;Path=;" subject="EAID_049D1FF1_0B97_41fb_AC69_41AFkG3Sfg3u" style=";Hidden=0;"/>
<element geometry="SX=0;SY=0;EX=0;EY=0;Path=;" subject="EAID_049D1FF1_0B97_41fb_AC69_41AFsb9sQ8Ei" style=";Hidden=0;"/>
<element geometry="SX=0;SY=0;EX=0;EY=0;Path=;" subject="EAID_049D1FF1_0B97_41fb_AC69_41AFGbrTvwSQ" style=";Hidden=0;"/>
<element geometry="SX=0;SY=0;EX=0;EY=0;Path=;" subject="EAID_049D1FF1_0B97_41fb_AC69_41AFUybxPT4G" style=";Hidden=0;"/>
<element geometry="SX=0;SY=0;EX=0;EY=0;Path=;" subject="EAID_049D1FF1_0B97_41fb_AC69_41AFIaVOfdcT" style=";Hidden=0;"/>
</elements>
</diagram>

<diagram xmi:id="EAID_3E9162E8_3B10_4fb1_9A31_YaPazFBtR9V1">
<model package="EAPK_0D4BE3DE_DBA4_430b_9F5D_2D1DC1F19C54" localID="26" owner="EAPK_0D4BE3DE_DBA4_430b_9F5D_2D1DC1F19C54" parent="EAID_586BCAF6_15CB_4a03_81A9_FL6oJ19Myx4L"/>
<properties name="use cases" type="Sequence"/>
<project author="HOME" version="1.0" created="2018-11-27 16:22:38" modified="2018-11-27 16:23:00"/>
				<style1 value="ShowPrivate=1;ShowProtected=1;ShowPublic=1;HideRelationships=0;Locked=0;Border=1;HighlightForeign=1;PackageContents=1;SequenceNotes=0;ScalePrintImage=0;PPgs.cx=0;PPgs.cy=0;DocSize.cx=850;DocSize.cy=1098;ShowDetails=0;Orientation=P;Zoom=100;ShowTags=0;OpParams=1;VisibleAttributeDetail=0;ShowOpRetType=1;ShowIcons=1;CollabNums=0;HideProps=0;ShowReqs=0;ShowCons=0;PaperSize=1;HideParents=0;UseAlias=0;HideAtts=0;HideOps=0;HideStereo=0;HideElemStereo=0;ShowTests=0;ShowMaint=0;ConnectorNotation=UML 2.1;ExplicitNavigability=0;ShowShape=1;AllDockable=0;AdvancedElementProps=1;AdvancedFeatureProps=1;AdvancedConnectorProps=1;m_bElementClassifier=1;SPT=1;ShowNotes=0;SuppressBrackets=0;SuppConnectorLabels=0;PrintPageHeadFoot=0;ShowAsList=0;"/>
				<style2 value="ExcludeRTF=0;DocAll=0;HideQuals=0;AttPkg=1;ShowTests=0;ShowMaint=0;SuppressFOC=0;INT_ARGS=;INT_RET=;INT_ATT=;SeqTopMargin=50;MatrixActive=0;SwimlanesActive=1;KanbanActive=0;MatrixLineWidth=1;MatrixLineClr=0;MatrixLocked=0;TConnectorNotation=UML 2.1;TExplicitNavigability=0;AdvancedElementProps=1;AdvancedFeatureProps=1;AdvancedConnectorProps=1;m_bElementClassifier=1;SPT=1;MDGDgm=;STBLDgm=;ShowNotes=0;VisibleAttributeDetail=0;ShowOpRetType=1;SuppressBrackets=0;SuppConnectorLabels=0;PrintPageHeadFoot=0;ShowAsList=0;SuppressedCompartments=;Theme=:119;SaveTag=56D01039;"/>
				<swimlanes value="locked=false;orientation=0;width=0;inbar=false;names=false;color=-1;bold=false;fcol=0;tcol=-1;ofCol=-1;ufCol=-1;hl=0;ufh=0;hh=0;cls=0;bw=0;hli=0;SwimlaneFont=lfh:-10,lfw:0,lfi:0,lfu:0,lfs:0,lfface:Calibri,lfe:0,lfo:0,lfchar:1,lfop:0,lfcp:0,lfq:0,lfpf=0,lfWidth=0;"/>
				<matrixitems value="locked=false;matrixactive=false;swimlanesactive=true;kanbanactive=false;width=1;clrLine=0;"/>
				<extendedProperties/>
<elements>
<element geometry="Left=99;Top=50;Right=189;Bottom=390;" subject="EAID_9977D5D6_D839_4e85_9EF1_D7T0VLCaAfv9" seqno="1" style="DUID=D5409A04;NSL=0;BCol=-1;BFol=-1;LCol=-1;LWth=-1;fontsz=0;bold=0;black=0;italic=0;ul=0;charset=0;pitch=0;"/>
<element geometry="Left=299;Top=50;Right=389;;Bottom=390;" subject="EAID_7183D05E_D892_423c_850E_aAL79cjYWlNG" seqno="2" style="DUID=D5409A04;NSL=0;BCol=-1;BFol=-1;LCol=-1;LWth=-1;fontsz=0;bold=0;black=0;italic=0;ul=0;charset=0;pitch=0;"/>
<element geometry="Left=499;Top=50;Right=589;;Bottom=390;" subject="EAID_7183D05E_D892_423c_850E_wIctkOMpwwgL" seqno="3" style="DUID=D5409A04;NSL=0;BCol=-1;BFol=-1;LCol=-1;LWth=-1;fontsz=0;bold=0;black=0;italic=0;ul=0;charset=0;pitch=0;"/>
<element geometry="Left=699;Top=50;Right=789;;Bottom=390;" subject="EAID_7183D05E_D892_423c_850E_b6SSYLVb59b8" seqno="4" style="DUID=D5409A04;NSL=0;BCol=-1;BFol=-1;LCol=-1;LWth=-1;fontsz=0;bold=0;black=0;italic=0;ul=0;charset=0;pitch=0;"/>
<element geometry="SX=0;SY=0;EX=0;EY=0;Path=;" subject="EAID_049D1FF1_0B97_41fb_AC69_41AFbJu5wZZm" style=";Hidden=0;"/>
<element geometry="SX=0;SY=0;EX=0;EY=0;Path=;" subject="EAID_049D1FF1_0B97_41fb_AC69_41AF9r7meooo" style=";Hidden=0;"/>
<element geometry="SX=0;SY=0;EX=0;EY=0;Path=;" subject="EAID_049D1FF1_0B97_41fb_AC69_41AFkW46JLMx" style=";Hidden=0;"/>
<element geometry="SX=0;SY=0;EX=0;EY=0;Path=;" subject="EAID_049D1FF1_0B97_41fb_AC69_41AFpLQFpKqX" style=";Hidden=0;"/>
<element geometry="SX=0;SY=0;EX=0;EY=0;Path=;" subject="EAID_049D1FF1_0B97_41fb_AC69_41AFvMJMXvN1" style=";Hidden=0;"/>
<element geometry="SX=0;SY=0;EX=0;EY=0;Path=;" subject="EAID_049D1FF1_0B97_41fb_AC69_41AFhY8C3Jvg" style=";Hidden=0;"/>
<element geometry="SX=0;SY=0;EX=0;EY=0;Path=;" subject="EAID_049D1FF1_0B97_41fb_AC69_41AF9r7meooo" style=";Hidden=0;"/>
<element geometry="SX=0;SY=0;EX=0;EY=0;Path=;" subject="EAID_049D1FF1_0B97_41fb_AC69_41AFYOAC4IjI" style=";Hidden=0;"/>
</elements>
</diagram>

<diagram xmi:id="EAID_3E9162E8_3B10_4fb1_9A31_MVCZO3o9Sd1g">
<model package="EAPK_0D4BE3DE_DBA4_430b_9F5D_2D1DC1F19C54" localID="27" owner="EAPK_0D4BE3DE_DBA4_430b_9F5D_2D1DC1F19C54" parent="EAID_586BCAF6_15CB_4a03_81A9_1WIfT9gXaJdv"/>
<properties name="use cases" type="Sequence"/>
<project author="HOME" version="1.0" created="2018-11-27 16:22:38" modified="2018-11-27 16:23:00"/>
				<style1 value="ShowPrivate=1;ShowProtected=1;ShowPublic=1;HideRelationships=0;Locked=0;Border=1;HighlightForeign=1;PackageContents=1;SequenceNotes=0;ScalePrintImage=0;PPgs.cx=0;PPgs.cy=0;DocSize.cx=850;DocSize.cy=1098;ShowDetails=0;Orientation=P;Zoom=100;ShowTags=0;OpParams=1;VisibleAttributeDetail=0;ShowOpRetType=1;ShowIcons=1;CollabNums=0;HideProps=0;ShowReqs=0;ShowCons=0;PaperSize=1;HideParents=0;UseAlias=0;HideAtts=0;HideOps=0;HideStereo=0;HideElemStereo=0;ShowTests=0;ShowMaint=0;ConnectorNotation=UML 2.1;ExplicitNavigability=0;ShowShape=1;AllDockable=0;AdvancedElementProps=1;AdvancedFeatureProps=1;AdvancedConnectorProps=1;m_bElementClassifier=1;SPT=1;ShowNotes=0;SuppressBrackets=0;SuppConnectorLabels=0;PrintPageHeadFoot=0;ShowAsList=0;"/>
				<style2 value="ExcludeRTF=0;DocAll=0;HideQuals=0;AttPkg=1;ShowTests=0;ShowMaint=0;SuppressFOC=0;INT_ARGS=;INT_RET=;INT_ATT=;SeqTopMargin=50;MatrixActive=0;SwimlanesActive=1;KanbanActive=0;MatrixLineWidth=1;MatrixLineClr=0;MatrixLocked=0;TConnectorNotation=UML 2.1;TExplicitNavigability=0;AdvancedElementProps=1;AdvancedFeatureProps=1;AdvancedConnectorProps=1;m_bElementClassifier=1;SPT=1;MDGDgm=;STBLDgm=;ShowNotes=0;VisibleAttributeDetail=0;ShowOpRetType=1;SuppressBrackets=0;SuppConnectorLabels=0;PrintPageHeadFoot=0;ShowAsList=0;SuppressedCompartments=;Theme=:119;SaveTag=56D01039;"/>
				<swimlanes value="locked=false;orientation=0;width=0;inbar=false;names=false;color=-1;bold=false;fcol=0;tcol=-1;ofCol=-1;ufCol=-1;hl=0;ufh=0;hh=0;cls=0;bw=0;hli=0;SwimlaneFont=lfh:-10,lfw:0,lfi:0,lfu:0,lfs:0,lfface:Calibri,lfe:0,lfo:0,lfchar:1,lfop:0,lfcp:0,lfq:0,lfpf=0,lfWidth=0;"/>
				<matrixitems value="locked=false;matrixactive=false;swimlanesactive=true;kanbanactive=false;width=1;clrLine=0;"/>
				<extendedProperties/>
<elements>
<element geometry="Left=99;Top=50;Right=189;Bottom=390;" subject="EAID_9977D5D6_D839_4e85_9EF1_I72Yp4Azl0eV" seqno="1" style="DUID=D5409A04;NSL=0;BCol=-1;BFol=-1;LCol=-1;LWth=-1;fontsz=0;bold=0;black=0;italic=0;ul=0;charset=0;pitch=0;"/>
<element geometry="Left=299;Top=50;Right=389;;Bottom=390;" subject="EAID_7183D05E_D892_423c_850E_lUiZk2dPWk2S" seqno="2" style="DUID=D5409A04;NSL=0;BCol=-1;BFol=-1;LCol=-1;LWth=-1;fontsz=0;bold=0;black=0;italic=0;ul=0;charset=0;pitch=0;"/>
<element geometry="Left=499;Top=50;Right=589;;Bottom=390;" subject="EAID_7183D05E_D892_423c_850E_AVBMcga3OZkK" seqno="3" style="DUID=D5409A04;NSL=0;BCol=-1;BFol=-1;LCol=-1;LWth=-1;fontsz=0;bold=0;black=0;italic=0;ul=0;charset=0;pitch=0;"/>
<element geometry="SX=0;SY=0;EX=0;EY=0;Path=;" subject="EAID_049D1FF1_0B97_41fb_AC69_41AFQiwwVpRK" style=";Hidden=0;"/>
<element geometry="SX=0;SY=0;EX=0;EY=0;Path=;" subject="EAID_049D1FF1_0B97_41fb_AC69_41AF6cPIhcbj" style=";Hidden=0;"/>
<element geometry="SX=0;SY=0;EX=0;EY=0;Path=;" subject="EAID_049D1FF1_0B97_41fb_AC69_41AFYqFU9s0G" style=";Hidden=0;"/>
<element geometry="SX=0;SY=0;EX=0;EY=0;Path=;" subject="EAID_049D1FF1_0B97_41fb_AC69_41AFAniR84iy" style=";Hidden=0;"/>
<element geometry="SX=0;SY=0;EX=0;EY=0;Path=;" subject="EAID_049D1FF1_0B97_41fb_AC69_41AFLSSWLGcE" style=";Hidden=0;"/>
<element geometry="SX=0;SY=0;EX=0;EY=0;Path=;" subject="EAID_049D1FF1_0B97_41fb_AC69_41AF9CE5fAfs" style=";Hidden=0;"/>
<element geometry="SX=0;SY=0;EX=0;EY=0;Path=;" subject="EAID_049D1FF1_0B97_41fb_AC69_41AFYqFU9s0G" style=";Hidden=0;"/>
<element geometry="SX=0;SY=0;EX=0;EY=0;Path=;" subject="EAID_049D1FF1_0B97_41fb_AC69_41AFzaZjV7OT" style=";Hidden=0;"/>
</elements>
</diagram>

<diagram xmi:id="EAID_3E9162E8_3B10_4fb1_9A31_F2YbFXsV3JMz">
<model package="EAPK_0D4BE3DE_DBA4_430b_9F5D_2D1DC1F19C54" localID="28" owner="EAPK_0D4BE3DE_DBA4_430b_9F5D_2D1DC1F19C54" parent="EAID_586BCAF6_15CB_4a03_81A9_3HXFtEj1vCup"/>
<properties name="use cases" type="Sequence"/>
<project author="HOME" version="1.0" created="2018-11-27 16:22:38" modified="2018-11-27 16:23:00"/>
				<style1 value="ShowPrivate=1;ShowProtected=1;ShowPublic=1;HideRelationships=0;Locked=0;Border=1;HighlightForeign=1;PackageContents=1;SequenceNotes=0;ScalePrintImage=0;PPgs.cx=0;PPgs.cy=0;DocSize.cx=850;DocSize.cy=1098;ShowDetails=0;Orientation=P;Zoom=100;ShowTags=0;OpParams=1;VisibleAttributeDetail=0;ShowOpRetType=1;ShowIcons=1;CollabNums=0;HideProps=0;ShowReqs=0;ShowCons=0;PaperSize=1;HideParents=0;UseAlias=0;HideAtts=0;HideOps=0;HideStereo=0;HideElemStereo=0;ShowTests=0;ShowMaint=0;ConnectorNotation=UML 2.1;ExplicitNavigability=0;ShowShape=1;AllDockable=0;AdvancedElementProps=1;AdvancedFeatureProps=1;AdvancedConnectorProps=1;m_bElementClassifier=1;SPT=1;ShowNotes=0;SuppressBrackets=0;SuppConnectorLabels=0;PrintPageHeadFoot=0;ShowAsList=0;"/>
				<style2 value="ExcludeRTF=0;DocAll=0;HideQuals=0;AttPkg=1;ShowTests=0;ShowMaint=0;SuppressFOC=0;INT_ARGS=;INT_RET=;INT_ATT=;SeqTopMargin=50;MatrixActive=0;SwimlanesActive=1;KanbanActive=0;MatrixLineWidth=1;MatrixLineClr=0;MatrixLocked=0;TConnectorNotation=UML 2.1;TExplicitNavigability=0;AdvancedElementProps=1;AdvancedFeatureProps=1;AdvancedConnectorProps=1;m_bElementClassifier=1;SPT=1;MDGDgm=;STBLDgm=;ShowNotes=0;VisibleAttributeDetail=0;ShowOpRetType=1;SuppressBrackets=0;SuppConnectorLabels=0;PrintPageHeadFoot=0;ShowAsList=0;SuppressedCompartments=;Theme=:119;SaveTag=56D01039;"/>
				<swimlanes value="locked=false;orientation=0;width=0;inbar=false;names=false;color=-1;bold=false;fcol=0;tcol=-1;ofCol=-1;ufCol=-1;hl=0;ufh=0;hh=0;cls=0;bw=0;hli=0;SwimlaneFont=lfh:-10,lfw:0,lfi:0,lfu:0,lfs:0,lfface:Calibri,lfe:0,lfo:0,lfchar:1,lfop:0,lfcp:0,lfq:0,lfpf=0,lfWidth=0;"/>
				<matrixitems value="locked=false;matrixactive=false;swimlanesactive=true;kanbanactive=false;width=1;clrLine=0;"/>
				<extendedProperties/>
<elements>
<element geometry="Left=99;Top=50;Right=189;Bottom=390;" subject="EAID_9977D5D6_D839_4e85_9EF1_EkVevZajYq8e" seqno="1" style="DUID=D5409A04;NSL=0;BCol=-1;BFol=-1;LCol=-1;LWth=-1;fontsz=0;bold=0;black=0;italic=0;ul=0;charset=0;pitch=0;"/>
<element geometry="Left=299;Top=50;Right=389;;Bottom=390;" subject="EAID_7183D05E_D892_423c_850E_jF9wRqSzL5bl" seqno="2" style="DUID=D5409A04;NSL=0;BCol=-1;BFol=-1;LCol=-1;LWth=-1;fontsz=0;bold=0;black=0;italic=0;ul=0;charset=0;pitch=0;"/>
<element geometry="Left=499;Top=50;Right=589;;Bottom=390;" subject="EAID_7183D05E_D892_423c_850E_g700wqhJygk7" seqno="3" style="DUID=D5409A04;NSL=0;BCol=-1;BFol=-1;LCol=-1;LWth=-1;fontsz=0;bold=0;black=0;italic=0;ul=0;charset=0;pitch=0;"/>
<element geometry="Left=699;Top=50;Right=789;;Bottom=390;" subject="EAID_7183D05E_D892_423c_850E_LOdyUI4z1bFa" seqno="4" style="DUID=D5409A04;NSL=0;BCol=-1;BFol=-1;LCol=-1;LWth=-1;fontsz=0;bold=0;black=0;italic=0;ul=0;charset=0;pitch=0;"/>
<element geometry="Left=899;Top=50;Right=989;;Bottom=390;" subject="EAID_7183D05E_D892_423c_850E_c6vUTJj6zaqJ" seqno="5" style="DUID=D5409A04;NSL=0;BCol=-1;BFol=-1;LCol=-1;LWth=-1;fontsz=0;bold=0;black=0;italic=0;ul=0;charset=0;pitch=0;"/>
<element geometry="SX=0;SY=0;EX=0;EY=0;Path=;" subject="EAID_049D1FF1_0B97_41fb_AC69_41AFzuSBRipT" style=";Hidden=0;"/>
<element geometry="SX=0;SY=0;EX=0;EY=0;Path=;" subject="EAID_049D1FF1_0B97_41fb_AC69_41AFmRjVywmw" style=";Hidden=0;"/>
<element geometry="SX=0;SY=0;EX=0;EY=0;Path=;" subject="EAID_049D1FF1_0B97_41fb_AC69_41AF40Lt4hy4" style=";Hidden=0;"/>
<element geometry="SX=0;SY=0;EX=0;EY=0;Path=;" subject="EAID_049D1FF1_0B97_41fb_AC69_41AFZHFD81zi" style=";Hidden=0;"/>
<element geometry="SX=0;SY=0;EX=0;EY=0;Path=;" subject="EAID_049D1FF1_0B97_41fb_AC69_41AFmao0bG8N" style=";Hidden=0;"/>
<element geometry="SX=0;SY=0;EX=0;EY=0;Path=;" subject="EAID_049D1FF1_0B97_41fb_AC69_41AFJErXpNCW" style=";Hidden=0;"/>
<element geometry="SX=0;SY=0;EX=0;EY=0;Path=;" subject="EAID_049D1FF1_0B97_41fb_AC69_41AF40Lt4hy4" style=";Hidden=0;"/>
<element geometry="SX=0;SY=0;EX=0;EY=0;Path=;" subject="EAID_049D1FF1_0B97_41fb_AC69_41AFKwvVDclM" style=";Hidden=0;"/>
<element geometry="SX=0;SY=0;EX=0;EY=0;Path=;" subject="EAID_049D1FF1_0B97_41fb_AC69_41AFZHFD81zi" style=";Hidden=0;"/>
<element geometry="SX=0;SY=0;EX=0;EY=0;Path=;" subject="EAID_049D1FF1_0B97_41fb_AC69_41AFmao0bG8N" style=";Hidden=0;"/>
<element geometry="SX=0;SY=0;EX=0;EY=0;Path=;" subject="EAID_049D1FF1_0B97_41fb_AC69_41AFJErXpNCW" style=";Hidden=0;"/>
</elements>
</diagram>

<diagram xmi:id="EAID_3E9162E8_3B10_4fb1_9A31_WRt410kA1W6R">
<model package="EAPK_0D4BE3DE_DBA4_430b_9F5D_2D1DC1F19C54" localID="29" owner="EAPK_0D4BE3DE_DBA4_430b_9F5D_2D1DC1F19C54" parent="EAID_586BCAF6_15CB_4a03_81A9_kmXJjtn3RNmO"/>
<properties name="use cases" type="Sequence"/>
<project author="HOME" version="1.0" created="2018-11-27 16:22:38" modified="2018-11-27 16:23:00"/>
				<style1 value="ShowPrivate=1;ShowProtected=1;ShowPublic=1;HideRelationships=0;Locked=0;Border=1;HighlightForeign=1;PackageContents=1;SequenceNotes=0;ScalePrintImage=0;PPgs.cx=0;PPgs.cy=0;DocSize.cx=850;DocSize.cy=1098;ShowDetails=0;Orientation=P;Zoom=100;ShowTags=0;OpParams=1;VisibleAttributeDetail=0;ShowOpRetType=1;ShowIcons=1;CollabNums=0;HideProps=0;ShowReqs=0;ShowCons=0;PaperSize=1;HideParents=0;UseAlias=0;HideAtts=0;HideOps=0;HideStereo=0;HideElemStereo=0;ShowTests=0;ShowMaint=0;ConnectorNotation=UML 2.1;ExplicitNavigability=0;ShowShape=1;AllDockable=0;AdvancedElementProps=1;AdvancedFeatureProps=1;AdvancedConnectorProps=1;m_bElementClassifier=1;SPT=1;ShowNotes=0;SuppressBrackets=0;SuppConnectorLabels=0;PrintPageHeadFoot=0;ShowAsList=0;"/>
				<style2 value="ExcludeRTF=0;DocAll=0;HideQuals=0;AttPkg=1;ShowTests=0;ShowMaint=0;SuppressFOC=0;INT_ARGS=;INT_RET=;INT_ATT=;SeqTopMargin=50;MatrixActive=0;SwimlanesActive=1;KanbanActive=0;MatrixLineWidth=1;MatrixLineClr=0;MatrixLocked=0;TConnectorNotation=UML 2.1;TExplicitNavigability=0;AdvancedElementProps=1;AdvancedFeatureProps=1;AdvancedConnectorProps=1;m_bElementClassifier=1;SPT=1;MDGDgm=;STBLDgm=;ShowNotes=0;VisibleAttributeDetail=0;ShowOpRetType=1;SuppressBrackets=0;SuppConnectorLabels=0;PrintPageHeadFoot=0;ShowAsList=0;SuppressedCompartments=;Theme=:119;SaveTag=56D01039;"/>
				<swimlanes value="locked=false;orientation=0;width=0;inbar=false;names=false;color=-1;bold=false;fcol=0;tcol=-1;ofCol=-1;ufCol=-1;hl=0;ufh=0;hh=0;cls=0;bw=0;hli=0;SwimlaneFont=lfh:-10,lfw:0,lfi:0,lfu:0,lfs:0,lfface:Calibri,lfe:0,lfo:0,lfchar:1,lfop:0,lfcp:0,lfq:0,lfpf=0,lfWidth=0;"/>
				<matrixitems value="locked=false;matrixactive=false;swimlanesactive=true;kanbanactive=false;width=1;clrLine=0;"/>
				<extendedProperties/>
<elements>
<element geometry="Left=99;Top=50;Right=189;Bottom=390;" subject="EAID_9977D5D6_D839_4e85_9EF1_me0DfZpZ9J6q" seqno="1" style="DUID=D5409A04;NSL=0;BCol=-1;BFol=-1;LCol=-1;LWth=-1;fontsz=0;bold=0;black=0;italic=0;ul=0;charset=0;pitch=0;"/>
<element geometry="Left=299;Top=50;Right=389;;Bottom=390;" subject="EAID_7183D05E_D892_423c_850E_1i1kaWPqe5sg" seqno="2" style="DUID=D5409A04;NSL=0;BCol=-1;BFol=-1;LCol=-1;LWth=-1;fontsz=0;bold=0;black=0;italic=0;ul=0;charset=0;pitch=0;"/>
<element geometry="Left=499;Top=50;Right=589;;Bottom=390;" subject="EAID_7183D05E_D892_423c_850E_m4hL66rFRjpF" seqno="3" style="DUID=D5409A04;NSL=0;BCol=-1;BFol=-1;LCol=-1;LWth=-1;fontsz=0;bold=0;black=0;italic=0;ul=0;charset=0;pitch=0;"/>
<element geometry="Left=699;Top=50;Right=789;;Bottom=390;" subject="EAID_7183D05E_D892_423c_850E_EDaO5UZYICUm" seqno="4" style="DUID=D5409A04;NSL=0;BCol=-1;BFol=-1;LCol=-1;LWth=-1;fontsz=0;bold=0;black=0;italic=0;ul=0;charset=0;pitch=0;"/>
<element geometry="SX=0;SY=0;EX=0;EY=0;Path=;" subject="EAID_049D1FF1_0B97_41fb_AC69_41AFPGTZD3rJ" style=";Hidden=0;"/>
<element geometry="SX=0;SY=0;EX=0;EY=0;Path=;" subject="EAID_049D1FF1_0B97_41fb_AC69_41AFhm1Lq7h7" style=";Hidden=0;"/>
<element geometry="SX=0;SY=0;EX=0;EY=0;Path=;" subject="EAID_049D1FF1_0B97_41fb_AC69_41AFfgNbtvZe" style=";Hidden=0;"/>
<element geometry="SX=0;SY=0;EX=0;EY=0;Path=;" subject="EAID_049D1FF1_0B97_41fb_AC69_41AFRTQ2Izhn" style=";Hidden=0;"/>
<element geometry="SX=0;SY=0;EX=0;EY=0;Path=;" subject="EAID_049D1FF1_0B97_41fb_AC69_41AFjBjIdGKM" style=";Hidden=0;"/>
<element geometry="SX=0;SY=0;EX=0;EY=0;Path=;" subject="EAID_049D1FF1_0B97_41fb_AC69_41AFhm1Lq7h7" style=";Hidden=0;"/>
<element geometry="SX=0;SY=0;EX=0;EY=0;Path=;" subject="EAID_049D1FF1_0B97_41fb_AC69_41AFlBL72QST" style=";Hidden=0;"/>
</elements>
</diagram>

<diagram xmi:id="EAID_3E9162E8_3B10_4fb1_9A31_wkko03gYG8Wv">
<model package="EAPK_0D4BE3DE_DBA4_430b_9F5D_2D1DC1F19C54" localID="30" owner="EAPK_0D4BE3DE_DBA4_430b_9F5D_2D1DC1F19C54" parent="EAID_586BCAF6_15CB_4a03_81A9_4vugVX2cqCQp"/>
<properties name="use cases" type="Sequence"/>
<project author="HOME" version="1.0" created="2018-11-27 16:22:38" modified="2018-11-27 16:23:00"/>
				<style1 value="ShowPrivate=1;ShowProtected=1;ShowPublic=1;HideRelationships=0;Locked=0;Border=1;HighlightForeign=1;PackageContents=1;SequenceNotes=0;ScalePrintImage=0;PPgs.cx=0;PPgs.cy=0;DocSize.cx=850;DocSize.cy=1098;ShowDetails=0;Orientation=P;Zoom=100;ShowTags=0;OpParams=1;VisibleAttributeDetail=0;ShowOpRetType=1;ShowIcons=1;CollabNums=0;HideProps=0;ShowReqs=0;ShowCons=0;PaperSize=1;HideParents=0;UseAlias=0;HideAtts=0;HideOps=0;HideStereo=0;HideElemStereo=0;ShowTests=0;ShowMaint=0;ConnectorNotation=UML 2.1;ExplicitNavigability=0;ShowShape=1;AllDockable=0;AdvancedElementProps=1;AdvancedFeatureProps=1;AdvancedConnectorProps=1;m_bElementClassifier=1;SPT=1;ShowNotes=0;SuppressBrackets=0;SuppConnectorLabels=0;PrintPageHeadFoot=0;ShowAsList=0;"/>
				<style2 value="ExcludeRTF=0;DocAll=0;HideQuals=0;AttPkg=1;ShowTests=0;ShowMaint=0;SuppressFOC=0;INT_ARGS=;INT_RET=;INT_ATT=;SeqTopMargin=50;MatrixActive=0;SwimlanesActive=1;KanbanActive=0;MatrixLineWidth=1;MatrixLineClr=0;MatrixLocked=0;TConnectorNotation=UML 2.1;TExplicitNavigability=0;AdvancedElementProps=1;AdvancedFeatureProps=1;AdvancedConnectorProps=1;m_bElementClassifier=1;SPT=1;MDGDgm=;STBLDgm=;ShowNotes=0;VisibleAttributeDetail=0;ShowOpRetType=1;SuppressBrackets=0;SuppConnectorLabels=0;PrintPageHeadFoot=0;ShowAsList=0;SuppressedCompartments=;Theme=:119;SaveTag=56D01039;"/>
				<swimlanes value="locked=false;orientation=0;width=0;inbar=false;names=false;color=-1;bold=false;fcol=0;tcol=-1;ofCol=-1;ufCol=-1;hl=0;ufh=0;hh=0;cls=0;bw=0;hli=0;SwimlaneFont=lfh:-10,lfw:0,lfi:0,lfu:0,lfs:0,lfface:Calibri,lfe:0,lfo:0,lfchar:1,lfop:0,lfcp:0,lfq:0,lfpf=0,lfWidth=0;"/>
				<matrixitems value="locked=false;matrixactive=false;swimlanesactive=true;kanbanactive=false;width=1;clrLine=0;"/>
				<extendedProperties/>
<elements>
<element geometry="Left=99;Top=50;Right=189;Bottom=390;" subject="EAID_9977D5D6_D839_4e85_9EF1_eSuIwlyT6ztz" seqno="1" style="DUID=D5409A04;NSL=0;BCol=-1;BFol=-1;LCol=-1;LWth=-1;fontsz=0;bold=0;black=0;italic=0;ul=0;charset=0;pitch=0;"/>
<element geometry="Left=299;Top=50;Right=389;;Bottom=390;" subject="EAID_7183D05E_D892_423c_850E_qVyKrCoAkbE7" seqno="2" style="DUID=D5409A04;NSL=0;BCol=-1;BFol=-1;LCol=-1;LWth=-1;fontsz=0;bold=0;black=0;italic=0;ul=0;charset=0;pitch=0;"/>
<element geometry="Left=499;Top=50;Right=589;;Bottom=390;" subject="EAID_7183D05E_D892_423c_850E_srTkax10z8gJ" seqno="3" style="DUID=D5409A04;NSL=0;BCol=-1;BFol=-1;LCol=-1;LWth=-1;fontsz=0;bold=0;black=0;italic=0;ul=0;charset=0;pitch=0;"/>
<element geometry="Left=699;Top=50;Right=789;;Bottom=390;" subject="EAID_7183D05E_D892_423c_850E_Fp0TSlMEuFgo" seqno="4" style="DUID=D5409A04;NSL=0;BCol=-1;BFol=-1;LCol=-1;LWth=-1;fontsz=0;bold=0;black=0;italic=0;ul=0;charset=0;pitch=0;"/>
<element geometry="SX=0;SY=0;EX=0;EY=0;Path=;" subject="EAID_049D1FF1_0B97_41fb_AC69_41AFPqeXIfI6" style=";Hidden=0;"/>
<element geometry="SX=0;SY=0;EX=0;EY=0;Path=;" subject="EAID_049D1FF1_0B97_41fb_AC69_41AFvR7V6bJv" style=";Hidden=0;"/>
<element geometry="SX=0;SY=0;EX=0;EY=0;Path=;" subject="EAID_049D1FF1_0B97_41fb_AC69_41AFuFxkCHlr" style=";Hidden=0;"/>
<element geometry="SX=0;SY=0;EX=0;EY=0;Path=;" subject="EAID_049D1FF1_0B97_41fb_AC69_41AFRrXFzO6g" style=";Hidden=0;"/>
<element geometry="SX=0;SY=0;EX=0;EY=0;Path=;" subject="EAID_049D1FF1_0B97_41fb_AC69_41AFl3RtSd63" style=";Hidden=0;"/>
<element geometry="SX=0;SY=0;EX=0;EY=0;Path=;" subject="EAID_049D1FF1_0B97_41fb_AC69_41AFukHWEBsK" style=";Hidden=0;"/>
<element geometry="SX=0;SY=0;EX=0;EY=0;Path=;" subject="EAID_049D1FF1_0B97_41fb_AC69_41AFvR7V6bJv" style=";Hidden=0;"/>
<element geometry="SX=0;SY=0;EX=0;EY=0;Path=;" subject="EAID_049D1FF1_0B97_41fb_AC69_41AFiiGauFY9" style=";Hidden=0;"/>
</elements>
</diagram>

<diagram xmi:id="EAID_3E9162E8_3B10_4fb1_9A31_tyyvRA1R2DKV">
<model package="EAPK_0D4BE3DE_DBA4_430b_9F5D_2D1DC1F19C54" localID="31" owner="EAPK_0D4BE3DE_DBA4_430b_9F5D_2D1DC1F19C54" parent="EAID_586BCAF6_15CB_4a03_81A9_AkwgxXqTSFYs"/>
<properties name="use cases" type="Sequence"/>
<project author="HOME" version="1.0" created="2018-11-27 16:22:38" modified="2018-11-27 16:23:00"/>
				<style1 value="ShowPrivate=1;ShowProtected=1;ShowPublic=1;HideRelationships=0;Locked=0;Border=1;HighlightForeign=1;PackageContents=1;SequenceNotes=0;ScalePrintImage=0;PPgs.cx=0;PPgs.cy=0;DocSize.cx=850;DocSize.cy=1098;ShowDetails=0;Orientation=P;Zoom=100;ShowTags=0;OpParams=1;VisibleAttributeDetail=0;ShowOpRetType=1;ShowIcons=1;CollabNums=0;HideProps=0;ShowReqs=0;ShowCons=0;PaperSize=1;HideParents=0;UseAlias=0;HideAtts=0;HideOps=0;HideStereo=0;HideElemStereo=0;ShowTests=0;ShowMaint=0;ConnectorNotation=UML 2.1;ExplicitNavigability=0;ShowShape=1;AllDockable=0;AdvancedElementProps=1;AdvancedFeatureProps=1;AdvancedConnectorProps=1;m_bElementClassifier=1;SPT=1;ShowNotes=0;SuppressBrackets=0;SuppConnectorLabels=0;PrintPageHeadFoot=0;ShowAsList=0;"/>
				<style2 value="ExcludeRTF=0;DocAll=0;HideQuals=0;AttPkg=1;ShowTests=0;ShowMaint=0;SuppressFOC=0;INT_ARGS=;INT_RET=;INT_ATT=;SeqTopMargin=50;MatrixActive=0;SwimlanesActive=1;KanbanActive=0;MatrixLineWidth=1;MatrixLineClr=0;MatrixLocked=0;TConnectorNotation=UML 2.1;TExplicitNavigability=0;AdvancedElementProps=1;AdvancedFeatureProps=1;AdvancedConnectorProps=1;m_bElementClassifier=1;SPT=1;MDGDgm=;STBLDgm=;ShowNotes=0;VisibleAttributeDetail=0;ShowOpRetType=1;SuppressBrackets=0;SuppConnectorLabels=0;PrintPageHeadFoot=0;ShowAsList=0;SuppressedCompartments=;Theme=:119;SaveTag=56D01039;"/>
				<swimlanes value="locked=false;orientation=0;width=0;inbar=false;names=false;color=-1;bold=false;fcol=0;tcol=-1;ofCol=-1;ufCol=-1;hl=0;ufh=0;hh=0;cls=0;bw=0;hli=0;SwimlaneFont=lfh:-10,lfw:0,lfi:0,lfu:0,lfs:0,lfface:Calibri,lfe:0,lfo:0,lfchar:1,lfop:0,lfcp:0,lfq:0,lfpf=0,lfWidth=0;"/>
				<matrixitems value="locked=false;matrixactive=false;swimlanesactive=true;kanbanactive=false;width=1;clrLine=0;"/>
				<extendedProperties/>
<elements>
<element geometry="Left=99;Top=50;Right=189;Bottom=390;" subject="EAID_9977D5D6_D839_4e85_9EF1_J6mvhVKj8TIe" seqno="1" style="DUID=D5409A04;NSL=0;BCol=-1;BFol=-1;LCol=-1;LWth=-1;fontsz=0;bold=0;black=0;italic=0;ul=0;charset=0;pitch=0;"/>
<element geometry="Left=299;Top=50;Right=389;;Bottom=390;" subject="EAID_7183D05E_D892_423c_850E_ZO4KSJPpthRd" seqno="2" style="DUID=D5409A04;NSL=0;BCol=-1;BFol=-1;LCol=-1;LWth=-1;fontsz=0;bold=0;black=0;italic=0;ul=0;charset=0;pitch=0;"/>
<element geometry="Left=499;Top=50;Right=589;;Bottom=390;" subject="EAID_7183D05E_D892_423c_850E_oOD4CB6BmceP" seqno="3" style="DUID=D5409A04;NSL=0;BCol=-1;BFol=-1;LCol=-1;LWth=-1;fontsz=0;bold=0;black=0;italic=0;ul=0;charset=0;pitch=0;"/>
<element geometry="SX=0;SY=0;EX=0;EY=0;Path=;" subject="EAID_049D1FF1_0B97_41fb_AC69_41AFylQIeYtG" style=";Hidden=0;"/>
<element geometry="SX=0;SY=0;EX=0;EY=0;Path=;" subject="EAID_049D1FF1_0B97_41fb_AC69_41AFeCpKW6Op" style=";Hidden=0;"/>
<element geometry="SX=0;SY=0;EX=0;EY=0;Path=;" subject="EAID_049D1FF1_0B97_41fb_AC69_41AFOIoDaE4D" style=";Hidden=0;"/>
<element geometry="SX=0;SY=0;EX=0;EY=0;Path=;" subject="EAID_049D1FF1_0B97_41fb_AC69_41AFdf2XvBJp" style=";Hidden=0;"/>
<element geometry="SX=0;SY=0;EX=0;EY=0;Path=;" subject="EAID_049D1FF1_0B97_41fb_AC69_41AF6zcHfvdP" style=";Hidden=0;"/>
<element geometry="SX=0;SY=0;EX=0;EY=0;Path=;" subject="EAID_049D1FF1_0B97_41fb_AC69_41AF6PTiJ1B7" style=";Hidden=0;"/>
<element geometry="SX=0;SY=0;EX=0;EY=0;Path=;" subject="EAID_049D1FF1_0B97_41fb_AC69_41AFOIoDaE4D" style=";Hidden=0;"/>
<element geometry="SX=0;SY=0;EX=0;EY=0;Path=;" subject="EAID_049D1FF1_0B97_41fb_AC69_41AFyiHNaBIc" style=";Hidden=0;"/>
</elements>
</diagram>

<diagram xmi:id="EAID_3E9162E8_3B10_4fb1_9A31_qQ9a7QUXNroT">
<model package="EAPK_0D4BE3DE_DBA4_430b_9F5D_2D1DC1F19C54" localID="32" owner="EAPK_0D4BE3DE_DBA4_430b_9F5D_2D1DC1F19C54" parent="EAID_586BCAF6_15CB_4a03_81A9_Nt0wLRd6ENdX"/>
<properties name="use cases" type="Sequence"/>
<project author="HOME" version="1.0" created="2018-11-27 16:22:38" modified="2018-11-27 16:23:00"/>
				<style1 value="ShowPrivate=1;ShowProtected=1;ShowPublic=1;HideRelationships=0;Locked=0;Border=1;HighlightForeign=1;PackageContents=1;SequenceNotes=0;ScalePrintImage=0;PPgs.cx=0;PPgs.cy=0;DocSize.cx=850;DocSize.cy=1098;ShowDetails=0;Orientation=P;Zoom=100;ShowTags=0;OpParams=1;VisibleAttributeDetail=0;ShowOpRetType=1;ShowIcons=1;CollabNums=0;HideProps=0;ShowReqs=0;ShowCons=0;PaperSize=1;HideParents=0;UseAlias=0;HideAtts=0;HideOps=0;HideStereo=0;HideElemStereo=0;ShowTests=0;ShowMaint=0;ConnectorNotation=UML 2.1;ExplicitNavigability=0;ShowShape=1;AllDockable=0;AdvancedElementProps=1;AdvancedFeatureProps=1;AdvancedConnectorProps=1;m_bElementClassifier=1;SPT=1;ShowNotes=0;SuppressBrackets=0;SuppConnectorLabels=0;PrintPageHeadFoot=0;ShowAsList=0;"/>
				<style2 value="ExcludeRTF=0;DocAll=0;HideQuals=0;AttPkg=1;ShowTests=0;ShowMaint=0;SuppressFOC=0;INT_ARGS=;INT_RET=;INT_ATT=;SeqTopMargin=50;MatrixActive=0;SwimlanesActive=1;KanbanActive=0;MatrixLineWidth=1;MatrixLineClr=0;MatrixLocked=0;TConnectorNotation=UML 2.1;TExplicitNavigability=0;AdvancedElementProps=1;AdvancedFeatureProps=1;AdvancedConnectorProps=1;m_bElementClassifier=1;SPT=1;MDGDgm=;STBLDgm=;ShowNotes=0;VisibleAttributeDetail=0;ShowOpRetType=1;SuppressBrackets=0;SuppConnectorLabels=0;PrintPageHeadFoot=0;ShowAsList=0;SuppressedCompartments=;Theme=:119;SaveTag=56D01039;"/>
				<swimlanes value="locked=false;orientation=0;width=0;inbar=false;names=false;color=-1;bold=false;fcol=0;tcol=-1;ofCol=-1;ufCol=-1;hl=0;ufh=0;hh=0;cls=0;bw=0;hli=0;SwimlaneFont=lfh:-10,lfw:0,lfi:0,lfu:0,lfs:0,lfface:Calibri,lfe:0,lfo:0,lfchar:1,lfop:0,lfcp:0,lfq:0,lfpf=0,lfWidth=0;"/>
				<matrixitems value="locked=false;matrixactive=false;swimlanesactive=true;kanbanactive=false;width=1;clrLine=0;"/>
				<extendedProperties/>
<elements>
<element geometry="Left=99;Top=50;Right=189;Bottom=390;" subject="EAID_9977D5D6_D839_4e85_9EF1_t07Ytpn69Daw" seqno="1" style="DUID=D5409A04;NSL=0;BCol=-1;BFol=-1;LCol=-1;LWth=-1;fontsz=0;bold=0;black=0;italic=0;ul=0;charset=0;pitch=0;"/>
<element geometry="Left=299;Top=50;Right=389;;Bottom=390;" subject="EAID_7183D05E_D892_423c_850E_2knWkgk0e8qj" seqno="2" style="DUID=D5409A04;NSL=0;BCol=-1;BFol=-1;LCol=-1;LWth=-1;fontsz=0;bold=0;black=0;italic=0;ul=0;charset=0;pitch=0;"/>
<element geometry="Left=499;Top=50;Right=589;;Bottom=390;" subject="EAID_7183D05E_D892_423c_850E_wfSJMvkrfKFr" seqno="3" style="DUID=D5409A04;NSL=0;BCol=-1;BFol=-1;LCol=-1;LWth=-1;fontsz=0;bold=0;black=0;italic=0;ul=0;charset=0;pitch=0;"/>
<element geometry="Left=699;Top=50;Right=789;;Bottom=390;" subject="EAID_7183D05E_D892_423c_850E_7iWALWDsJX3O" seqno="4" style="DUID=D5409A04;NSL=0;BCol=-1;BFol=-1;LCol=-1;LWth=-1;fontsz=0;bold=0;black=0;italic=0;ul=0;charset=0;pitch=0;"/>
<element geometry="SX=0;SY=0;EX=0;EY=0;Path=;" subject="EAID_049D1FF1_0B97_41fb_AC69_41AFYp8qbh61" style=";Hidden=0;"/>
<element geometry="SX=0;SY=0;EX=0;EY=0;Path=;" subject="EAID_049D1FF1_0B97_41fb_AC69_41AFQCvFPDxu" style=";Hidden=0;"/>
<element geometry="SX=0;SY=0;EX=0;EY=0;Path=;" subject="EAID_049D1FF1_0B97_41fb_AC69_41AFEfm9Qltz" style=";Hidden=0;"/>
<element geometry="SX=0;SY=0;EX=0;EY=0;Path=;" subject="EAID_049D1FF1_0B97_41fb_AC69_41AFLpjo85UJ" style=";Hidden=0;"/>
<element geometry="SX=0;SY=0;EX=0;EY=0;Path=;" subject="EAID_049D1FF1_0B97_41fb_AC69_41AFqpe05F28" style=";Hidden=0;"/>
<element geometry="SX=0;SY=0;EX=0;EY=0;Path=;" subject="EAID_049D1FF1_0B97_41fb_AC69_41AFKZByl8eD" style=";Hidden=0;"/>
<element geometry="SX=0;SY=0;EX=0;EY=0;Path=;" subject="EAID_049D1FF1_0B97_41fb_AC69_41AFQCvFPDxu" style=";Hidden=0;"/>
<element geometry="SX=0;SY=0;EX=0;EY=0;Path=;" subject="EAID_049D1FF1_0B97_41fb_AC69_41AFGrxXbBap" style=";Hidden=0;"/>
</elements>
</diagram>

<diagram xmi:id="EAID_3E9162E8_3B10_4fb1_9A31_VwsiYkLBsKDG">
<model package="EAPK_0D4BE3DE_DBA4_430b_9F5D_2D1DC1F19C54" localID="33" owner="EAPK_0D4BE3DE_DBA4_430b_9F5D_2D1DC1F19C54" parent="EAID_586BCAF6_15CB_4a03_81A9_pZL4hTBgLujq"/>
<properties name="use cases" type="Sequence"/>
<project author="HOME" version="1.0" created="2018-11-27 16:22:38" modified="2018-11-27 16:23:00"/>
				<style1 value="ShowPrivate=1;ShowProtected=1;ShowPublic=1;HideRelationships=0;Locked=0;Border=1;HighlightForeign=1;PackageContents=1;SequenceNotes=0;ScalePrintImage=0;PPgs.cx=0;PPgs.cy=0;DocSize.cx=850;DocSize.cy=1098;ShowDetails=0;Orientation=P;Zoom=100;ShowTags=0;OpParams=1;VisibleAttributeDetail=0;ShowOpRetType=1;ShowIcons=1;CollabNums=0;HideProps=0;ShowReqs=0;ShowCons=0;PaperSize=1;HideParents=0;UseAlias=0;HideAtts=0;HideOps=0;HideStereo=0;HideElemStereo=0;ShowTests=0;ShowMaint=0;ConnectorNotation=UML 2.1;ExplicitNavigability=0;ShowShape=1;AllDockable=0;AdvancedElementProps=1;AdvancedFeatureProps=1;AdvancedConnectorProps=1;m_bElementClassifier=1;SPT=1;ShowNotes=0;SuppressBrackets=0;SuppConnectorLabels=0;PrintPageHeadFoot=0;ShowAsList=0;"/>
				<style2 value="ExcludeRTF=0;DocAll=0;HideQuals=0;AttPkg=1;ShowTests=0;ShowMaint=0;SuppressFOC=0;INT_ARGS=;INT_RET=;INT_ATT=;SeqTopMargin=50;MatrixActive=0;SwimlanesActive=1;KanbanActive=0;MatrixLineWidth=1;MatrixLineClr=0;MatrixLocked=0;TConnectorNotation=UML 2.1;TExplicitNavigability=0;AdvancedElementProps=1;AdvancedFeatureProps=1;AdvancedConnectorProps=1;m_bElementClassifier=1;SPT=1;MDGDgm=;STBLDgm=;ShowNotes=0;VisibleAttributeDetail=0;ShowOpRetType=1;SuppressBrackets=0;SuppConnectorLabels=0;PrintPageHeadFoot=0;ShowAsList=0;SuppressedCompartments=;Theme=:119;SaveTag=56D01039;"/>
				<swimlanes value="locked=false;orientation=0;width=0;inbar=false;names=false;color=-1;bold=false;fcol=0;tcol=-1;ofCol=-1;ufCol=-1;hl=0;ufh=0;hh=0;cls=0;bw=0;hli=0;SwimlaneFont=lfh:-10,lfw:0,lfi:0,lfu:0,lfs:0,lfface:Calibri,lfe:0,lfo:0,lfchar:1,lfop:0,lfcp:0,lfq:0,lfpf=0,lfWidth=0;"/>
				<matrixitems value="locked=false;matrixactive=false;swimlanesactive=true;kanbanactive=false;width=1;clrLine=0;"/>
				<extendedProperties/>
<elements>
<element geometry="Left=99;Top=50;Right=189;Bottom=390;" subject="EAID_9977D5D6_D839_4e85_9EF1_2OoWMciM5wOf" seqno="1" style="DUID=D5409A04;NSL=0;BCol=-1;BFol=-1;LCol=-1;LWth=-1;fontsz=0;bold=0;black=0;italic=0;ul=0;charset=0;pitch=0;"/>
<element geometry="Left=299;Top=50;Right=389;;Bottom=390;" subject="EAID_7183D05E_D892_423c_850E_4VnpTVnUp3Qk" seqno="2" style="DUID=D5409A04;NSL=0;BCol=-1;BFol=-1;LCol=-1;LWth=-1;fontsz=0;bold=0;black=0;italic=0;ul=0;charset=0;pitch=0;"/>
<element geometry="Left=499;Top=50;Right=589;;Bottom=390;" subject="EAID_7183D05E_D892_423c_850E_b5PVxBzDJagP" seqno="3" style="DUID=D5409A04;NSL=0;BCol=-1;BFol=-1;LCol=-1;LWth=-1;fontsz=0;bold=0;black=0;italic=0;ul=0;charset=0;pitch=0;"/>
<element geometry="Left=699;Top=50;Right=789;;Bottom=390;" subject="EAID_7183D05E_D892_423c_850E_HFmTdKBehGUN" seqno="4" style="DUID=D5409A04;NSL=0;BCol=-1;BFol=-1;LCol=-1;LWth=-1;fontsz=0;bold=0;black=0;italic=0;ul=0;charset=0;pitch=0;"/>
<element geometry="SX=0;SY=0;EX=0;EY=0;Path=;" subject="EAID_049D1FF1_0B97_41fb_AC69_41AFzmskvwap" style=";Hidden=0;"/>
<element geometry="SX=0;SY=0;EX=0;EY=0;Path=;" subject="EAID_049D1FF1_0B97_41fb_AC69_41AF47zsDbSG" style=";Hidden=0;"/>
<element geometry="SX=0;SY=0;EX=0;EY=0;Path=;" subject="EAID_049D1FF1_0B97_41fb_AC69_41AFPBIjt2nT" style=";Hidden=0;"/>
<element geometry="SX=0;SY=0;EX=0;EY=0;Path=;" subject="EAID_049D1FF1_0B97_41fb_AC69_41AFe1ZcPFYv" style=";Hidden=0;"/>
<element geometry="SX=0;SY=0;EX=0;EY=0;Path=;" subject="EAID_049D1FF1_0B97_41fb_AC69_41AFlIXH6BWB" style=";Hidden=0;"/>
<element geometry="SX=0;SY=0;EX=0;EY=0;Path=;" subject="EAID_049D1FF1_0B97_41fb_AC69_41AF47zsDbSG" style=";Hidden=0;"/>
<element geometry="SX=0;SY=0;EX=0;EY=0;Path=;" subject="EAID_049D1FF1_0B97_41fb_AC69_41AFG7oxLQX5" style=";Hidden=0;"/>
</elements>
</diagram>
</diagrams>
	</xmi:Extension></xmi:XMI>