<?xml version="1.0" encoding="windows-1252"?>
<xmi:XMI xmi:version="2.1" xmlns:uml="http://schema.omg.org/spec/UML/2.1" xmlns:xmi="http://schema.omg.org/spec/XMI/2.1">
	<xmi:Documentation exporter="Enterprise Architect" exporterVersion="6.5"/>
	<uml:Model xmi:type="uml:Model" name="EA_Model" visibility="public">
		<packagedElement xmi:type="uml:Package" xmi:id="EAPK_0D4BE3DE_DBA4_430b_9F5D_2D1DC1F19C54" name="use cases" visibility="public">
<packagedElement xmi:type="uml:UseCase" xmi:id="EAID_586BCAF6_15CB_4a03_81A9_EF34AE4B312B" name="Add Users1" visibility="public">
<nestedClassifier xmi:type="uml:Collaboration" xmi:id="EAID_CB000000_AF6_15CB_4a03_81A9_EF34AE4B312" name="EA_Collaboration1" visibility="public">
<ownedBehavior xmi:type="uml:Interaction" xmi:id="EAID_IN000000_AF6_15CB_4a03_81A9_EF34AE4B312" name="EA_Interaction1" visibility="public">
<lifeline xmi:type="uml:Lifeline" xmi:id="EAID_LL000000_D892_423c_850E_8109476FDED0" name="User" visibility="public" represents="EAID_AT000000_D892_423c_850E_8109476FDED0"/>
<lifeline xmi:type="uml:Lifeline" xmi:id="EAID_7183D05E_D892_423c_850E_2sNDy8YpfKUC" name="Scenariodisplay" visibility="public" represents="EAID_AT000000_D892_423c_850E_2sNDy8YpfKUC"/>
<lifeline xmi:type="uml:Lifeline" xmi:id="EAID_7183D05E_D892_423c_850E_eWBGWEsyk7C2" name="LogoutButton" visibility="public" represents="EAID_AT000000_D892_423c_850E_eWBGWEsyk7C2"/>
<fragment xmi:type="uml:OccurrenceSpecification" xmi:id="EAID_FR000002_D892_423c_850E_8109476FDED0" covered="EAID_LL000000_D892_423c_850E_8109476FDED0"/>
<fragment xmi:type="uml:OccurrenceSpecification" xmi:id="EAID_FR000003_D892_423c_850E_2sNDy8YpfKUC" covered="EAID_7183D05E_D892_423c_850E_2sNDy8YpfKUC"/>
<fragment xmi:type="uml:OccurrenceSpecification" xmi:id="EAID_FR000004_D892_423c_850E_8109476FDED0" covered="EAID_LL000000_D892_423c_850E_8109476FDED0"/>
<fragment xmi:type="uml:OccurrenceSpecification" xmi:id="EAID_FR000005_D892_423c_850E_eWBGWEsyk7C2" covered="EAID_7183D05E_D892_423c_850E_eWBGWEsyk7C2"/>
<fragment xmi:type="uml:OccurrenceSpecification" xmi:id="EAID_FR000006_D892_423c_850E_eWBGWEsyk7C2" covered="EAID_7183D05E_D892_423c_850E_eWBGWEsyk7C2"/>
<fragment xmi:type="uml:OccurrenceSpecification" xmi:id="EAID_FR000007_D892_423c_850E_2sNDy8YpfKUC" covered="EAID_7183D05E_D892_423c_850E_2sNDy8YpfKUC"/>
<fragment xmi:type="uml:OccurrenceSpecification" xmi:id="EAID_FR000008_D892_423c_850E_2sNDy8YpfKUC" covered="EAID_7183D05E_D892_423c_850E_2sNDy8YpfKUC"/>
<fragment xmi:type="uml:OccurrenceSpecification" xmi:id="EAID_FR000009_D892_423c_850E_2sNDy8YpfKUC" covered="EAID_7183D05E_D892_423c_850E_2sNDy8YpfKUC"/>
<fragment xmi:type="uml:OccurrenceSpecification" xmi:id="EAID_FR0000010_D892_423c_850E_2sNDy8YpfKUC" covered="EAID_7183D05E_D892_423c_850E_2sNDy8YpfKUC"/>
<fragment xmi:type="uml:OccurrenceSpecification" xmi:id="EAID_FR0000011_D892_423c_850E_2sNDy8YpfKUC" covered="EAID_7183D05E_D892_423c_850E_2sNDy8YpfKUC"/>
<fragment xmi:type="uml:OccurrenceSpecification" xmi:id="EAID_FR0000012_D892_423c_850E_2sNDy8YpfKUC" covered="EAID_7183D05E_D892_423c_850E_2sNDy8YpfKUC"/>
<fragment xmi:type="uml:OccurrenceSpecification" xmi:id="EAID_FR0000013_D892_423c_850E_2sNDy8YpfKUC" covered="EAID_7183D05E_D892_423c_850E_2sNDy8YpfKUC"/>
<message xmi:type="uml:Message" xmi:id="EAID_049D1FF1_0B97_41fb_AC69_41AFga2Wnn5Q" name="Scenariodisplay" messageKind="complete" messageSort="synchCall" sendEvent="EAID_FR000004_D892_423c_850E_8109476FDED0" receiveEvent="EAID_FR0000013_D892_423c_850E_2sNDy8YpfKUC"/>
<message xmi:type="uml:Message" xmi:id="EAID_049D1FF1_0B97_41fb_AC69_41AFj1dD5iLi" name="Civilianorveteranradiobutton" messageKind="complete" messageSort="synchCall" sendEvent="EAID_FR000004_D892_423c_850E_8109476FDED0" receiveEvent="EAID_FR000006_D892_423c_850E_eWBGWEsyk7C2"/>
<message xmi:type="uml:Message" xmi:id="EAID_049D1FF1_0B97_41fb_AC69_41AFS4OjTALh" name="loadfirstscenario" messageKind="complete" messageSort="synchCall" sendEvent="EAID_FR000006_D892_423c_850E_eWBGWEsyk7C2" receiveEvent="EAID_FR0000013_D892_423c_850E_2sNDy8YpfKUC"/>
<message xmi:type="uml:Message" xmi:id="EAID_049D1FF1_0B97_41fb_AC69_41AFuObYvDrw" name="Scenario" messageKind="complete" messageSort="synchCall" sendEvent="EAID_FR0000013_D892_423c_850E_2sNDy8YpfKUC" receiveEvent="EAID_FR0000013_D892_423c_850E_2sNDy8YpfKUC"/>
<message xmi:type="uml:Message" xmi:id="EAID_049D1FF1_0B97_41fb_AC69_41AFhO8Ke9l3" name="displayscenario" messageKind="complete" messageSort="synchCall" sendEvent="EAID_FR0000013_D892_423c_850E_2sNDy8YpfKUC" receiveEvent="EAID_FR0000013_D892_423c_850E_2sNDy8YpfKUC"/>
<message xmi:type="uml:Message" xmi:id="EAID_049D1FF1_0B97_41fb_AC69_41AFrzb9peq1" name="Scenariodisplay" messageKind="complete" messageSort="synchCall" sendEvent="EAID_FR0000013_D892_423c_850E_2sNDy8YpfKUC" receiveEvent="EAID_FR0000013_D892_423c_850E_2sNDy8YpfKUC"/>
</ownedBehavior>
<ownedAttribute xmi:type="uml:Property" xmi:id="EAID_AT000000_D892_423c_850E_2sNDy8YpfKUC"/>
<ownedAttribute xmi:type="uml:Property" xmi:id="EAID_AT000000_D892_423c_850E_eWBGWEsyk7C2"/>
<ownedAttribute xmi:type="uml:Property" xmi:id="EAID_AT000000_D892_423c_850E_8109476FDED0">
<type xmi:idref="EAID_9977D5D6_D839_4e85_9EF1_38844704F245"/>
					</ownedAttribute>
				</nestedClassifier>
			</packagedElement>
<packagedElement xmi:type="uml:Actor" xmi:id="EAID_9977D5D6_D839_4e85_9EF1_38844704F245" name="User" visibility="public"/>

<packagedElement xmi:type="uml:UseCase" xmi:id="EAID_586BCAF6_15CB_4a03_81A9_m3zhLRXX58P0" name="Add Users2" visibility="public">
<nestedClassifier xmi:type="uml:Collaboration" xmi:id="EAID_CB000000_AF6_15CB_4a03_81A9_erYZFVpsa3l" name="EA_Collaboration2" visibility="public">
<ownedBehavior xmi:type="uml:Interaction" xmi:id="EAID_IN000000_AF6_15CB_4a03_81A9_pDQQBWiPMRq" name="EA_Interaction2" visibility="public">
<lifeline xmi:type="uml:Lifeline" xmi:id="EAID_LL000000_D892_423c_850E_eWBGWEsyk7C2" name="User" visibility="public" represents="EAID_AT000000_D892_423c_850E_8109476FDED0"/>
<lifeline xmi:type="uml:Lifeline" xmi:id="EAID_7183D05E_D892_423c_850E_wl8fp9YqcvEa" name="LogoutButton" visibility="public" represents="EAID_AT000000_D892_423c_850E_wl8fp9YqcvEa"/>
<lifeline xmi:type="uml:Lifeline" xmi:id="EAID_7183D05E_D892_423c_850E_bAw81Kpp4HX6" name="frontpage" visibility="public" represents="EAID_AT000000_D892_423c_850E_bAw81Kpp4HX6"/>
<lifeline xmi:type="uml:Lifeline" xmi:id="EAID_7183D05E_D892_423c_850E_bsOy4LghT3Ne" name="Cookie" visibility="public" represents="EAID_AT000000_D892_423c_850E_bsOy4LghT3Ne"/>
<lifeline xmi:type="uml:Lifeline" xmi:id="EAID_7183D05E_D892_423c_850E_38GABoNNeJUw" name="clearlocalcache" visibility="public" represents="EAID_AT000000_D892_423c_850E_38GABoNNeJUw"/>
<fragment xmi:type="uml:OccurrenceSpecification" xmi:id="EAID_FR000002_D892_423c_850E_eWBGWEsyk7C2" covered="EAID_LL000000_D892_423c_850E_eWBGWEsyk7C2"/>
<fragment xmi:type="uml:OccurrenceSpecification" xmi:id="EAID_FR000003_D892_423c_850E_wl8fp9YqcvEa" covered="EAID_7183D05E_D892_423c_850E_wl8fp9YqcvEa"/>
<fragment xmi:type="uml:OccurrenceSpecification" xmi:id="EAID_FR000004_D892_423c_850E_wl8fp9YqcvEa" covered="EAID_7183D05E_D892_423c_850E_wl8fp9YqcvEa"/>
<fragment xmi:type="uml:OccurrenceSpecification" xmi:id="EAID_FR000005_D892_423c_850E_38GABoNNeJUw" covered="EAID_7183D05E_D892_423c_850E_38GABoNNeJUw"/>
<fragment xmi:type="uml:OccurrenceSpecification" xmi:id="EAID_FR000006_D892_423c_850E_38GABoNNeJUw" covered="EAID_7183D05E_D892_423c_850E_38GABoNNeJUw"/>
<fragment xmi:type="uml:OccurrenceSpecification" xmi:id="EAID_FR000007_D892_423c_850E_bsOy4LghT3Ne" covered="EAID_7183D05E_D892_423c_850E_bsOy4LghT3Ne"/>
<fragment xmi:type="uml:OccurrenceSpecification" xmi:id="EAID_FR000008_D892_423c_850E_38GABoNNeJUw" covered="EAID_7183D05E_D892_423c_850E_38GABoNNeJUw"/>
<fragment xmi:type="uml:OccurrenceSpecification" xmi:id="EAID_FR000009_D892_423c_850E_bAw81Kpp4HX6" covered="EAID_7183D05E_D892_423c_850E_bAw81Kpp4HX6"/>
<fragment xmi:type="uml:OccurrenceSpecification" xmi:id="EAID_FR0000010_D892_423c_850E_eWBGWEsyk7C2" covered="EAID_LL000000_D892_423c_850E_eWBGWEsyk7C2"/>
<fragment xmi:type="uml:OccurrenceSpecification" xmi:id="EAID_FR0000011_D892_423c_850E_bAw81Kpp4HX6" covered="EAID_7183D05E_D892_423c_850E_bAw81Kpp4HX6"/>
<message xmi:type="uml:Message" xmi:id="EAID_049D1FF1_0B97_41fb_AC69_41AFRjXczpLq" name="LogoutButton" messageKind="complete" messageSort="synchCall" sendEvent="EAID_FR0000010_D892_423c_850E_eWBGWEsyk7C2" receiveEvent="EAID_FR000004_D892_423c_850E_wl8fp9YqcvEa"/>
<message xmi:type="uml:Message" xmi:id="EAID_049D1FF1_0B97_41fb_AC69_41AFVXalFx7m" name="clearlocalcache" messageKind="complete" messageSort="synchCall" sendEvent="EAID_FR000004_D892_423c_850E_wl8fp9YqcvEa" receiveEvent="EAID_FR000008_D892_423c_850E_38GABoNNeJUw"/>
<message xmi:type="uml:Message" xmi:id="EAID_049D1FF1_0B97_41fb_AC69_41AFgtIysPqe" name="Cookie" messageKind="complete" messageSort="synchCall" sendEvent="EAID_FR000008_D892_423c_850E_38GABoNNeJUw" receiveEvent="EAID_FR000007_D892_423c_850E_bsOy4LghT3Ne"/>
<message xmi:type="uml:Message" xmi:id="EAID_049D1FF1_0B97_41fb_AC69_41AFGZ9PatpI" name="frontpage" messageKind="complete" messageSort="synchCall" sendEvent="EAID_FR000008_D892_423c_850E_38GABoNNeJUw" receiveEvent="EAID_FR0000011_D892_423c_850E_bAw81Kpp4HX6"/>
<message xmi:type="uml:Message" xmi:id="EAID_049D1FF1_0B97_41fb_AC69_41AFDLfLE1eW" name="frontpage" messageKind="complete" messageSort="synchCall" sendEvent="EAID_FR0000010_D892_423c_850E_eWBGWEsyk7C2" receiveEvent="EAID_FR0000011_D892_423c_850E_bAw81Kpp4HX6"/>
</ownedBehavior>
<ownedAttribute xmi:type="uml:Property" xmi:id="EAID_AT000000_D892_423c_850E_wl8fp9YqcvEa"/>
<ownedAttribute xmi:type="uml:Property" xmi:id="EAID_AT000000_D892_423c_850E_bAw81Kpp4HX6"/>
<ownedAttribute xmi:type="uml:Property" xmi:id="EAID_AT000000_D892_423c_850E_bsOy4LghT3Ne"/>
<ownedAttribute xmi:type="uml:Property" xmi:id="EAID_AT000000_D892_423c_850E_38GABoNNeJUw"/>
<ownedAttribute xmi:type="uml:Property" xmi:id="EAID_AT000000_D892_423c_850E_8109476FDED0">
<type xmi:idref="EAID_9977D5D6_D839_4e85_9EF1_ebaYoofQOsg2"/>
					</ownedAttribute>
				</nestedClassifier>
			</packagedElement>
<packagedElement xmi:type="uml:Actor" xmi:id="EAID_9977D5D6_D839_4e85_9EF1_ebaYoofQOsg2" name="User" visibility="public"/>

<packagedElement xmi:type="uml:UseCase" xmi:id="EAID_586BCAF6_15CB_4a03_81A9_6mBSZH0Gei92" name="Add Users3" visibility="public">
<nestedClassifier xmi:type="uml:Collaboration" xmi:id="EAID_CB000000_AF6_15CB_4a03_81A9_fsaMmZyPTFo" name="EA_Collaboration3" visibility="public">
<ownedBehavior xmi:type="uml:Interaction" xmi:id="EAID_IN000000_AF6_15CB_4a03_81A9_1gvjwXY05WC" name="EA_Interaction3" visibility="public">
<lifeline xmi:type="uml:Lifeline" xmi:id="EAID_LL000000_D892_423c_850E_38GABoNNeJUw" name="User" visibility="public" represents="EAID_AT000000_D892_423c_850E_8109476FDED0"/>
<lifeline xmi:type="uml:Lifeline" xmi:id="EAID_7183D05E_D892_423c_850E_Jytl5iXPzaIC" name="Emptycompletemessage" visibility="public" represents="EAID_AT000000_D892_423c_850E_Jytl5iXPzaIC"/>
<lifeline xmi:type="uml:Lifeline" xmi:id="EAID_7183D05E_D892_423c_850E_UjtfBnPCS15Q" name="userinterface" visibility="public" represents="EAID_AT000000_D892_423c_850E_UjtfBnPCS15Q"/>
<lifeline xmi:type="uml:Lifeline" xmi:id="EAID_7183D05E_D892_423c_850E_BQpcRNzsaFZT" name="checklogininformation" visibility="public" represents="EAID_AT000000_D892_423c_850E_BQpcRNzsaFZT"/>
<fragment xmi:type="uml:OccurrenceSpecification" xmi:id="EAID_FR000002_D892_423c_850E_38GABoNNeJUw" covered="EAID_LL000000_D892_423c_850E_38GABoNNeJUw"/>
<fragment xmi:type="uml:OccurrenceSpecification" xmi:id="EAID_FR000003_D892_423c_850E_Jytl5iXPzaIC" covered="EAID_7183D05E_D892_423c_850E_Jytl5iXPzaIC"/>
<fragment xmi:type="uml:OccurrenceSpecification" xmi:id="EAID_FR000004_D892_423c_850E_38GABoNNeJUw" covered="EAID_LL000000_D892_423c_850E_38GABoNNeJUw"/>
<fragment xmi:type="uml:OccurrenceSpecification" xmi:id="EAID_FR000005_D892_423c_850E_UjtfBnPCS15Q" covered="EAID_7183D05E_D892_423c_850E_UjtfBnPCS15Q"/>
<fragment xmi:type="uml:OccurrenceSpecification" xmi:id="EAID_FR000006_D892_423c_850E_38GABoNNeJUw" covered="EAID_LL000000_D892_423c_850E_38GABoNNeJUw"/>
<fragment xmi:type="uml:OccurrenceSpecification" xmi:id="EAID_FR000007_D892_423c_850E_UjtfBnPCS15Q" covered="EAID_7183D05E_D892_423c_850E_UjtfBnPCS15Q"/>
<fragment xmi:type="uml:OccurrenceSpecification" xmi:id="EAID_FR000008_D892_423c_850E_38GABoNNeJUw" covered="EAID_LL000000_D892_423c_850E_38GABoNNeJUw"/>
<fragment xmi:type="uml:OccurrenceSpecification" xmi:id="EAID_FR000009_D892_423c_850E_UjtfBnPCS15Q" covered="EAID_7183D05E_D892_423c_850E_UjtfBnPCS15Q"/>
<fragment xmi:type="uml:OccurrenceSpecification" xmi:id="EAID_FR0000010_D892_423c_850E_UjtfBnPCS15Q" covered="EAID_7183D05E_D892_423c_850E_UjtfBnPCS15Q"/>
<fragment xmi:type="uml:OccurrenceSpecification" xmi:id="EAID_FR0000011_D892_423c_850E_BQpcRNzsaFZT" covered="EAID_7183D05E_D892_423c_850E_BQpcRNzsaFZT"/>
<fragment xmi:type="uml:OccurrenceSpecification" xmi:id="EAID_FR0000012_D892_423c_850E_BQpcRNzsaFZT" covered="EAID_7183D05E_D892_423c_850E_BQpcRNzsaFZT"/>
<fragment xmi:type="uml:OccurrenceSpecification" xmi:id="EAID_FR0000013_D892_423c_850E_Jytl5iXPzaIC" covered="EAID_7183D05E_D892_423c_850E_Jytl5iXPzaIC"/>
<fragment xmi:type="uml:OccurrenceSpecification" xmi:id="EAID_FR0000014_D892_423c_850E_BQpcRNzsaFZT" covered="EAID_7183D05E_D892_423c_850E_BQpcRNzsaFZT"/>
<fragment xmi:type="uml:OccurrenceSpecification" xmi:id="EAID_FR0000015_D892_423c_850E_UjtfBnPCS15Q" covered="EAID_7183D05E_D892_423c_850E_UjtfBnPCS15Q"/>
<fragment xmi:type="uml:OccurrenceSpecification" xmi:id="EAID_FR0000016_D892_423c_850E_BQpcRNzsaFZT" covered="EAID_7183D05E_D892_423c_850E_BQpcRNzsaFZT"/>
<fragment xmi:type="uml:OccurrenceSpecification" xmi:id="EAID_FR0000017_D892_423c_850E_UjtfBnPCS15Q" covered="EAID_7183D05E_D892_423c_850E_UjtfBnPCS15Q"/>
<fragment xmi:type="uml:OccurrenceSpecification" xmi:id="EAID_FR0000018_D892_423c_850E_BQpcRNzsaFZT" covered="EAID_7183D05E_D892_423c_850E_BQpcRNzsaFZT"/>
<fragment xmi:type="uml:OccurrenceSpecification" xmi:id="EAID_FR0000019_D892_423c_850E_UjtfBnPCS15Q" covered="EAID_7183D05E_D892_423c_850E_UjtfBnPCS15Q"/>
<message xmi:type="uml:Message" xmi:id="EAID_049D1FF1_0B97_41fb_AC69_41AF12OPbQme" name="ErrorMessage" messageKind="complete" messageSort="synchCall" sendEvent="EAID_FR000008_D892_423c_850E_38GABoNNeJUw" receiveEvent="EAID_FR0000013_D892_423c_850E_Jytl5iXPzaIC"/>
<message xmi:type="uml:Message" xmi:id="EAID_049D1FF1_0B97_41fb_AC69_41AFP4etPxez" name="userinterface" messageKind="complete" messageSort="synchCall" sendEvent="EAID_FR000008_D892_423c_850E_38GABoNNeJUw" receiveEvent="EAID_FR0000019_D892_423c_850E_UjtfBnPCS15Q"/>
<message xmi:type="uml:Message" xmi:id="EAID_049D1FF1_0B97_41fb_AC69_41AFQTuRHV90" name="admininterface" messageKind="complete" messageSort="synchCall" sendEvent="EAID_FR000008_D892_423c_850E_38GABoNNeJUw" receiveEvent="EAID_FR0000019_D892_423c_850E_UjtfBnPCS15Q"/>
<message xmi:type="uml:Message" xmi:id="EAID_049D1FF1_0B97_41fb_AC69_41AFBlaBImtT" name="usernameandpasswordinterface" messageKind="complete" messageSort="synchCall" sendEvent="EAID_FR000008_D892_423c_850E_38GABoNNeJUw" receiveEvent="EAID_FR0000019_D892_423c_850E_UjtfBnPCS15Q"/>
<message xmi:type="uml:Message" xmi:id="EAID_049D1FF1_0B97_41fb_AC69_41AFpPWAmrEe" name="checklogininformation" messageKind="complete" messageSort="synchCall" sendEvent="EAID_FR0000019_D892_423c_850E_UjtfBnPCS15Q" receiveEvent="EAID_FR0000018_D892_423c_850E_BQpcRNzsaFZT"/>
<message xmi:type="uml:Message" xmi:id="EAID_049D1FF1_0B97_41fb_AC69_41AF5mhIN88Z" name="ErrorMessage" messageKind="complete" messageSort="synchCall" sendEvent="EAID_FR0000018_D892_423c_850E_BQpcRNzsaFZT" receiveEvent="EAID_FR0000013_D892_423c_850E_Jytl5iXPzaIC"/>
<message xmi:type="uml:Message" xmi:id="EAID_049D1FF1_0B97_41fb_AC69_41AFyPRIWBsb" name="UserInfo" messageKind="complete" messageSort="synchCall" sendEvent="EAID_FR0000018_D892_423c_850E_BQpcRNzsaFZT" receiveEvent="EAID_FR0000019_D892_423c_850E_UjtfBnPCS15Q"/>
<message xmi:type="uml:Message" xmi:id="EAID_049D1FF1_0B97_41fb_AC69_41AFJsVGfUwn" name="admininterface" messageKind="complete" messageSort="synchCall" sendEvent="EAID_FR0000018_D892_423c_850E_BQpcRNzsaFZT" receiveEvent="EAID_FR0000019_D892_423c_850E_UjtfBnPCS15Q"/>
<message xmi:type="uml:Message" xmi:id="EAID_049D1FF1_0B97_41fb_AC69_41AFQxFDNySD" name="userinterface" messageKind="complete" messageSort="synchCall" sendEvent="EAID_FR0000018_D892_423c_850E_BQpcRNzsaFZT" receiveEvent="EAID_FR0000019_D892_423c_850E_UjtfBnPCS15Q"/>
</ownedBehavior>
<ownedAttribute xmi:type="uml:Property" xmi:id="EAID_AT000000_D892_423c_850E_Jytl5iXPzaIC"/>
<ownedAttribute xmi:type="uml:Property" xmi:id="EAID_AT000000_D892_423c_850E_UjtfBnPCS15Q"/>
<ownedAttribute xmi:type="uml:Property" xmi:id="EAID_AT000000_D892_423c_850E_BQpcRNzsaFZT"/>
<ownedAttribute xmi:type="uml:Property" xmi:id="EAID_AT000000_D892_423c_850E_8109476FDED0">
<type xmi:idref="EAID_9977D5D6_D839_4e85_9EF1_Yk7q5polgREU"/>
					</ownedAttribute>
				</nestedClassifier>
			</packagedElement>
<packagedElement xmi:type="uml:Actor" xmi:id="EAID_9977D5D6_D839_4e85_9EF1_Yk7q5polgREU" name="User" visibility="public"/>

<packagedElement xmi:type="uml:UseCase" xmi:id="EAID_586BCAF6_15CB_4a03_81A9_5AJmtyKmrvby" name="Add Users4" visibility="public">
<nestedClassifier xmi:type="uml:Collaboration" xmi:id="EAID_CB000000_AF6_15CB_4a03_81A9_Gk3YNmEcr3F" name="EA_Collaboration4" visibility="public">
<ownedBehavior xmi:type="uml:Interaction" xmi:id="EAID_IN000000_AF6_15CB_4a03_81A9_CbCbQ3tzfI8" name="EA_Interaction4" visibility="public">
<lifeline xmi:type="uml:Lifeline" xmi:id="EAID_LL000000_D892_423c_850E_BQpcRNzsaFZT" name="User" visibility="public" represents="EAID_AT000000_D892_423c_850E_8109476FDED0"/>
<lifeline xmi:type="uml:Lifeline" xmi:id="EAID_7183D05E_D892_423c_850E_1auUYn1MwzNi" name="Storetheanswerforthescenario" visibility="public" represents="EAID_AT000000_D892_423c_850E_1auUYn1MwzNi"/>
<lifeline xmi:type="uml:Lifeline" xmi:id="EAID_7183D05E_D892_423c_850E_klNzDLDiYSXG" name="CookieExpirationError" visibility="public" represents="EAID_AT000000_D892_423c_850E_klNzDLDiYSXG"/>
<lifeline xmi:type="uml:Lifeline" xmi:id="EAID_7183D05E_D892_423c_850E_ORfIfTeBL6wt" name="frontpage" visibility="public" represents="EAID_AT000000_D892_423c_850E_ORfIfTeBL6wt"/>
<fragment xmi:type="uml:OccurrenceSpecification" xmi:id="EAID_FR000002_D892_423c_850E_BQpcRNzsaFZT" covered="EAID_LL000000_D892_423c_850E_BQpcRNzsaFZT"/>
<fragment xmi:type="uml:OccurrenceSpecification" xmi:id="EAID_FR000003_D892_423c_850E_1auUYn1MwzNi" covered="EAID_7183D05E_D892_423c_850E_1auUYn1MwzNi"/>
<fragment xmi:type="uml:OccurrenceSpecification" xmi:id="EAID_FR000004_D892_423c_850E_1auUYn1MwzNi" covered="EAID_7183D05E_D892_423c_850E_1auUYn1MwzNi"/>
<fragment xmi:type="uml:OccurrenceSpecification" xmi:id="EAID_FR000005_D892_423c_850E_1auUYn1MwzNi" covered="EAID_7183D05E_D892_423c_850E_1auUYn1MwzNi"/>
<fragment xmi:type="uml:OccurrenceSpecification" xmi:id="EAID_FR000006_D892_423c_850E_1auUYn1MwzNi" covered="EAID_7183D05E_D892_423c_850E_1auUYn1MwzNi"/>
<fragment xmi:type="uml:OccurrenceSpecification" xmi:id="EAID_FR000007_D892_423c_850E_klNzDLDiYSXG" covered="EAID_7183D05E_D892_423c_850E_klNzDLDiYSXG"/>
<fragment xmi:type="uml:OccurrenceSpecification" xmi:id="EAID_FR000008_D892_423c_850E_klNzDLDiYSXG" covered="EAID_7183D05E_D892_423c_850E_klNzDLDiYSXG"/>
<fragment xmi:type="uml:OccurrenceSpecification" xmi:id="EAID_FR000009_D892_423c_850E_klNzDLDiYSXG" covered="EAID_7183D05E_D892_423c_850E_klNzDLDiYSXG"/>
<fragment xmi:type="uml:OccurrenceSpecification" xmi:id="EAID_FR0000010_D892_423c_850E_klNzDLDiYSXG" covered="EAID_7183D05E_D892_423c_850E_klNzDLDiYSXG"/>
<fragment xmi:type="uml:OccurrenceSpecification" xmi:id="EAID_FR0000011_D892_423c_850E_klNzDLDiYSXG" covered="EAID_7183D05E_D892_423c_850E_klNzDLDiYSXG"/>
<fragment xmi:type="uml:OccurrenceSpecification" xmi:id="EAID_FR0000012_D892_423c_850E_1auUYn1MwzNi" covered="EAID_7183D05E_D892_423c_850E_1auUYn1MwzNi"/>
<fragment xmi:type="uml:OccurrenceSpecification" xmi:id="EAID_FR0000013_D892_423c_850E_1auUYn1MwzNi" covered="EAID_7183D05E_D892_423c_850E_1auUYn1MwzNi"/>
<fragment xmi:type="uml:OccurrenceSpecification" xmi:id="EAID_FR0000014_D892_423c_850E_1auUYn1MwzNi" covered="EAID_7183D05E_D892_423c_850E_1auUYn1MwzNi"/>
<fragment xmi:type="uml:OccurrenceSpecification" xmi:id="EAID_FR0000015_D892_423c_850E_1auUYn1MwzNi" covered="EAID_7183D05E_D892_423c_850E_1auUYn1MwzNi"/>
<fragment xmi:type="uml:OccurrenceSpecification" xmi:id="EAID_FR0000016_D892_423c_850E_1auUYn1MwzNi" covered="EAID_7183D05E_D892_423c_850E_1auUYn1MwzNi"/>
<fragment xmi:type="uml:OccurrenceSpecification" xmi:id="EAID_FR0000017_D892_423c_850E_1auUYn1MwzNi" covered="EAID_7183D05E_D892_423c_850E_1auUYn1MwzNi"/>
<fragment xmi:type="uml:OccurrenceSpecification" xmi:id="EAID_FR0000018_D892_423c_850E_1auUYn1MwzNi" covered="EAID_7183D05E_D892_423c_850E_1auUYn1MwzNi"/>
<fragment xmi:type="uml:OccurrenceSpecification" xmi:id="EAID_FR0000019_D892_423c_850E_1auUYn1MwzNi" covered="EAID_7183D05E_D892_423c_850E_1auUYn1MwzNi"/>
<fragment xmi:type="uml:OccurrenceSpecification" xmi:id="EAID_FR00000110_D892_423c_850E_1auUYn1MwzNi" covered="EAID_7183D05E_D892_423c_850E_1auUYn1MwzNi"/>
<fragment xmi:type="uml:OccurrenceSpecification" xmi:id="EAID_FR00000111_D892_423c_850E_ORfIfTeBL6wt" covered="EAID_7183D05E_D892_423c_850E_ORfIfTeBL6wt"/>
<fragment xmi:type="uml:OccurrenceSpecification" xmi:id="EAID_FR00000112_D892_423c_850E_1auUYn1MwzNi" covered="EAID_7183D05E_D892_423c_850E_1auUYn1MwzNi"/>
<fragment xmi:type="uml:OccurrenceSpecification" xmi:id="EAID_FR00000113_D892_423c_850E_1auUYn1MwzNi" covered="EAID_7183D05E_D892_423c_850E_1auUYn1MwzNi"/>
<fragment xmi:type="uml:OccurrenceSpecification" xmi:id="EAID_FR00000114_D892_423c_850E_BQpcRNzsaFZT" covered="EAID_LL000000_D892_423c_850E_BQpcRNzsaFZT"/>
<fragment xmi:type="uml:OccurrenceSpecification" xmi:id="EAID_FR00000115_D892_423c_850E_klNzDLDiYSXG" covered="EAID_7183D05E_D892_423c_850E_klNzDLDiYSXG"/>
<fragment xmi:type="uml:OccurrenceSpecification" xmi:id="EAID_FR00000116_D892_423c_850E_BQpcRNzsaFZT" covered="EAID_LL000000_D892_423c_850E_BQpcRNzsaFZT"/>
<fragment xmi:type="uml:OccurrenceSpecification" xmi:id="EAID_FR00000117_D892_423c_850E_ORfIfTeBL6wt" covered="EAID_7183D05E_D892_423c_850E_ORfIfTeBL6wt"/>
<message xmi:type="uml:Message" xmi:id="EAID_049D1FF1_0B97_41fb_AC69_41AFYiCfXcSy" name="ScenarioPage" messageKind="complete" messageSort="synchCall" sendEvent="EAID_FR00000116_D892_423c_850E_BQpcRNzsaFZT" receiveEvent="EAID_FR00000113_D892_423c_850E_1auUYn1MwzNi"/>
<message xmi:type="uml:Message" xmi:id="EAID_049D1FF1_0B97_41fb_AC69_41AFK8fO3HuP" name="Storetheanswerforthescenario" messageKind="complete" messageSort="synchCall" sendEvent="EAID_FR00000113_D892_423c_850E_1auUYn1MwzNi" receiveEvent="EAID_FR00000113_D892_423c_850E_1auUYn1MwzNi"/>
<message xmi:type="uml:Message" xmi:id="EAID_049D1FF1_0B97_41fb_AC69_41AFqa1FD2By" name="Checkcookieexpiration" messageKind="complete" messageSort="synchCall" sendEvent="EAID_FR00000113_D892_423c_850E_1auUYn1MwzNi" receiveEvent="EAID_FR00000115_D892_423c_850E_klNzDLDiYSXG"/>
<message xmi:type="uml:Message" xmi:id="EAID_049D1FF1_0B97_41fb_AC69_41AFipRJNEbm" name="CookieExpirationError" messageKind="complete" messageSort="synchCall" sendEvent="EAID_FR00000115_D892_423c_850E_klNzDLDiYSXG" receiveEvent="EAID_FR00000115_D892_423c_850E_klNzDLDiYSXG"/>
<message xmi:type="uml:Message" xmi:id="EAID_049D1FF1_0B97_41fb_AC69_41AFZ7lWorrI" name="Cookie" messageKind="complete" messageSort="synchCall" sendEvent="EAID_FR00000115_D892_423c_850E_klNzDLDiYSXG" receiveEvent="EAID_FR00000115_D892_423c_850E_klNzDLDiYSXG"/>
<message xmi:type="uml:Message" xmi:id="EAID_049D1FF1_0B97_41fb_AC69_41AFBZfNcq9w" name="Loadnextsenario" messageKind="complete" messageSort="synchCall" sendEvent="EAID_FR00000113_D892_423c_850E_1auUYn1MwzNi" receiveEvent="EAID_FR00000113_D892_423c_850E_1auUYn1MwzNi"/>
<message xmi:type="uml:Message" xmi:id="EAID_049D1FF1_0B97_41fb_AC69_41AFWfn2o6Qp" name="ScenarioPage" messageKind="complete" messageSort="synchCall" sendEvent="EAID_FR00000113_D892_423c_850E_1auUYn1MwzNi" receiveEvent="EAID_FR00000113_D892_423c_850E_1auUYn1MwzNi"/>
<message xmi:type="uml:Message" xmi:id="EAID_049D1FF1_0B97_41fb_AC69_41AF5Jk06Zlw" name="Storetheanswerforthescenario" messageKind="complete" messageSort="synchCall" sendEvent="EAID_FR00000113_D892_423c_850E_1auUYn1MwzNi" receiveEvent="EAID_FR00000113_D892_423c_850E_1auUYn1MwzNi"/>
<message xmi:type="uml:Message" xmi:id="EAID_049D1FF1_0B97_41fb_AC69_41AFQ3U7oa3S" name="Scenario" messageKind="complete" messageSort="synchCall" sendEvent="EAID_FR00000113_D892_423c_850E_1auUYn1MwzNi" receiveEvent="EAID_FR00000113_D892_423c_850E_1auUYn1MwzNi"/>
<message xmi:type="uml:Message" xmi:id="EAID_049D1FF1_0B97_41fb_AC69_41AFbWv9fZd1" name="Thankyoupage" messageKind="complete" messageSort="synchCall" sendEvent="EAID_FR00000113_D892_423c_850E_1auUYn1MwzNi" receiveEvent="EAID_FR00000117_D892_423c_850E_ORfIfTeBL6wt"/>
<message xmi:type="uml:Message" xmi:id="EAID_049D1FF1_0B97_41fb_AC69_41AFXxbY0Po1" name="Scenario" messageKind="complete" messageSort="synchCall" sendEvent="EAID_FR00000113_D892_423c_850E_1auUYn1MwzNi" receiveEvent="EAID_FR00000113_D892_423c_850E_1auUYn1MwzNi"/>
<message xmi:type="uml:Message" xmi:id="EAID_049D1FF1_0B97_41fb_AC69_41AFnrSTNIU1" name="CookieExpirationError" messageKind="complete" messageSort="synchCall" sendEvent="EAID_FR00000116_D892_423c_850E_BQpcRNzsaFZT" receiveEvent="EAID_FR00000115_D892_423c_850E_klNzDLDiYSXG"/>
<message xmi:type="uml:Message" xmi:id="EAID_049D1FF1_0B97_41fb_AC69_41AFXv3rn6iV" name="Thankyoupage" messageKind="complete" messageSort="synchCall" sendEvent="EAID_FR00000116_D892_423c_850E_BQpcRNzsaFZT" receiveEvent="EAID_FR00000117_D892_423c_850E_ORfIfTeBL6wt"/>
</ownedBehavior>
<ownedAttribute xmi:type="uml:Property" xmi:id="EAID_AT000000_D892_423c_850E_1auUYn1MwzNi"/>
<ownedAttribute xmi:type="uml:Property" xmi:id="EAID_AT000000_D892_423c_850E_klNzDLDiYSXG"/>
<ownedAttribute xmi:type="uml:Property" xmi:id="EAID_AT000000_D892_423c_850E_ORfIfTeBL6wt"/>
<ownedAttribute xmi:type="uml:Property" xmi:id="EAID_AT000000_D892_423c_850E_8109476FDED0">
<type xmi:idref="EAID_9977D5D6_D839_4e85_9EF1_H2LznEVIEhhf"/>
					</ownedAttribute>
				</nestedClassifier>
			</packagedElement>
<packagedElement xmi:type="uml:Actor" xmi:id="EAID_9977D5D6_D839_4e85_9EF1_H2LznEVIEhhf" name="User" visibility="public"/>

<packagedElement xmi:type="uml:UseCase" xmi:id="EAID_586BCAF6_15CB_4a03_81A9_nppGCIUIuxap" name="Add Users5" visibility="public">
<nestedClassifier xmi:type="uml:Collaboration" xmi:id="EAID_CB000000_AF6_15CB_4a03_81A9_HLP52BzvySb" name="EA_Collaboration5" visibility="public">
<ownedBehavior xmi:type="uml:Interaction" xmi:id="EAID_IN000000_AF6_15CB_4a03_81A9_1JEd6ybiRUR" name="EA_Interaction5" visibility="public">
<lifeline xmi:type="uml:Lifeline" xmi:id="EAID_LL000000_D892_423c_850E_ORfIfTeBL6wt" name="User" visibility="public" represents="EAID_AT000000_D892_423c_850E_8109476FDED0"/>
<lifeline xmi:type="uml:Lifeline" xmi:id="EAID_7183D05E_D892_423c_850E_caIN3hHzFECs" name="frontpage" visibility="public" represents="EAID_AT000000_D892_423c_850E_caIN3hHzFECs"/>
<lifeline xmi:type="uml:Lifeline" xmi:id="EAID_7183D05E_D892_423c_850E_fvcpOf4b6LyL" name="CookieExpirationError" visibility="public" represents="EAID_AT000000_D892_423c_850E_fvcpOf4b6LyL"/>
<lifeline xmi:type="uml:Lifeline" xmi:id="EAID_7183D05E_D892_423c_850E_W9GxsQkwXy5J" name="calculateresponsestatistics" visibility="public" represents="EAID_AT000000_D892_423c_850E_W9GxsQkwXy5J"/>
<fragment xmi:type="uml:OccurrenceSpecification" xmi:id="EAID_FR000002_D892_423c_850E_ORfIfTeBL6wt" covered="EAID_LL000000_D892_423c_850E_ORfIfTeBL6wt"/>
<fragment xmi:type="uml:OccurrenceSpecification" xmi:id="EAID_FR000003_D892_423c_850E_caIN3hHzFECs" covered="EAID_7183D05E_D892_423c_850E_caIN3hHzFECs"/>
<fragment xmi:type="uml:OccurrenceSpecification" xmi:id="EAID_FR000004_D892_423c_850E_caIN3hHzFECs" covered="EAID_7183D05E_D892_423c_850E_caIN3hHzFECs"/>
<fragment xmi:type="uml:OccurrenceSpecification" xmi:id="EAID_FR000005_D892_423c_850E_fvcpOf4b6LyL" covered="EAID_7183D05E_D892_423c_850E_fvcpOf4b6LyL"/>
<fragment xmi:type="uml:OccurrenceSpecification" xmi:id="EAID_FR000006_D892_423c_850E_fvcpOf4b6LyL" covered="EAID_7183D05E_D892_423c_850E_fvcpOf4b6LyL"/>
<fragment xmi:type="uml:OccurrenceSpecification" xmi:id="EAID_FR000007_D892_423c_850E_fvcpOf4b6LyL" covered="EAID_7183D05E_D892_423c_850E_fvcpOf4b6LyL"/>
<fragment xmi:type="uml:OccurrenceSpecification" xmi:id="EAID_FR000008_D892_423c_850E_fvcpOf4b6LyL" covered="EAID_7183D05E_D892_423c_850E_fvcpOf4b6LyL"/>
<fragment xmi:type="uml:OccurrenceSpecification" xmi:id="EAID_FR000009_D892_423c_850E_W9GxsQkwXy5J" covered="EAID_7183D05E_D892_423c_850E_W9GxsQkwXy5J"/>
<fragment xmi:type="uml:OccurrenceSpecification" xmi:id="EAID_FR0000010_D892_423c_850E_W9GxsQkwXy5J" covered="EAID_7183D05E_D892_423c_850E_W9GxsQkwXy5J"/>
<fragment xmi:type="uml:OccurrenceSpecification" xmi:id="EAID_FR0000011_D892_423c_850E_W9GxsQkwXy5J" covered="EAID_7183D05E_D892_423c_850E_W9GxsQkwXy5J"/>
<fragment xmi:type="uml:OccurrenceSpecification" xmi:id="EAID_FR0000012_D892_423c_850E_W9GxsQkwXy5J" covered="EAID_7183D05E_D892_423c_850E_W9GxsQkwXy5J"/>
<fragment xmi:type="uml:OccurrenceSpecification" xmi:id="EAID_FR0000013_D892_423c_850E_W9GxsQkwXy5J" covered="EAID_7183D05E_D892_423c_850E_W9GxsQkwXy5J"/>
<fragment xmi:type="uml:OccurrenceSpecification" xmi:id="EAID_FR0000014_D892_423c_850E_W9GxsQkwXy5J" covered="EAID_7183D05E_D892_423c_850E_W9GxsQkwXy5J"/>
<fragment xmi:type="uml:OccurrenceSpecification" xmi:id="EAID_FR0000015_D892_423c_850E_caIN3hHzFECs" covered="EAID_7183D05E_D892_423c_850E_caIN3hHzFECs"/>
<fragment xmi:type="uml:OccurrenceSpecification" xmi:id="EAID_FR0000016_D892_423c_850E_caIN3hHzFECs" covered="EAID_7183D05E_D892_423c_850E_caIN3hHzFECs"/>
<fragment xmi:type="uml:OccurrenceSpecification" xmi:id="EAID_FR0000017_D892_423c_850E_fvcpOf4b6LyL" covered="EAID_7183D05E_D892_423c_850E_fvcpOf4b6LyL"/>
<fragment xmi:type="uml:OccurrenceSpecification" xmi:id="EAID_FR0000018_D892_423c_850E_W9GxsQkwXy5J" covered="EAID_7183D05E_D892_423c_850E_W9GxsQkwXy5J"/>
<fragment xmi:type="uml:OccurrenceSpecification" xmi:id="EAID_FR0000019_D892_423c_850E_fvcpOf4b6LyL" covered="EAID_7183D05E_D892_423c_850E_fvcpOf4b6LyL"/>
<message xmi:type="uml:Message" xmi:id="EAID_049D1FF1_0B97_41fb_AC69_41AFCpDt42KN" name="ScenarioPage" messageKind="complete" messageSort="synchCall" sendEvent="EAID_FR000002_D892_423c_850E_ORfIfTeBL6wt" receiveEvent="EAID_FR0000016_D892_423c_850E_caIN3hHzFECs"/>
<message xmi:type="uml:Message" xmi:id="EAID_049D1FF1_0B97_41fb_AC69_41AFIdfJ8v1W" name="storeanswersascookie" messageKind="complete" messageSort="synchCall" sendEvent="EAID_FR0000016_D892_423c_850E_caIN3hHzFECs" receiveEvent="EAID_FR0000019_D892_423c_850E_fvcpOf4b6LyL"/>
<message xmi:type="uml:Message" xmi:id="EAID_049D1FF1_0B97_41fb_AC69_41AFcGu9qI2z" name="Cookie" messageKind="complete" messageSort="synchCall" sendEvent="EAID_FR0000019_D892_423c_850E_fvcpOf4b6LyL" receiveEvent="EAID_FR0000019_D892_423c_850E_fvcpOf4b6LyL"/>
<message xmi:type="uml:Message" xmi:id="EAID_049D1FF1_0B97_41fb_AC69_41AFGNBPMArI" name="calculateresponsestatistics" messageKind="complete" messageSort="synchCall" sendEvent="EAID_FR0000019_D892_423c_850E_fvcpOf4b6LyL" receiveEvent="EAID_FR0000018_D892_423c_850E_W9GxsQkwXy5J"/>
<message xmi:type="uml:Message" xmi:id="EAID_049D1FF1_0B97_41fb_AC69_41AFm9b28zDW" name="answerstatisticspage" messageKind="complete" messageSort="synchCall" sendEvent="EAID_FR0000018_D892_423c_850E_W9GxsQkwXy5J" receiveEvent="EAID_FR0000018_D892_423c_850E_W9GxsQkwXy5J"/>
<message xmi:type="uml:Message" xmi:id="EAID_049D1FF1_0B97_41fb_AC69_41AFBpz0eGAz" name="Loadcommunicationtechnique" messageKind="complete" messageSort="synchCall" sendEvent="EAID_FR0000018_D892_423c_850E_W9GxsQkwXy5J" receiveEvent="EAID_FR0000018_D892_423c_850E_W9GxsQkwXy5J"/>
<message xmi:type="uml:Message" xmi:id="EAID_049D1FF1_0B97_41fb_AC69_41AFzF6R3tRG" name="ScenarioPage" messageKind="complete" messageSort="synchCall" sendEvent="EAID_FR0000018_D892_423c_850E_W9GxsQkwXy5J" receiveEvent="EAID_FR0000016_D892_423c_850E_caIN3hHzFECs"/>
<message xmi:type="uml:Message" xmi:id="EAID_049D1FF1_0B97_41fb_AC69_41AFAQ69vnq2" name="storeanswersascookie" messageKind="complete" messageSort="synchCall" sendEvent="EAID_FR0000016_D892_423c_850E_caIN3hHzFECs" receiveEvent="EAID_FR0000019_D892_423c_850E_fvcpOf4b6LyL"/>
<message xmi:type="uml:Message" xmi:id="EAID_049D1FF1_0B97_41fb_AC69_41AFVZ8EHU8y" name="communication" messageKind="complete" messageSort="synchCall" sendEvent="EAID_FR0000018_D892_423c_850E_W9GxsQkwXy5J" receiveEvent="EAID_FR0000019_D892_423c_850E_fvcpOf4b6LyL"/>
</ownedBehavior>
<ownedAttribute xmi:type="uml:Property" xmi:id="EAID_AT000000_D892_423c_850E_caIN3hHzFECs"/>
<ownedAttribute xmi:type="uml:Property" xmi:id="EAID_AT000000_D892_423c_850E_fvcpOf4b6LyL"/>
<ownedAttribute xmi:type="uml:Property" xmi:id="EAID_AT000000_D892_423c_850E_W9GxsQkwXy5J"/>
<ownedAttribute xmi:type="uml:Property" xmi:id="EAID_AT000000_D892_423c_850E_8109476FDED0">
<type xmi:idref="EAID_9977D5D6_D839_4e85_9EF1_Mw8Jgm4TgSvc"/>
					</ownedAttribute>
				</nestedClassifier>
			</packagedElement>
<packagedElement xmi:type="uml:Actor" xmi:id="EAID_9977D5D6_D839_4e85_9EF1_Mw8Jgm4TgSvc" name="User" visibility="public"/>

<packagedElement xmi:type="uml:UseCase" xmi:id="EAID_586BCAF6_15CB_4a03_81A9_nX6pdaL4sZ5I" name="Add Users6" visibility="public">
<nestedClassifier xmi:type="uml:Collaboration" xmi:id="EAID_CB000000_AF6_15CB_4a03_81A9_AnoxuLGahl3" name="EA_Collaboration6" visibility="public">
<ownedBehavior xmi:type="uml:Interaction" xmi:id="EAID_IN000000_AF6_15CB_4a03_81A9_tJ4pDrSEHP6" name="EA_Interaction6" visibility="public">
<lifeline xmi:type="uml:Lifeline" xmi:id="EAID_LL000000_D892_423c_850E_W9GxsQkwXy5J" name="User" visibility="public" represents="EAID_AT000000_D892_423c_850E_8109476FDED0"/>
<lifeline xmi:type="uml:Lifeline" xmi:id="EAID_7183D05E_D892_423c_850E_HG7hC5jc7era" name="Emptycompletemessage" visibility="public" represents="EAID_AT000000_D892_423c_850E_HG7hC5jc7era"/>
<lifeline xmi:type="uml:Lifeline" xmi:id="EAID_7183D05E_D892_423c_850E_WIfNz9VhRZHO" name="Page" visibility="public" represents="EAID_AT000000_D892_423c_850E_WIfNz9VhRZHO"/>
<fragment xmi:type="uml:OccurrenceSpecification" xmi:id="EAID_FR000002_D892_423c_850E_W9GxsQkwXy5J" covered="EAID_LL000000_D892_423c_850E_W9GxsQkwXy5J"/>
<fragment xmi:type="uml:OccurrenceSpecification" xmi:id="EAID_FR000003_D892_423c_850E_HG7hC5jc7era" covered="EAID_7183D05E_D892_423c_850E_HG7hC5jc7era"/>
<fragment xmi:type="uml:OccurrenceSpecification" xmi:id="EAID_FR000004_D892_423c_850E_W9GxsQkwXy5J" covered="EAID_LL000000_D892_423c_850E_W9GxsQkwXy5J"/>
<fragment xmi:type="uml:OccurrenceSpecification" xmi:id="EAID_FR000005_D892_423c_850E_WIfNz9VhRZHO" covered="EAID_7183D05E_D892_423c_850E_WIfNz9VhRZHO"/>
<fragment xmi:type="uml:OccurrenceSpecification" xmi:id="EAID_FR000006_D892_423c_850E_WIfNz9VhRZHO" covered="EAID_7183D05E_D892_423c_850E_WIfNz9VhRZHO"/>
<fragment xmi:type="uml:OccurrenceSpecification" xmi:id="EAID_FR000007_D892_423c_850E_WIfNz9VhRZHO" covered="EAID_7183D05E_D892_423c_850E_WIfNz9VhRZHO"/>
<fragment xmi:type="uml:OccurrenceSpecification" xmi:id="EAID_FR000008_D892_423c_850E_WIfNz9VhRZHO" covered="EAID_7183D05E_D892_423c_850E_WIfNz9VhRZHO"/>
<fragment xmi:type="uml:OccurrenceSpecification" xmi:id="EAID_FR000009_D892_423c_850E_WIfNz9VhRZHO" covered="EAID_7183D05E_D892_423c_850E_WIfNz9VhRZHO"/>
<fragment xmi:type="uml:OccurrenceSpecification" xmi:id="EAID_FR0000010_D892_423c_850E_WIfNz9VhRZHO" covered="EAID_7183D05E_D892_423c_850E_WIfNz9VhRZHO"/>
<fragment xmi:type="uml:OccurrenceSpecification" xmi:id="EAID_FR0000011_D892_423c_850E_HG7hC5jc7era" covered="EAID_7183D05E_D892_423c_850E_HG7hC5jc7era"/>
<fragment xmi:type="uml:OccurrenceSpecification" xmi:id="EAID_FR0000012_D892_423c_850E_WIfNz9VhRZHO" covered="EAID_7183D05E_D892_423c_850E_WIfNz9VhRZHO"/>
<fragment xmi:type="uml:OccurrenceSpecification" xmi:id="EAID_FR0000013_D892_423c_850E_HG7hC5jc7era" covered="EAID_7183D05E_D892_423c_850E_HG7hC5jc7era"/>
<fragment xmi:type="uml:OccurrenceSpecification" xmi:id="EAID_FR0000014_D892_423c_850E_W9GxsQkwXy5J" covered="EAID_LL000000_D892_423c_850E_W9GxsQkwXy5J"/>
<fragment xmi:type="uml:OccurrenceSpecification" xmi:id="EAID_FR0000015_D892_423c_850E_WIfNz9VhRZHO" covered="EAID_7183D05E_D892_423c_850E_WIfNz9VhRZHO"/>
<fragment xmi:type="uml:OccurrenceSpecification" xmi:id="EAID_FR0000016_D892_423c_850E_WIfNz9VhRZHO" covered="EAID_7183D05E_D892_423c_850E_WIfNz9VhRZHO"/>
<fragment xmi:type="uml:OccurrenceSpecification" xmi:id="EAID_FR0000017_D892_423c_850E_WIfNz9VhRZHO" covered="EAID_7183D05E_D892_423c_850E_WIfNz9VhRZHO"/>
<fragment xmi:type="uml:OccurrenceSpecification" xmi:id="EAID_FR0000018_D892_423c_850E_WIfNz9VhRZHO" covered="EAID_7183D05E_D892_423c_850E_WIfNz9VhRZHO"/>
<fragment xmi:type="uml:OccurrenceSpecification" xmi:id="EAID_FR0000019_D892_423c_850E_WIfNz9VhRZHO" covered="EAID_7183D05E_D892_423c_850E_WIfNz9VhRZHO"/>
<fragment xmi:type="uml:OccurrenceSpecification" xmi:id="EAID_FR00000110_D892_423c_850E_WIfNz9VhRZHO" covered="EAID_7183D05E_D892_423c_850E_WIfNz9VhRZHO"/>
<fragment xmi:type="uml:OccurrenceSpecification" xmi:id="EAID_FR00000111_D892_423c_850E_WIfNz9VhRZHO" covered="EAID_7183D05E_D892_423c_850E_WIfNz9VhRZHO"/>
<fragment xmi:type="uml:OccurrenceSpecification" xmi:id="EAID_FR00000112_D892_423c_850E_W9GxsQkwXy5J" covered="EAID_LL000000_D892_423c_850E_W9GxsQkwXy5J"/>
<fragment xmi:type="uml:OccurrenceSpecification" xmi:id="EAID_FR00000113_D892_423c_850E_HG7hC5jc7era" covered="EAID_7183D05E_D892_423c_850E_HG7hC5jc7era"/>
<message xmi:type="uml:Message" xmi:id="EAID_049D1FF1_0B97_41fb_AC69_41AF4L8DrY0K" name="Updateerrormessage" messageKind="complete" messageSort="synchCall" sendEvent="EAID_FR00000112_D892_423c_850E_W9GxsQkwXy5J" receiveEvent="EAID_FR00000113_D892_423c_850E_HG7hC5jc7era"/>
<message xmi:type="uml:Message" xmi:id="EAID_049D1FF1_0B97_41fb_AC69_41AF0NGd7Dky" name="pageedittextfieldandupdatebutton" messageKind="complete" messageSort="synchCall" sendEvent="EAID_FR00000112_D892_423c_850E_W9GxsQkwXy5J" receiveEvent="EAID_FR00000111_D892_423c_850E_WIfNz9VhRZHO"/>
<message xmi:type="uml:Message" xmi:id="EAID_049D1FF1_0B97_41fb_AC69_41AFoQHeCdKL" name="Updatepage" messageKind="complete" messageSort="synchCall" sendEvent="EAID_FR00000111_D892_423c_850E_WIfNz9VhRZHO" receiveEvent="EAID_FR00000111_D892_423c_850E_WIfNz9VhRZHO"/>
<message xmi:type="uml:Message" xmi:id="EAID_049D1FF1_0B97_41fb_AC69_41AFGzO08U3s" name="Page" messageKind="complete" messageSort="synchCall" sendEvent="EAID_FR00000111_D892_423c_850E_WIfNz9VhRZHO" receiveEvent="EAID_FR00000111_D892_423c_850E_WIfNz9VhRZHO"/>
<message xmi:type="uml:Message" xmi:id="EAID_049D1FF1_0B97_41fb_AC69_41AFHoIiEeoo" name="Updateerrormessage" messageKind="complete" messageSort="synchCall" sendEvent="EAID_FR00000111_D892_423c_850E_WIfNz9VhRZHO" receiveEvent="EAID_FR00000113_D892_423c_850E_HG7hC5jc7era"/>
<message xmi:type="uml:Message" xmi:id="EAID_049D1FF1_0B97_41fb_AC69_41AFYYFFwXXx" name="Updatemessage" messageKind="complete" messageSort="synchCall" sendEvent="EAID_FR00000111_D892_423c_850E_WIfNz9VhRZHO" receiveEvent="EAID_FR00000113_D892_423c_850E_HG7hC5jc7era"/>
<message xmi:type="uml:Message" xmi:id="EAID_049D1FF1_0B97_41fb_AC69_41AFwZqwYWp1" name="PageSelector" messageKind="complete" messageSort="synchCall" sendEvent="EAID_FR00000112_D892_423c_850E_W9GxsQkwXy5J" receiveEvent="EAID_FR00000111_D892_423c_850E_WIfNz9VhRZHO"/>
<message xmi:type="uml:Message" xmi:id="EAID_049D1FF1_0B97_41fb_AC69_41AF7ID8OmvV" name="Loadpagetoedit" messageKind="complete" messageSort="synchCall" sendEvent="EAID_FR00000111_D892_423c_850E_WIfNz9VhRZHO" receiveEvent="EAID_FR00000111_D892_423c_850E_WIfNz9VhRZHO"/>
<message xmi:type="uml:Message" xmi:id="EAID_049D1FF1_0B97_41fb_AC69_41AFqGMKMl96" name="pageedittextfieldandupdatebutton" messageKind="complete" messageSort="synchCall" sendEvent="EAID_FR00000111_D892_423c_850E_WIfNz9VhRZHO" receiveEvent="EAID_FR00000111_D892_423c_850E_WIfNz9VhRZHO"/>
<message xmi:type="uml:Message" xmi:id="EAID_049D1FF1_0B97_41fb_AC69_41AFgmMUPGUA" name="Updatepage" messageKind="complete" messageSort="synchCall" sendEvent="EAID_FR00000111_D892_423c_850E_WIfNz9VhRZHO" receiveEvent="EAID_FR00000111_D892_423c_850E_WIfNz9VhRZHO"/>
<message xmi:type="uml:Message" xmi:id="EAID_049D1FF1_0B97_41fb_AC69_41AFTF3fAtwC" name="Updatemessage" messageKind="complete" messageSort="synchCall" sendEvent="EAID_FR00000112_D892_423c_850E_W9GxsQkwXy5J" receiveEvent="EAID_FR00000113_D892_423c_850E_HG7hC5jc7era"/>
</ownedBehavior>
<ownedAttribute xmi:type="uml:Property" xmi:id="EAID_AT000000_D892_423c_850E_HG7hC5jc7era"/>
<ownedAttribute xmi:type="uml:Property" xmi:id="EAID_AT000000_D892_423c_850E_WIfNz9VhRZHO"/>
<ownedAttribute xmi:type="uml:Property" xmi:id="EAID_AT000000_D892_423c_850E_8109476FDED0">
<type xmi:idref="EAID_9977D5D6_D839_4e85_9EF1_m6xM626cTlrC"/>
					</ownedAttribute>
				</nestedClassifier>
			</packagedElement>
<packagedElement xmi:type="uml:Actor" xmi:id="EAID_9977D5D6_D839_4e85_9EF1_m6xM626cTlrC" name="User" visibility="public"/>

<packagedElement xmi:type="uml:UseCase" xmi:id="EAID_586BCAF6_15CB_4a03_81A9_mindf2I9lcKR" name="Add Users7" visibility="public">
<nestedClassifier xmi:type="uml:Collaboration" xmi:id="EAID_CB000000_AF6_15CB_4a03_81A9_GUpRAxFa5AE" name="EA_Collaboration7" visibility="public">
<ownedBehavior xmi:type="uml:Interaction" xmi:id="EAID_IN000000_AF6_15CB_4a03_81A9_nosQuPpKMo4" name="EA_Interaction7" visibility="public">
<lifeline xmi:type="uml:Lifeline" xmi:id="EAID_LL000000_D892_423c_850E_WIfNz9VhRZHO" name="Admin" visibility="public" represents="EAID_AT000000_D892_423c_850E_8109476FDED0"/>
<lifeline xmi:type="uml:Lifeline" xmi:id="EAID_7183D05E_D892_423c_850E_egjovgmydGTk" name="Databasebutton" visibility="public" represents="EAID_AT000000_D892_423c_850E_egjovgmydGTk"/>
<lifeline xmi:type="uml:Lifeline" xmi:id="EAID_7183D05E_D892_423c_850E_1j87MDjOijx4" name="Emptycompletemessage" visibility="public" represents="EAID_AT000000_D892_423c_850E_1j87MDjOijx4"/>
<fragment xmi:type="uml:OccurrenceSpecification" xmi:id="EAID_FR000002_D892_423c_850E_WIfNz9VhRZHO" covered="EAID_LL000000_D892_423c_850E_WIfNz9VhRZHO"/>
<fragment xmi:type="uml:OccurrenceSpecification" xmi:id="EAID_FR000003_D892_423c_850E_egjovgmydGTk" covered="EAID_7183D05E_D892_423c_850E_egjovgmydGTk"/>
<fragment xmi:type="uml:OccurrenceSpecification" xmi:id="EAID_FR000004_D892_423c_850E_egjovgmydGTk" covered="EAID_7183D05E_D892_423c_850E_egjovgmydGTk"/>
<fragment xmi:type="uml:OccurrenceSpecification" xmi:id="EAID_FR000005_D892_423c_850E_egjovgmydGTk" covered="EAID_7183D05E_D892_423c_850E_egjovgmydGTk"/>
<fragment xmi:type="uml:OccurrenceSpecification" xmi:id="EAID_FR000006_D892_423c_850E_egjovgmydGTk" covered="EAID_7183D05E_D892_423c_850E_egjovgmydGTk"/>
<fragment xmi:type="uml:OccurrenceSpecification" xmi:id="EAID_FR000007_D892_423c_850E_1j87MDjOijx4" covered="EAID_7183D05E_D892_423c_850E_1j87MDjOijx4"/>
<fragment xmi:type="uml:OccurrenceSpecification" xmi:id="EAID_FR000008_D892_423c_850E_WIfNz9VhRZHO" covered="EAID_LL000000_D892_423c_850E_WIfNz9VhRZHO"/>
<fragment xmi:type="uml:OccurrenceSpecification" xmi:id="EAID_FR000009_D892_423c_850E_1j87MDjOijx4" covered="EAID_7183D05E_D892_423c_850E_1j87MDjOijx4"/>
<fragment xmi:type="uml:OccurrenceSpecification" xmi:id="EAID_FR0000010_D892_423c_850E_WIfNz9VhRZHO" covered="EAID_LL000000_D892_423c_850E_WIfNz9VhRZHO"/>
<fragment xmi:type="uml:OccurrenceSpecification" xmi:id="EAID_FR0000011_D892_423c_850E_egjovgmydGTk" covered="EAID_7183D05E_D892_423c_850E_egjovgmydGTk"/>
<fragment xmi:type="uml:OccurrenceSpecification" xmi:id="EAID_FR0000012_D892_423c_850E_egjovgmydGTk" covered="EAID_7183D05E_D892_423c_850E_egjovgmydGTk"/>
<fragment xmi:type="uml:OccurrenceSpecification" xmi:id="EAID_FR0000013_D892_423c_850E_egjovgmydGTk" covered="EAID_7183D05E_D892_423c_850E_egjovgmydGTk"/>
<fragment xmi:type="uml:OccurrenceSpecification" xmi:id="EAID_FR0000014_D892_423c_850E_egjovgmydGTk" covered="EAID_7183D05E_D892_423c_850E_egjovgmydGTk"/>
<fragment xmi:type="uml:OccurrenceSpecification" xmi:id="EAID_FR0000015_D892_423c_850E_egjovgmydGTk" covered="EAID_7183D05E_D892_423c_850E_egjovgmydGTk"/>
<fragment xmi:type="uml:OccurrenceSpecification" xmi:id="EAID_FR0000016_D892_423c_850E_egjovgmydGTk" covered="EAID_7183D05E_D892_423c_850E_egjovgmydGTk"/>
<fragment xmi:type="uml:OccurrenceSpecification" xmi:id="EAID_FR0000017_D892_423c_850E_egjovgmydGTk" covered="EAID_7183D05E_D892_423c_850E_egjovgmydGTk"/>
<message xmi:type="uml:Message" xmi:id="EAID_049D1FF1_0B97_41fb_AC69_41AFNehPDisA" name="Listoftableswithdropbutton" messageKind="complete" messageSort="synchCall" sendEvent="EAID_FR0000010_D892_423c_850E_WIfNz9VhRZHO" receiveEvent="EAID_FR0000017_D892_423c_850E_egjovgmydGTk"/>
<message xmi:type="uml:Message" xmi:id="EAID_049D1FF1_0B97_41fb_AC69_41AF9AS4IIeG" name="droptabl" messageKind="complete" messageSort="synchCall" sendEvent="EAID_FR0000017_D892_423c_850E_egjovgmydGTk" receiveEvent="EAID_FR0000017_D892_423c_850E_egjovgmydGTk"/>
<message xmi:type="uml:Message" xmi:id="EAID_049D1FF1_0B97_41fb_AC69_41AFsQ2L0b9z" name="Emptycompletemessage" messageKind="complete" messageSort="synchCall" sendEvent="EAID_FR0000017_D892_423c_850E_egjovgmydGTk" receiveEvent="EAID_FR000009_D892_423c_850E_1j87MDjOijx4"/>
<message xmi:type="uml:Message" xmi:id="EAID_049D1FF1_0B97_41fb_AC69_41AFk3qOS4G5" name="Emptycompletemessage" messageKind="complete" messageSort="synchCall" sendEvent="EAID_FR0000010_D892_423c_850E_WIfNz9VhRZHO" receiveEvent="EAID_FR000009_D892_423c_850E_1j87MDjOijx4"/>
<message xmi:type="uml:Message" xmi:id="EAID_049D1FF1_0B97_41fb_AC69_41AF2WMe4B25" name="Databasebutton" messageKind="complete" messageSort="synchCall" sendEvent="EAID_FR0000010_D892_423c_850E_WIfNz9VhRZHO" receiveEvent="EAID_FR0000017_D892_423c_850E_egjovgmydGTk"/>
<message xmi:type="uml:Message" xmi:id="EAID_049D1FF1_0B97_41fb_AC69_41AFdPqqdspb" name="showdatabaseinfo" messageKind="complete" messageSort="synchCall" sendEvent="EAID_FR0000017_D892_423c_850E_egjovgmydGTk" receiveEvent="EAID_FR0000017_D892_423c_850E_egjovgmydGTk"/>
<message xmi:type="uml:Message" xmi:id="EAID_049D1FF1_0B97_41fb_AC69_41AFLSkXdrN6" name="Listoftableswithdropbutton" messageKind="complete" messageSort="synchCall" sendEvent="EAID_FR0000017_D892_423c_850E_egjovgmydGTk" receiveEvent="EAID_FR0000017_D892_423c_850E_egjovgmydGTk"/>
<message xmi:type="uml:Message" xmi:id="EAID_049D1FF1_0B97_41fb_AC69_41AF3rxJI8K0" name="droptabl" messageKind="complete" messageSort="synchCall" sendEvent="EAID_FR0000017_D892_423c_850E_egjovgmydGTk" receiveEvent="EAID_FR0000017_D892_423c_850E_egjovgmydGTk"/>
</ownedBehavior>
<ownedAttribute xmi:type="uml:Property" xmi:id="EAID_AT000000_D892_423c_850E_egjovgmydGTk"/>
<ownedAttribute xmi:type="uml:Property" xmi:id="EAID_AT000000_D892_423c_850E_1j87MDjOijx4"/>
<ownedAttribute xmi:type="uml:Property" xmi:id="EAID_AT000000_D892_423c_850E_8109476FDED0">
<type xmi:idref="EAID_9977D5D6_D839_4e85_9EF1_VDk2uwY0KS3T"/>
					</ownedAttribute>
				</nestedClassifier>
			</packagedElement>
<packagedElement xmi:type="uml:Actor" xmi:id="EAID_9977D5D6_D839_4e85_9EF1_VDk2uwY0KS3T" name="Admin" visibility="public"/>

</packagedElement>
</uml:Model>
<xmi:Extension extender="Enterprise Architect" extenderID="6.5">
<primitivetypes>
			<packagedElement xmi:type="uml:Package" xmi:id="EAPrimitiveTypesPackage" name="EA_PrimitiveTypes_Package" visibility="public"/>
		</primitivetypes>
<profiles/><diagrams>

<diagram xmi:id="EAID_3E9162E8_3B10_4fb1_9A31_zJdn9nje0clK">
<model package="EAPK_0D4BE3DE_DBA4_430b_9F5D_2D1DC1F19C54" localID="25" owner="EAPK_0D4BE3DE_DBA4_430b_9F5D_2D1DC1F19C54" parent="EAID_586BCAF6_15CB_4a03_81A9_EF34AE4B312B"/>
<properties name="use cases" type="Sequence"/>
<project author="HOME" version="1.0" created="2018-11-27 16:22:38" modified="2018-11-27 16:23:00"/>
				<style1 value="ShowPrivate=1;ShowProtected=1;ShowPublic=1;HideRelationships=0;Locked=0;Border=1;HighlightForeign=1;PackageContents=1;SequenceNotes=0;ScalePrintImage=0;PPgs.cx=0;PPgs.cy=0;DocSize.cx=850;DocSize.cy=1098;ShowDetails=0;Orientation=P;Zoom=100;ShowTags=0;OpParams=1;VisibleAttributeDetail=0;ShowOpRetType=1;ShowIcons=1;CollabNums=0;HideProps=0;ShowReqs=0;ShowCons=0;PaperSize=1;HideParents=0;UseAlias=0;HideAtts=0;HideOps=0;HideStereo=0;HideElemStereo=0;ShowTests=0;ShowMaint=0;ConnectorNotation=UML 2.1;ExplicitNavigability=0;ShowShape=1;AllDockable=0;AdvancedElementProps=1;AdvancedFeatureProps=1;AdvancedConnectorProps=1;m_bElementClassifier=1;SPT=1;ShowNotes=0;SuppressBrackets=0;SuppConnectorLabels=0;PrintPageHeadFoot=0;ShowAsList=0;"/>
				<style2 value="ExcludeRTF=0;DocAll=0;HideQuals=0;AttPkg=1;ShowTests=0;ShowMaint=0;SuppressFOC=0;INT_ARGS=;INT_RET=;INT_ATT=;SeqTopMargin=50;MatrixActive=0;SwimlanesActive=1;KanbanActive=0;MatrixLineWidth=1;MatrixLineClr=0;MatrixLocked=0;TConnectorNotation=UML 2.1;TExplicitNavigability=0;AdvancedElementProps=1;AdvancedFeatureProps=1;AdvancedConnectorProps=1;m_bElementClassifier=1;SPT=1;MDGDgm=;STBLDgm=;ShowNotes=0;VisibleAttributeDetail=0;ShowOpRetType=1;SuppressBrackets=0;SuppConnectorLabels=0;PrintPageHeadFoot=0;ShowAsList=0;SuppressedCompartments=;Theme=:119;SaveTag=56D01039;"/>
				<swimlanes value="locked=false;orientation=0;width=0;inbar=false;names=false;color=-1;bold=false;fcol=0;tcol=-1;ofCol=-1;ufCol=-1;hl=0;ufh=0;hh=0;cls=0;bw=0;hli=0;SwimlaneFont=lfh:-10,lfw:0,lfi:0,lfu:0,lfs:0,lfface:Calibri,lfe:0,lfo:0,lfchar:1,lfop:0,lfcp:0,lfq:0,lfpf=0,lfWidth=0;"/>
				<matrixitems value="locked=false;matrixactive=false;swimlanesactive=true;kanbanactive=false;width=1;clrLine=0;"/>
				<extendedProperties/>
<elements>
<element geometry="Left=99;Top=50;Right=189;Bottom=390;" subject="EAID_9977D5D6_D839_4e85_9EF1_38844704F245" seqno="1" style="DUID=D5409A04;NSL=0;BCol=-1;BFol=-1;LCol=-1;LWth=-1;fontsz=0;bold=0;black=0;italic=0;ul=0;charset=0;pitch=0;"/>
<element geometry="Left=299;Top=50;Right=389;;Bottom=390;" subject="EAID_7183D05E_D892_423c_850E_2sNDy8YpfKUC" seqno="2" style="DUID=D5409A04;NSL=0;BCol=-1;BFol=-1;LCol=-1;LWth=-1;fontsz=0;bold=0;black=0;italic=0;ul=0;charset=0;pitch=0;"/>
<element geometry="Left=499;Top=50;Right=589;;Bottom=390;" subject="EAID_7183D05E_D892_423c_850E_eWBGWEsyk7C2" seqno="3" style="DUID=D5409A04;NSL=0;BCol=-1;BFol=-1;LCol=-1;LWth=-1;fontsz=0;bold=0;black=0;italic=0;ul=0;charset=0;pitch=0;"/>
<element geometry="SX=0;SY=0;EX=0;EY=0;Path=;" subject="EAID_049D1FF1_0B97_41fb_AC69_41AFga2Wnn5Q" style=";Hidden=0;"/>
<element geometry="SX=0;SY=0;EX=0;EY=0;Path=;" subject="EAID_049D1FF1_0B97_41fb_AC69_41AFj1dD5iLi" style=";Hidden=0;"/>
<element geometry="SX=0;SY=0;EX=0;EY=0;Path=;" subject="EAID_049D1FF1_0B97_41fb_AC69_41AFS4OjTALh" style=";Hidden=0;"/>
<element geometry="SX=0;SY=0;EX=0;EY=0;Path=;" subject="EAID_049D1FF1_0B97_41fb_AC69_41AFuObYvDrw" style=";Hidden=0;"/>
<element geometry="SX=0;SY=0;EX=0;EY=0;Path=;" subject="EAID_049D1FF1_0B97_41fb_AC69_41AFhO8Ke9l3" style=";Hidden=0;"/>
<element geometry="SX=0;SY=0;EX=0;EY=0;Path=;" subject="EAID_049D1FF1_0B97_41fb_AC69_41AFrzb9peq1" style=";Hidden=0;"/>
</elements>
</diagram>

<diagram xmi:id="EAID_3E9162E8_3B10_4fb1_9A31_D4juInBpvDqG">
<model package="EAPK_0D4BE3DE_DBA4_430b_9F5D_2D1DC1F19C54" localID="26" owner="EAPK_0D4BE3DE_DBA4_430b_9F5D_2D1DC1F19C54" parent="EAID_586BCAF6_15CB_4a03_81A9_m3zhLRXX58P0"/>
<properties name="use cases" type="Sequence"/>
<project author="HOME" version="1.0" created="2018-11-27 16:22:38" modified="2018-11-27 16:23:00"/>
				<style1 value="ShowPrivate=1;ShowProtected=1;ShowPublic=1;HideRelationships=0;Locked=0;Border=1;HighlightForeign=1;PackageContents=1;SequenceNotes=0;ScalePrintImage=0;PPgs.cx=0;PPgs.cy=0;DocSize.cx=850;DocSize.cy=1098;ShowDetails=0;Orientation=P;Zoom=100;ShowTags=0;OpParams=1;VisibleAttributeDetail=0;ShowOpRetType=1;ShowIcons=1;CollabNums=0;HideProps=0;ShowReqs=0;ShowCons=0;PaperSize=1;HideParents=0;UseAlias=0;HideAtts=0;HideOps=0;HideStereo=0;HideElemStereo=0;ShowTests=0;ShowMaint=0;ConnectorNotation=UML 2.1;ExplicitNavigability=0;ShowShape=1;AllDockable=0;AdvancedElementProps=1;AdvancedFeatureProps=1;AdvancedConnectorProps=1;m_bElementClassifier=1;SPT=1;ShowNotes=0;SuppressBrackets=0;SuppConnectorLabels=0;PrintPageHeadFoot=0;ShowAsList=0;"/>
				<style2 value="ExcludeRTF=0;DocAll=0;HideQuals=0;AttPkg=1;ShowTests=0;ShowMaint=0;SuppressFOC=0;INT_ARGS=;INT_RET=;INT_ATT=;SeqTopMargin=50;MatrixActive=0;SwimlanesActive=1;KanbanActive=0;MatrixLineWidth=1;MatrixLineClr=0;MatrixLocked=0;TConnectorNotation=UML 2.1;TExplicitNavigability=0;AdvancedElementProps=1;AdvancedFeatureProps=1;AdvancedConnectorProps=1;m_bElementClassifier=1;SPT=1;MDGDgm=;STBLDgm=;ShowNotes=0;VisibleAttributeDetail=0;ShowOpRetType=1;SuppressBrackets=0;SuppConnectorLabels=0;PrintPageHeadFoot=0;ShowAsList=0;SuppressedCompartments=;Theme=:119;SaveTag=56D01039;"/>
				<swimlanes value="locked=false;orientation=0;width=0;inbar=false;names=false;color=-1;bold=false;fcol=0;tcol=-1;ofCol=-1;ufCol=-1;hl=0;ufh=0;hh=0;cls=0;bw=0;hli=0;SwimlaneFont=lfh:-10,lfw:0,lfi:0,lfu:0,lfs:0,lfface:Calibri,lfe:0,lfo:0,lfchar:1,lfop:0,lfcp:0,lfq:0,lfpf=0,lfWidth=0;"/>
				<matrixitems value="locked=false;matrixactive=false;swimlanesactive=true;kanbanactive=false;width=1;clrLine=0;"/>
				<extendedProperties/>
<elements>
<element geometry="Left=99;Top=50;Right=189;Bottom=390;" subject="EAID_9977D5D6_D839_4e85_9EF1_ebaYoofQOsg2" seqno="1" style="DUID=D5409A04;NSL=0;BCol=-1;BFol=-1;LCol=-1;LWth=-1;fontsz=0;bold=0;black=0;italic=0;ul=0;charset=0;pitch=0;"/>
<element geometry="Left=299;Top=50;Right=389;;Bottom=390;" subject="EAID_7183D05E_D892_423c_850E_wl8fp9YqcvEa" seqno="2" style="DUID=D5409A04;NSL=0;BCol=-1;BFol=-1;LCol=-1;LWth=-1;fontsz=0;bold=0;black=0;italic=0;ul=0;charset=0;pitch=0;"/>
<element geometry="Left=499;Top=50;Right=589;;Bottom=390;" subject="EAID_7183D05E_D892_423c_850E_bAw81Kpp4HX6" seqno="3" style="DUID=D5409A04;NSL=0;BCol=-1;BFol=-1;LCol=-1;LWth=-1;fontsz=0;bold=0;black=0;italic=0;ul=0;charset=0;pitch=0;"/>
<element geometry="Left=699;Top=50;Right=789;;Bottom=390;" subject="EAID_7183D05E_D892_423c_850E_bsOy4LghT3Ne" seqno="4" style="DUID=D5409A04;NSL=0;BCol=-1;BFol=-1;LCol=-1;LWth=-1;fontsz=0;bold=0;black=0;italic=0;ul=0;charset=0;pitch=0;"/>
<element geometry="Left=899;Top=50;Right=989;;Bottom=390;" subject="EAID_7183D05E_D892_423c_850E_38GABoNNeJUw" seqno="5" style="DUID=D5409A04;NSL=0;BCol=-1;BFol=-1;LCol=-1;LWth=-1;fontsz=0;bold=0;black=0;italic=0;ul=0;charset=0;pitch=0;"/>
<element geometry="SX=0;SY=0;EX=0;EY=0;Path=;" subject="EAID_049D1FF1_0B97_41fb_AC69_41AFRjXczpLq" style=";Hidden=0;"/>
<element geometry="SX=0;SY=0;EX=0;EY=0;Path=;" subject="EAID_049D1FF1_0B97_41fb_AC69_41AFVXalFx7m" style=";Hidden=0;"/>
<element geometry="SX=0;SY=0;EX=0;EY=0;Path=;" subject="EAID_049D1FF1_0B97_41fb_AC69_41AFgtIysPqe" style=";Hidden=0;"/>
<element geometry="SX=0;SY=0;EX=0;EY=0;Path=;" subject="EAID_049D1FF1_0B97_41fb_AC69_41AFGZ9PatpI" style=";Hidden=0;"/>
<element geometry="SX=0;SY=0;EX=0;EY=0;Path=;" subject="EAID_049D1FF1_0B97_41fb_AC69_41AFDLfLE1eW" style=";Hidden=0;"/>
</elements>
</diagram>

<diagram xmi:id="EAID_3E9162E8_3B10_4fb1_9A31_C2eNTQyU9Wl1">
<model package="EAPK_0D4BE3DE_DBA4_430b_9F5D_2D1DC1F19C54" localID="27" owner="EAPK_0D4BE3DE_DBA4_430b_9F5D_2D1DC1F19C54" parent="EAID_586BCAF6_15CB_4a03_81A9_6mBSZH0Gei92"/>
<properties name="use cases" type="Sequence"/>
<project author="HOME" version="1.0" created="2018-11-27 16:22:38" modified="2018-11-27 16:23:00"/>
				<style1 value="ShowPrivate=1;ShowProtected=1;ShowPublic=1;HideRelationships=0;Locked=0;Border=1;HighlightForeign=1;PackageContents=1;SequenceNotes=0;ScalePrintImage=0;PPgs.cx=0;PPgs.cy=0;DocSize.cx=850;DocSize.cy=1098;ShowDetails=0;Orientation=P;Zoom=100;ShowTags=0;OpParams=1;VisibleAttributeDetail=0;ShowOpRetType=1;ShowIcons=1;CollabNums=0;HideProps=0;ShowReqs=0;ShowCons=0;PaperSize=1;HideParents=0;UseAlias=0;HideAtts=0;HideOps=0;HideStereo=0;HideElemStereo=0;ShowTests=0;ShowMaint=0;ConnectorNotation=UML 2.1;ExplicitNavigability=0;ShowShape=1;AllDockable=0;AdvancedElementProps=1;AdvancedFeatureProps=1;AdvancedConnectorProps=1;m_bElementClassifier=1;SPT=1;ShowNotes=0;SuppressBrackets=0;SuppConnectorLabels=0;PrintPageHeadFoot=0;ShowAsList=0;"/>
				<style2 value="ExcludeRTF=0;DocAll=0;HideQuals=0;AttPkg=1;ShowTests=0;ShowMaint=0;SuppressFOC=0;INT_ARGS=;INT_RET=;INT_ATT=;SeqTopMargin=50;MatrixActive=0;SwimlanesActive=1;KanbanActive=0;MatrixLineWidth=1;MatrixLineClr=0;MatrixLocked=0;TConnectorNotation=UML 2.1;TExplicitNavigability=0;AdvancedElementProps=1;AdvancedFeatureProps=1;AdvancedConnectorProps=1;m_bElementClassifier=1;SPT=1;MDGDgm=;STBLDgm=;ShowNotes=0;VisibleAttributeDetail=0;ShowOpRetType=1;SuppressBrackets=0;SuppConnectorLabels=0;PrintPageHeadFoot=0;ShowAsList=0;SuppressedCompartments=;Theme=:119;SaveTag=56D01039;"/>
				<swimlanes value="locked=false;orientation=0;width=0;inbar=false;names=false;color=-1;bold=false;fcol=0;tcol=-1;ofCol=-1;ufCol=-1;hl=0;ufh=0;hh=0;cls=0;bw=0;hli=0;SwimlaneFont=lfh:-10,lfw:0,lfi:0,lfu:0,lfs:0,lfface:Calibri,lfe:0,lfo:0,lfchar:1,lfop:0,lfcp:0,lfq:0,lfpf=0,lfWidth=0;"/>
				<matrixitems value="locked=false;matrixactive=false;swimlanesactive=true;kanbanactive=false;width=1;clrLine=0;"/>
				<extendedProperties/>
<elements>
<element geometry="Left=99;Top=50;Right=189;Bottom=390;" subject="EAID_9977D5D6_D839_4e85_9EF1_Yk7q5polgREU" seqno="1" style="DUID=D5409A04;NSL=0;BCol=-1;BFol=-1;LCol=-1;LWth=-1;fontsz=0;bold=0;black=0;italic=0;ul=0;charset=0;pitch=0;"/>
<element geometry="Left=299;Top=50;Right=389;;Bottom=390;" subject="EAID_7183D05E_D892_423c_850E_Jytl5iXPzaIC" seqno="2" style="DUID=D5409A04;NSL=0;BCol=-1;BFol=-1;LCol=-1;LWth=-1;fontsz=0;bold=0;black=0;italic=0;ul=0;charset=0;pitch=0;"/>
<element geometry="Left=499;Top=50;Right=589;;Bottom=390;" subject="EAID_7183D05E_D892_423c_850E_UjtfBnPCS15Q" seqno="3" style="DUID=D5409A04;NSL=0;BCol=-1;BFol=-1;LCol=-1;LWth=-1;fontsz=0;bold=0;black=0;italic=0;ul=0;charset=0;pitch=0;"/>
<element geometry="Left=699;Top=50;Right=789;;Bottom=390;" subject="EAID_7183D05E_D892_423c_850E_BQpcRNzsaFZT" seqno="4" style="DUID=D5409A04;NSL=0;BCol=-1;BFol=-1;LCol=-1;LWth=-1;fontsz=0;bold=0;black=0;italic=0;ul=0;charset=0;pitch=0;"/>
<element geometry="SX=0;SY=0;EX=0;EY=0;Path=;" subject="EAID_049D1FF1_0B97_41fb_AC69_41AF12OPbQme" style=";Hidden=0;"/>
<element geometry="SX=0;SY=0;EX=0;EY=0;Path=;" subject="EAID_049D1FF1_0B97_41fb_AC69_41AFP4etPxez" style=";Hidden=0;"/>
<element geometry="SX=0;SY=0;EX=0;EY=0;Path=;" subject="EAID_049D1FF1_0B97_41fb_AC69_41AFQTuRHV90" style=";Hidden=0;"/>
<element geometry="SX=0;SY=0;EX=0;EY=0;Path=;" subject="EAID_049D1FF1_0B97_41fb_AC69_41AFBlaBImtT" style=";Hidden=0;"/>
<element geometry="SX=0;SY=0;EX=0;EY=0;Path=;" subject="EAID_049D1FF1_0B97_41fb_AC69_41AFpPWAmrEe" style=";Hidden=0;"/>
<element geometry="SX=0;SY=0;EX=0;EY=0;Path=;" subject="EAID_049D1FF1_0B97_41fb_AC69_41AF5mhIN88Z" style=";Hidden=0;"/>
<element geometry="SX=0;SY=0;EX=0;EY=0;Path=;" subject="EAID_049D1FF1_0B97_41fb_AC69_41AFyPRIWBsb" style=";Hidden=0;"/>
<element geometry="SX=0;SY=0;EX=0;EY=0;Path=;" subject="EAID_049D1FF1_0B97_41fb_AC69_41AFJsVGfUwn" style=";Hidden=0;"/>
<element geometry="SX=0;SY=0;EX=0;EY=0;Path=;" subject="EAID_049D1FF1_0B97_41fb_AC69_41AFQxFDNySD" style=";Hidden=0;"/>
</elements>
</diagram>

<diagram xmi:id="EAID_3E9162E8_3B10_4fb1_9A31_oGpnwPXz3bWF">
<model package="EAPK_0D4BE3DE_DBA4_430b_9F5D_2D1DC1F19C54" localID="28" owner="EAPK_0D4BE3DE_DBA4_430b_9F5D_2D1DC1F19C54" parent="EAID_586BCAF6_15CB_4a03_81A9_5AJmtyKmrvby"/>
<properties name="use cases" type="Sequence"/>
<project author="HOME" version="1.0" created="2018-11-27 16:22:38" modified="2018-11-27 16:23:00"/>
				<style1 value="ShowPrivate=1;ShowProtected=1;ShowPublic=1;HideRelationships=0;Locked=0;Border=1;HighlightForeign=1;PackageContents=1;SequenceNotes=0;ScalePrintImage=0;PPgs.cx=0;PPgs.cy=0;DocSize.cx=850;DocSize.cy=1098;ShowDetails=0;Orientation=P;Zoom=100;ShowTags=0;OpParams=1;VisibleAttributeDetail=0;ShowOpRetType=1;ShowIcons=1;CollabNums=0;HideProps=0;ShowReqs=0;ShowCons=0;PaperSize=1;HideParents=0;UseAlias=0;HideAtts=0;HideOps=0;HideStereo=0;HideElemStereo=0;ShowTests=0;ShowMaint=0;ConnectorNotation=UML 2.1;ExplicitNavigability=0;ShowShape=1;AllDockable=0;AdvancedElementProps=1;AdvancedFeatureProps=1;AdvancedConnectorProps=1;m_bElementClassifier=1;SPT=1;ShowNotes=0;SuppressBrackets=0;SuppConnectorLabels=0;PrintPageHeadFoot=0;ShowAsList=0;"/>
				<style2 value="ExcludeRTF=0;DocAll=0;HideQuals=0;AttPkg=1;ShowTests=0;ShowMaint=0;SuppressFOC=0;INT_ARGS=;INT_RET=;INT_ATT=;SeqTopMargin=50;MatrixActive=0;SwimlanesActive=1;KanbanActive=0;MatrixLineWidth=1;MatrixLineClr=0;MatrixLocked=0;TConnectorNotation=UML 2.1;TExplicitNavigability=0;AdvancedElementProps=1;AdvancedFeatureProps=1;AdvancedConnectorProps=1;m_bElementClassifier=1;SPT=1;MDGDgm=;STBLDgm=;ShowNotes=0;VisibleAttributeDetail=0;ShowOpRetType=1;SuppressBrackets=0;SuppConnectorLabels=0;PrintPageHeadFoot=0;ShowAsList=0;SuppressedCompartments=;Theme=:119;SaveTag=56D01039;"/>
				<swimlanes value="locked=false;orientation=0;width=0;inbar=false;names=false;color=-1;bold=false;fcol=0;tcol=-1;ofCol=-1;ufCol=-1;hl=0;ufh=0;hh=0;cls=0;bw=0;hli=0;SwimlaneFont=lfh:-10,lfw:0,lfi:0,lfu:0,lfs:0,lfface:Calibri,lfe:0,lfo:0,lfchar:1,lfop:0,lfcp:0,lfq:0,lfpf=0,lfWidth=0;"/>
				<matrixitems value="locked=false;matrixactive=false;swimlanesactive=true;kanbanactive=false;width=1;clrLine=0;"/>
				<extendedProperties/>
<elements>
<element geometry="Left=99;Top=50;Right=189;Bottom=390;" subject="EAID_9977D5D6_D839_4e85_9EF1_H2LznEVIEhhf" seqno="1" style="DUID=D5409A04;NSL=0;BCol=-1;BFol=-1;LCol=-1;LWth=-1;fontsz=0;bold=0;black=0;italic=0;ul=0;charset=0;pitch=0;"/>
<element geometry="Left=299;Top=50;Right=389;;Bottom=390;" subject="EAID_7183D05E_D892_423c_850E_1auUYn1MwzNi" seqno="2" style="DUID=D5409A04;NSL=0;BCol=-1;BFol=-1;LCol=-1;LWth=-1;fontsz=0;bold=0;black=0;italic=0;ul=0;charset=0;pitch=0;"/>
<element geometry="Left=499;Top=50;Right=589;;Bottom=390;" subject="EAID_7183D05E_D892_423c_850E_klNzDLDiYSXG" seqno="3" style="DUID=D5409A04;NSL=0;BCol=-1;BFol=-1;LCol=-1;LWth=-1;fontsz=0;bold=0;black=0;italic=0;ul=0;charset=0;pitch=0;"/>
<element geometry="Left=699;Top=50;Right=789;;Bottom=390;" subject="EAID_7183D05E_D892_423c_850E_ORfIfTeBL6wt" seqno="4" style="DUID=D5409A04;NSL=0;BCol=-1;BFol=-1;LCol=-1;LWth=-1;fontsz=0;bold=0;black=0;italic=0;ul=0;charset=0;pitch=0;"/>
<element geometry="SX=0;SY=0;EX=0;EY=0;Path=;" subject="EAID_049D1FF1_0B97_41fb_AC69_41AFYiCfXcSy" style=";Hidden=0;"/>
<element geometry="SX=0;SY=0;EX=0;EY=0;Path=;" subject="EAID_049D1FF1_0B97_41fb_AC69_41AF5Jk06Zlw" style=";Hidden=0;"/>
<element geometry="SX=0;SY=0;EX=0;EY=0;Path=;" subject="EAID_049D1FF1_0B97_41fb_AC69_41AFqa1FD2By" style=";Hidden=0;"/>
<element geometry="SX=0;SY=0;EX=0;EY=0;Path=;" subject="EAID_049D1FF1_0B97_41fb_AC69_41AFipRJNEbm" style=";Hidden=0;"/>
<element geometry="SX=0;SY=0;EX=0;EY=0;Path=;" subject="EAID_049D1FF1_0B97_41fb_AC69_41AFZ7lWorrI" style=";Hidden=0;"/>
<element geometry="SX=0;SY=0;EX=0;EY=0;Path=;" subject="EAID_049D1FF1_0B97_41fb_AC69_41AFBZfNcq9w" style=";Hidden=0;"/>
<element geometry="SX=0;SY=0;EX=0;EY=0;Path=;" subject="EAID_049D1FF1_0B97_41fb_AC69_41AFWfn2o6Qp" style=";Hidden=0;"/>
<element geometry="SX=0;SY=0;EX=0;EY=0;Path=;" subject="EAID_049D1FF1_0B97_41fb_AC69_41AF5Jk06Zlw" style=";Hidden=0;"/>
<element geometry="SX=0;SY=0;EX=0;EY=0;Path=;" subject="EAID_049D1FF1_0B97_41fb_AC69_41AFXxbY0Po1" style=";Hidden=0;"/>
<element geometry="SX=0;SY=0;EX=0;EY=0;Path=;" subject="EAID_049D1FF1_0B97_41fb_AC69_41AFbWv9fZd1" style=";Hidden=0;"/>
<element geometry="SX=0;SY=0;EX=0;EY=0;Path=;" subject="EAID_049D1FF1_0B97_41fb_AC69_41AFXxbY0Po1" style=";Hidden=0;"/>
<element geometry="SX=0;SY=0;EX=0;EY=0;Path=;" subject="EAID_049D1FF1_0B97_41fb_AC69_41AFnrSTNIU1" style=";Hidden=0;"/>
<element geometry="SX=0;SY=0;EX=0;EY=0;Path=;" subject="EAID_049D1FF1_0B97_41fb_AC69_41AFXv3rn6iV" style=";Hidden=0;"/>
</elements>
</diagram>

<diagram xmi:id="EAID_3E9162E8_3B10_4fb1_9A31_lYXevuyLCAv7">
<model package="EAPK_0D4BE3DE_DBA4_430b_9F5D_2D1DC1F19C54" localID="29" owner="EAPK_0D4BE3DE_DBA4_430b_9F5D_2D1DC1F19C54" parent="EAID_586BCAF6_15CB_4a03_81A9_nppGCIUIuxap"/>
<properties name="use cases" type="Sequence"/>
<project author="HOME" version="1.0" created="2018-11-27 16:22:38" modified="2018-11-27 16:23:00"/>
				<style1 value="ShowPrivate=1;ShowProtected=1;ShowPublic=1;HideRelationships=0;Locked=0;Border=1;HighlightForeign=1;PackageContents=1;SequenceNotes=0;ScalePrintImage=0;PPgs.cx=0;PPgs.cy=0;DocSize.cx=850;DocSize.cy=1098;ShowDetails=0;Orientation=P;Zoom=100;ShowTags=0;OpParams=1;VisibleAttributeDetail=0;ShowOpRetType=1;ShowIcons=1;CollabNums=0;HideProps=0;ShowReqs=0;ShowCons=0;PaperSize=1;HideParents=0;UseAlias=0;HideAtts=0;HideOps=0;HideStereo=0;HideElemStereo=0;ShowTests=0;ShowMaint=0;ConnectorNotation=UML 2.1;ExplicitNavigability=0;ShowShape=1;AllDockable=0;AdvancedElementProps=1;AdvancedFeatureProps=1;AdvancedConnectorProps=1;m_bElementClassifier=1;SPT=1;ShowNotes=0;SuppressBrackets=0;SuppConnectorLabels=0;PrintPageHeadFoot=0;ShowAsList=0;"/>
				<style2 value="ExcludeRTF=0;DocAll=0;HideQuals=0;AttPkg=1;ShowTests=0;ShowMaint=0;SuppressFOC=0;INT_ARGS=;INT_RET=;INT_ATT=;SeqTopMargin=50;MatrixActive=0;SwimlanesActive=1;KanbanActive=0;MatrixLineWidth=1;MatrixLineClr=0;MatrixLocked=0;TConnectorNotation=UML 2.1;TExplicitNavigability=0;AdvancedElementProps=1;AdvancedFeatureProps=1;AdvancedConnectorProps=1;m_bElementClassifier=1;SPT=1;MDGDgm=;STBLDgm=;ShowNotes=0;VisibleAttributeDetail=0;ShowOpRetType=1;SuppressBrackets=0;SuppConnectorLabels=0;PrintPageHeadFoot=0;ShowAsList=0;SuppressedCompartments=;Theme=:119;SaveTag=56D01039;"/>
				<swimlanes value="locked=false;orientation=0;width=0;inbar=false;names=false;color=-1;bold=false;fcol=0;tcol=-1;ofCol=-1;ufCol=-1;hl=0;ufh=0;hh=0;cls=0;bw=0;hli=0;SwimlaneFont=lfh:-10,lfw:0,lfi:0,lfu:0,lfs:0,lfface:Calibri,lfe:0,lfo:0,lfchar:1,lfop:0,lfcp:0,lfq:0,lfpf=0,lfWidth=0;"/>
				<matrixitems value="locked=false;matrixactive=false;swimlanesactive=true;kanbanactive=false;width=1;clrLine=0;"/>
				<extendedProperties/>
<elements>
<element geometry="Left=99;Top=50;Right=189;Bottom=390;" subject="EAID_9977D5D6_D839_4e85_9EF1_Mw8Jgm4TgSvc" seqno="1" style="DUID=D5409A04;NSL=0;BCol=-1;BFol=-1;LCol=-1;LWth=-1;fontsz=0;bold=0;black=0;italic=0;ul=0;charset=0;pitch=0;"/>
<element geometry="Left=299;Top=50;Right=389;;Bottom=390;" subject="EAID_7183D05E_D892_423c_850E_caIN3hHzFECs" seqno="2" style="DUID=D5409A04;NSL=0;BCol=-1;BFol=-1;LCol=-1;LWth=-1;fontsz=0;bold=0;black=0;italic=0;ul=0;charset=0;pitch=0;"/>
<element geometry="Left=499;Top=50;Right=589;;Bottom=390;" subject="EAID_7183D05E_D892_423c_850E_fvcpOf4b6LyL" seqno="3" style="DUID=D5409A04;NSL=0;BCol=-1;BFol=-1;LCol=-1;LWth=-1;fontsz=0;bold=0;black=0;italic=0;ul=0;charset=0;pitch=0;"/>
<element geometry="Left=699;Top=50;Right=789;;Bottom=390;" subject="EAID_7183D05E_D892_423c_850E_W9GxsQkwXy5J" seqno="4" style="DUID=D5409A04;NSL=0;BCol=-1;BFol=-1;LCol=-1;LWth=-1;fontsz=0;bold=0;black=0;italic=0;ul=0;charset=0;pitch=0;"/>
<element geometry="SX=0;SY=0;EX=0;EY=0;Path=;" subject="EAID_049D1FF1_0B97_41fb_AC69_41AFCpDt42KN" style=";Hidden=0;"/>
<element geometry="SX=0;SY=0;EX=0;EY=0;Path=;" subject="EAID_049D1FF1_0B97_41fb_AC69_41AFAQ69vnq2" style=";Hidden=0;"/>
<element geometry="SX=0;SY=0;EX=0;EY=0;Path=;" subject="EAID_049D1FF1_0B97_41fb_AC69_41AFcGu9qI2z" style=";Hidden=0;"/>
<element geometry="SX=0;SY=0;EX=0;EY=0;Path=;" subject="EAID_049D1FF1_0B97_41fb_AC69_41AFGNBPMArI" style=";Hidden=0;"/>
<element geometry="SX=0;SY=0;EX=0;EY=0;Path=;" subject="EAID_049D1FF1_0B97_41fb_AC69_41AFm9b28zDW" style=";Hidden=0;"/>
<element geometry="SX=0;SY=0;EX=0;EY=0;Path=;" subject="EAID_049D1FF1_0B97_41fb_AC69_41AFBpz0eGAz" style=";Hidden=0;"/>
<element geometry="SX=0;SY=0;EX=0;EY=0;Path=;" subject="EAID_049D1FF1_0B97_41fb_AC69_41AFzF6R3tRG" style=";Hidden=0;"/>
<element geometry="SX=0;SY=0;EX=0;EY=0;Path=;" subject="EAID_049D1FF1_0B97_41fb_AC69_41AFAQ69vnq2" style=";Hidden=0;"/>
<element geometry="SX=0;SY=0;EX=0;EY=0;Path=;" subject="EAID_049D1FF1_0B97_41fb_AC69_41AFVZ8EHU8y" style=";Hidden=0;"/>
</elements>
</diagram>

<diagram xmi:id="EAID_3E9162E8_3B10_4fb1_9A31_fzeSHPDvY04D">
<model package="EAPK_0D4BE3DE_DBA4_430b_9F5D_2D1DC1F19C54" localID="30" owner="EAPK_0D4BE3DE_DBA4_430b_9F5D_2D1DC1F19C54" parent="EAID_586BCAF6_15CB_4a03_81A9_nX6pdaL4sZ5I"/>
<properties name="use cases" type="Sequence"/>
<project author="HOME" version="1.0" created="2018-11-27 16:22:38" modified="2018-11-27 16:23:00"/>
				<style1 value="ShowPrivate=1;ShowProtected=1;ShowPublic=1;HideRelationships=0;Locked=0;Border=1;HighlightForeign=1;PackageContents=1;SequenceNotes=0;ScalePrintImage=0;PPgs.cx=0;PPgs.cy=0;DocSize.cx=850;DocSize.cy=1098;ShowDetails=0;Orientation=P;Zoom=100;ShowTags=0;OpParams=1;VisibleAttributeDetail=0;ShowOpRetType=1;ShowIcons=1;CollabNums=0;HideProps=0;ShowReqs=0;ShowCons=0;PaperSize=1;HideParents=0;UseAlias=0;HideAtts=0;HideOps=0;HideStereo=0;HideElemStereo=0;ShowTests=0;ShowMaint=0;ConnectorNotation=UML 2.1;ExplicitNavigability=0;ShowShape=1;AllDockable=0;AdvancedElementProps=1;AdvancedFeatureProps=1;AdvancedConnectorProps=1;m_bElementClassifier=1;SPT=1;ShowNotes=0;SuppressBrackets=0;SuppConnectorLabels=0;PrintPageHeadFoot=0;ShowAsList=0;"/>
				<style2 value="ExcludeRTF=0;DocAll=0;HideQuals=0;AttPkg=1;ShowTests=0;ShowMaint=0;SuppressFOC=0;INT_ARGS=;INT_RET=;INT_ATT=;SeqTopMargin=50;MatrixActive=0;SwimlanesActive=1;KanbanActive=0;MatrixLineWidth=1;MatrixLineClr=0;MatrixLocked=0;TConnectorNotation=UML 2.1;TExplicitNavigability=0;AdvancedElementProps=1;AdvancedFeatureProps=1;AdvancedConnectorProps=1;m_bElementClassifier=1;SPT=1;MDGDgm=;STBLDgm=;ShowNotes=0;VisibleAttributeDetail=0;ShowOpRetType=1;SuppressBrackets=0;SuppConnectorLabels=0;PrintPageHeadFoot=0;ShowAsList=0;SuppressedCompartments=;Theme=:119;SaveTag=56D01039;"/>
				<swimlanes value="locked=false;orientation=0;width=0;inbar=false;names=false;color=-1;bold=false;fcol=0;tcol=-1;ofCol=-1;ufCol=-1;hl=0;ufh=0;hh=0;cls=0;bw=0;hli=0;SwimlaneFont=lfh:-10,lfw:0,lfi:0,lfu:0,lfs:0,lfface:Calibri,lfe:0,lfo:0,lfchar:1,lfop:0,lfcp:0,lfq:0,lfpf=0,lfWidth=0;"/>
				<matrixitems value="locked=false;matrixactive=false;swimlanesactive=true;kanbanactive=false;width=1;clrLine=0;"/>
				<extendedProperties/>
<elements>
<element geometry="Left=99;Top=50;Right=189;Bottom=390;" subject="EAID_9977D5D6_D839_4e85_9EF1_m6xM626cTlrC" seqno="1" style="DUID=D5409A04;NSL=0;BCol=-1;BFol=-1;LCol=-1;LWth=-1;fontsz=0;bold=0;black=0;italic=0;ul=0;charset=0;pitch=0;"/>
<element geometry="Left=299;Top=50;Right=389;;Bottom=390;" subject="EAID_7183D05E_D892_423c_850E_HG7hC5jc7era" seqno="2" style="DUID=D5409A04;NSL=0;BCol=-1;BFol=-1;LCol=-1;LWth=-1;fontsz=0;bold=0;black=0;italic=0;ul=0;charset=0;pitch=0;"/>
<element geometry="Left=499;Top=50;Right=589;;Bottom=390;" subject="EAID_7183D05E_D892_423c_850E_WIfNz9VhRZHO" seqno="3" style="DUID=D5409A04;NSL=0;BCol=-1;BFol=-1;LCol=-1;LWth=-1;fontsz=0;bold=0;black=0;italic=0;ul=0;charset=0;pitch=0;"/>
<element geometry="SX=0;SY=0;EX=0;EY=0;Path=;" subject="EAID_049D1FF1_0B97_41fb_AC69_41AF4L8DrY0K" style=";Hidden=0;"/>
<element geometry="SX=0;SY=0;EX=0;EY=0;Path=;" subject="EAID_049D1FF1_0B97_41fb_AC69_41AF0NGd7Dky" style=";Hidden=0;"/>
<element geometry="SX=0;SY=0;EX=0;EY=0;Path=;" subject="EAID_049D1FF1_0B97_41fb_AC69_41AFgmMUPGUA" style=";Hidden=0;"/>
<element geometry="SX=0;SY=0;EX=0;EY=0;Path=;" subject="EAID_049D1FF1_0B97_41fb_AC69_41AFGzO08U3s" style=";Hidden=0;"/>
<element geometry="SX=0;SY=0;EX=0;EY=0;Path=;" subject="EAID_049D1FF1_0B97_41fb_AC69_41AFHoIiEeoo" style=";Hidden=0;"/>
<element geometry="SX=0;SY=0;EX=0;EY=0;Path=;" subject="EAID_049D1FF1_0B97_41fb_AC69_41AFYYFFwXXx" style=";Hidden=0;"/>
<element geometry="SX=0;SY=0;EX=0;EY=0;Path=;" subject="EAID_049D1FF1_0B97_41fb_AC69_41AFwZqwYWp1" style=";Hidden=0;"/>
<element geometry="SX=0;SY=0;EX=0;EY=0;Path=;" subject="EAID_049D1FF1_0B97_41fb_AC69_41AF7ID8OmvV" style=";Hidden=0;"/>
<element geometry="SX=0;SY=0;EX=0;EY=0;Path=;" subject="EAID_049D1FF1_0B97_41fb_AC69_41AFqGMKMl96" style=";Hidden=0;"/>
<element geometry="SX=0;SY=0;EX=0;EY=0;Path=;" subject="EAID_049D1FF1_0B97_41fb_AC69_41AFgmMUPGUA" style=";Hidden=0;"/>
<element geometry="SX=0;SY=0;EX=0;EY=0;Path=;" subject="EAID_049D1FF1_0B97_41fb_AC69_41AFTF3fAtwC" style=";Hidden=0;"/>
</elements>
</diagram>

<diagram xmi:id="EAID_3E9162E8_3B10_4fb1_9A31_p2wxCuqpkeeS">
<model package="EAPK_0D4BE3DE_DBA4_430b_9F5D_2D1DC1F19C54" localID="31" owner="EAPK_0D4BE3DE_DBA4_430b_9F5D_2D1DC1F19C54" parent="EAID_586BCAF6_15CB_4a03_81A9_mindf2I9lcKR"/>
<properties name="use cases" type="Sequence"/>
<project author="HOME" version="1.0" created="2018-11-27 16:22:38" modified="2018-11-27 16:23:00"/>
				<style1 value="ShowPrivate=1;ShowProtected=1;ShowPublic=1;HideRelationships=0;Locked=0;Border=1;HighlightForeign=1;PackageContents=1;SequenceNotes=0;ScalePrintImage=0;PPgs.cx=0;PPgs.cy=0;DocSize.cx=850;DocSize.cy=1098;ShowDetails=0;Orientation=P;Zoom=100;ShowTags=0;OpParams=1;VisibleAttributeDetail=0;ShowOpRetType=1;ShowIcons=1;CollabNums=0;HideProps=0;ShowReqs=0;ShowCons=0;PaperSize=1;HideParents=0;UseAlias=0;HideAtts=0;HideOps=0;HideStereo=0;HideElemStereo=0;ShowTests=0;ShowMaint=0;ConnectorNotation=UML 2.1;ExplicitNavigability=0;ShowShape=1;AllDockable=0;AdvancedElementProps=1;AdvancedFeatureProps=1;AdvancedConnectorProps=1;m_bElementClassifier=1;SPT=1;ShowNotes=0;SuppressBrackets=0;SuppConnectorLabels=0;PrintPageHeadFoot=0;ShowAsList=0;"/>
				<style2 value="ExcludeRTF=0;DocAll=0;HideQuals=0;AttPkg=1;ShowTests=0;ShowMaint=0;SuppressFOC=0;INT_ARGS=;INT_RET=;INT_ATT=;SeqTopMargin=50;MatrixActive=0;SwimlanesActive=1;KanbanActive=0;MatrixLineWidth=1;MatrixLineClr=0;MatrixLocked=0;TConnectorNotation=UML 2.1;TExplicitNavigability=0;AdvancedElementProps=1;AdvancedFeatureProps=1;AdvancedConnectorProps=1;m_bElementClassifier=1;SPT=1;MDGDgm=;STBLDgm=;ShowNotes=0;VisibleAttributeDetail=0;ShowOpRetType=1;SuppressBrackets=0;SuppConnectorLabels=0;PrintPageHeadFoot=0;ShowAsList=0;SuppressedCompartments=;Theme=:119;SaveTag=56D01039;"/>
				<swimlanes value="locked=false;orientation=0;width=0;inbar=false;names=false;color=-1;bold=false;fcol=0;tcol=-1;ofCol=-1;ufCol=-1;hl=0;ufh=0;hh=0;cls=0;bw=0;hli=0;SwimlaneFont=lfh:-10,lfw:0,lfi:0,lfu:0,lfs:0,lfface:Calibri,lfe:0,lfo:0,lfchar:1,lfop:0,lfcp:0,lfq:0,lfpf=0,lfWidth=0;"/>
				<matrixitems value="locked=false;matrixactive=false;swimlanesactive=true;kanbanactive=false;width=1;clrLine=0;"/>
				<extendedProperties/>
<elements>
<element geometry="Left=99;Top=50;Right=189;Bottom=390;" subject="EAID_9977D5D6_D839_4e85_9EF1_VDk2uwY0KS3T" seqno="1" style="DUID=D5409A04;NSL=0;BCol=-1;BFol=-1;LCol=-1;LWth=-1;fontsz=0;bold=0;black=0;italic=0;ul=0;charset=0;pitch=0;"/>
<element geometry="Left=299;Top=50;Right=389;;Bottom=390;" subject="EAID_7183D05E_D892_423c_850E_egjovgmydGTk" seqno="2" style="DUID=D5409A04;NSL=0;BCol=-1;BFol=-1;LCol=-1;LWth=-1;fontsz=0;bold=0;black=0;italic=0;ul=0;charset=0;pitch=0;"/>
<element geometry="Left=499;Top=50;Right=589;;Bottom=390;" subject="EAID_7183D05E_D892_423c_850E_1j87MDjOijx4" seqno="3" style="DUID=D5409A04;NSL=0;BCol=-1;BFol=-1;LCol=-1;LWth=-1;fontsz=0;bold=0;black=0;italic=0;ul=0;charset=0;pitch=0;"/>
<element geometry="SX=0;SY=0;EX=0;EY=0;Path=;" subject="EAID_049D1FF1_0B97_41fb_AC69_41AFNehPDisA" style=";Hidden=0;"/>
<element geometry="SX=0;SY=0;EX=0;EY=0;Path=;" subject="EAID_049D1FF1_0B97_41fb_AC69_41AF3rxJI8K0" style=";Hidden=0;"/>
<element geometry="SX=0;SY=0;EX=0;EY=0;Path=;" subject="EAID_049D1FF1_0B97_41fb_AC69_41AFsQ2L0b9z" style=";Hidden=0;"/>
<element geometry="SX=0;SY=0;EX=0;EY=0;Path=;" subject="EAID_049D1FF1_0B97_41fb_AC69_41AFk3qOS4G5" style=";Hidden=0;"/>
<element geometry="SX=0;SY=0;EX=0;EY=0;Path=;" subject="EAID_049D1FF1_0B97_41fb_AC69_41AF2WMe4B25" style=";Hidden=0;"/>
<element geometry="SX=0;SY=0;EX=0;EY=0;Path=;" subject="EAID_049D1FF1_0B97_41fb_AC69_41AFdPqqdspb" style=";Hidden=0;"/>
<element geometry="SX=0;SY=0;EX=0;EY=0;Path=;" subject="EAID_049D1FF1_0B97_41fb_AC69_41AFLSkXdrN6" style=";Hidden=0;"/>
<element geometry="SX=0;SY=0;EX=0;EY=0;Path=;" subject="EAID_049D1FF1_0B97_41fb_AC69_41AF3rxJI8K0" style=";Hidden=0;"/>
</elements>
</diagram>
</diagrams>
	</xmi:Extension></xmi:XMI>