<?xml version="1.0" encoding="windows-1252"?>
<xmi:XMI xmi:version="2.1" xmlns:uml="http://schema.omg.org/spec/UML/2.1" xmlns:xmi="http://schema.omg.org/spec/XMI/2.1">
	<xmi:Documentation exporter="Enterprise Architect" exporterVersion="6.5"/>
	<uml:Model xmi:type="uml:Model" name="EA_Model" visibility="public">
		<packagedElement xmi:type="uml:Package" xmi:id="EAPK_0D4BE3DE_DBA4_430b_9F5D_2D1DC1F19C54" name="use cases" visibility="public">
<packagedElement xmi:type="uml:UseCase" xmi:id="EAID_586BCAF6_15CB_4a03_81A9_EF34AE4B312B" name="Add Users1" visibility="public">
<nestedClassifier xmi:type="uml:Collaboration" xmi:id="EAID_CB000000_AF6_15CB_4a03_81A9_EF34AE4B312" name="EA_Collaboration1" visibility="public">
<ownedBehavior xmi:type="uml:Interaction" xmi:id="EAID_IN000000_AF6_15CB_4a03_81A9_EF34AE4B312" name="EA_Interaction1" visibility="public">
<lifeline xmi:type="uml:Lifeline" xmi:id="EAID_LL000000_D892_423c_850E_8109476FDED0" name="User" visibility="public" represents="EAID_AT000000_D892_423c_850E_8109476FDED0"/>
<lifeline xmi:type="uml:Lifeline" xmi:id="EAID_7183D05E_D892_423c_850E_vjwAUflVmavb" name="Event Image" visibility="public" represents="EAID_AT000000_D892_423c_850E_vjwAUflVmavb"/>
<lifeline xmi:type="uml:Lifeline" xmi:id="EAID_7183D05E_D892_423c_850E_eXfDRLm4OoQZ" name="logsintoadministratorpanelandupdatesthedata" visibility="public" represents="EAID_AT000000_D892_423c_850E_eXfDRLm4OoQZ"/>
<lifeline xmi:type="uml:Lifeline" xmi:id="EAID_7183D05E_D892_423c_850E_asYS5B99kNIo" name="Job Application Form " visibility="public" represents="EAID_AT000000_D892_423c_850E_asYS5B99kNIo"/>
<fragment xmi:type="uml:OccurrenceSpecification" xmi:id="EAID_FR000002_D892_423c_850E_8109476FDED0" covered="EAID_LL000000_D892_423c_850E_8109476FDED0"/>
<fragment xmi:type="uml:OccurrenceSpecification" xmi:id="EAID_FR000003_D892_423c_850E_vjwAUflVmavb" covered="EAID_7183D05E_D892_423c_850E_vjwAUflVmavb"/>
<fragment xmi:type="uml:OccurrenceSpecification" xmi:id="EAID_FR000004_D892_423c_850E_8109476FDED0" covered="EAID_LL000000_D892_423c_850E_8109476FDED0"/>
<fragment xmi:type="uml:OccurrenceSpecification" xmi:id="EAID_FR000005_D892_423c_850E_eXfDRLm4OoQZ" covered="EAID_7183D05E_D892_423c_850E_eXfDRLm4OoQZ"/>
<fragment xmi:type="uml:OccurrenceSpecification" xmi:id="EAID_FR000006_D892_423c_850E_eXfDRLm4OoQZ" covered="EAID_7183D05E_D892_423c_850E_eXfDRLm4OoQZ"/>
<fragment xmi:type="uml:OccurrenceSpecification" xmi:id="EAID_FR000007_D892_423c_850E_eXfDRLm4OoQZ" covered="EAID_7183D05E_D892_423c_850E_eXfDRLm4OoQZ"/>
<fragment xmi:type="uml:OccurrenceSpecification" xmi:id="EAID_FR000008_D892_423c_850E_eXfDRLm4OoQZ" covered="EAID_7183D05E_D892_423c_850E_eXfDRLm4OoQZ"/>
<fragment xmi:type="uml:OccurrenceSpecification" xmi:id="EAID_FR000009_D892_423c_850E_asYS5B99kNIo" covered="EAID_7183D05E_D892_423c_850E_asYS5B99kNIo"/>
<fragment xmi:type="uml:OccurrenceSpecification" xmi:id="EAID_FR0000010_D892_423c_850E_asYS5B99kNIo" covered="EAID_7183D05E_D892_423c_850E_asYS5B99kNIo"/>
<fragment xmi:type="uml:OccurrenceSpecification" xmi:id="EAID_FR0000011_D892_423c_850E_vjwAUflVmavb" covered="EAID_7183D05E_D892_423c_850E_vjwAUflVmavb"/>
<fragment xmi:type="uml:OccurrenceSpecification" xmi:id="EAID_FR0000012_D892_423c_850E_asYS5B99kNIo" covered="EAID_7183D05E_D892_423c_850E_asYS5B99kNIo"/>
<fragment xmi:type="uml:OccurrenceSpecification" xmi:id="EAID_FR0000013_D892_423c_850E_eXfDRLm4OoQZ" covered="EAID_7183D05E_D892_423c_850E_eXfDRLm4OoQZ"/>
<fragment xmi:type="uml:OccurrenceSpecification" xmi:id="EAID_FR0000014_D892_423c_850E_eXfDRLm4OoQZ" covered="EAID_7183D05E_D892_423c_850E_eXfDRLm4OoQZ"/>
<fragment xmi:type="uml:OccurrenceSpecification" xmi:id="EAID_FR0000015_D892_423c_850E_eXfDRLm4OoQZ" covered="EAID_7183D05E_D892_423c_850E_eXfDRLm4OoQZ"/>
<message xmi:type="uml:Message" xmi:id="EAID_049D1FF1_0B97_41fb_AC69_41AFXfkjgPhO" name="Homepage" messageKind="complete" messageSort="synchCall" sendEvent="EAID_FR000004_D892_423c_850E_8109476FDED0" receiveEvent="EAID_FR0000011_D892_423c_850E_vjwAUflVmavb"/>
<message xmi:type="uml:Message" xmi:id="EAID_049D1FF1_0B97_41fb_AC69_41AF2DJexYvY" name="Maintainermanageswebsitepage" messageKind="complete" messageSort="synchCall" sendEvent="EAID_FR000004_D892_423c_850E_8109476FDED0" receiveEvent="EAID_FR0000015_D892_423c_850E_eXfDRLm4OoQZ"/>
<message xmi:type="uml:Message" xmi:id="EAID_049D1FF1_0B97_41fb_AC69_41AFYNhNLWWe" name="logsintoadministratorpanelandupdatesthedata" messageKind="complete" messageSort="synchCall" sendEvent="EAID_FR0000015_D892_423c_850E_eXfDRLm4OoQZ" receiveEvent="EAID_FR0000015_D892_423c_850E_eXfDRLm4OoQZ"/>
<message xmi:type="uml:Message" xmi:id="EAID_049D1FF1_0B97_41fb_AC69_41AFzAXFSxSv" name="Showconfirmationpage" messageKind="complete" messageSort="synchCall" sendEvent="EAID_FR0000015_D892_423c_850E_eXfDRLm4OoQZ" receiveEvent="EAID_FR0000012_D892_423c_850E_asYS5B99kNIo"/>
<message xmi:type="uml:Message" xmi:id="EAID_049D1FF1_0B97_41fb_AC69_41AFrpP6MbfH" name="Homepage" messageKind="complete" messageSort="synchCall" sendEvent="EAID_FR0000012_D892_423c_850E_asYS5B99kNIo" receiveEvent="EAID_FR0000011_D892_423c_850E_vjwAUflVmavb"/>
<message xmi:type="uml:Message" xmi:id="EAID_049D1FF1_0B97_41fb_AC69_41AFE6r1CY2P" name="Maintainermanageswebsitepage" messageKind="complete" messageSort="synchCall" sendEvent="EAID_FR0000012_D892_423c_850E_asYS5B99kNIo" receiveEvent="EAID_FR0000015_D892_423c_850E_eXfDRLm4OoQZ"/>
<message xmi:type="uml:Message" xmi:id="EAID_049D1FF1_0B97_41fb_AC69_41AF1xtTlrtQ" name="logsintoadministratorpanelandupdatesthedata" messageKind="complete" messageSort="synchCall" sendEvent="EAID_FR0000015_D892_423c_850E_eXfDRLm4OoQZ" receiveEvent="EAID_FR0000015_D892_423c_850E_eXfDRLm4OoQZ"/>
</ownedBehavior>
<ownedAttribute xmi:type="uml:Property" xmi:id="EAID_AT000000_D892_423c_850E_vjwAUflVmavb"/>
<ownedAttribute xmi:type="uml:Property" xmi:id="EAID_AT000000_D892_423c_850E_eXfDRLm4OoQZ"/>
<ownedAttribute xmi:type="uml:Property" xmi:id="EAID_AT000000_D892_423c_850E_asYS5B99kNIo"/>
<ownedAttribute xmi:type="uml:Property" xmi:id="EAID_AT000000_D892_423c_850E_8109476FDED0">
<type xmi:idref="EAID_9977D5D6_D839_4e85_9EF1_38844704F245"/>
					</ownedAttribute>
				</nestedClassifier>
			</packagedElement>
<packagedElement xmi:type="uml:Actor" xmi:id="EAID_9977D5D6_D839_4e85_9EF1_38844704F245" name="User" visibility="public"/>

<packagedElement xmi:type="uml:UseCase" xmi:id="EAID_586BCAF6_15CB_4a03_81A9_Jgg4sbLGleJ6" name="Add Users2" visibility="public">
<nestedClassifier xmi:type="uml:Collaboration" xmi:id="EAID_CB000000_AF6_15CB_4a03_81A9_FQKLFytMXv6" name="EA_Collaboration2" visibility="public">
<ownedBehavior xmi:type="uml:Interaction" xmi:id="EAID_IN000000_AF6_15CB_4a03_81A9_TuFeeCXa2va" name="EA_Interaction2" visibility="public">
<lifeline xmi:type="uml:Lifeline" xmi:id="EAID_LL000000_D892_423c_850E_asYS5B99kNIo" name="User" visibility="public" represents="EAID_AT000000_D892_423c_850E_8109476FDED0"/>
<lifeline xmi:type="uml:Lifeline" xmi:id="EAID_7183D05E_D892_423c_850E_Qt3He7j69MSH" name="Event Image" visibility="public" represents="EAID_AT000000_D892_423c_850E_Qt3He7j69MSH"/>
<lifeline xmi:type="uml:Lifeline" xmi:id="EAID_7183D05E_D892_423c_850E_1AqMj3pr4V9z" name="Job Application Form " visibility="public" represents="EAID_AT000000_D892_423c_850E_1AqMj3pr4V9z"/>
<fragment xmi:type="uml:OccurrenceSpecification" xmi:id="EAID_FR000002_D892_423c_850E_asYS5B99kNIo" covered="EAID_LL000000_D892_423c_850E_asYS5B99kNIo"/>
<fragment xmi:type="uml:OccurrenceSpecification" xmi:id="EAID_FR000003_D892_423c_850E_Qt3He7j69MSH" covered="EAID_7183D05E_D892_423c_850E_Qt3He7j69MSH"/>
<fragment xmi:type="uml:OccurrenceSpecification" xmi:id="EAID_FR000004_D892_423c_850E_Qt3He7j69MSH" covered="EAID_7183D05E_D892_423c_850E_Qt3He7j69MSH"/>
<fragment xmi:type="uml:OccurrenceSpecification" xmi:id="EAID_FR000005_D892_423c_850E_Qt3He7j69MSH" covered="EAID_7183D05E_D892_423c_850E_Qt3He7j69MSH"/>
<fragment xmi:type="uml:OccurrenceSpecification" xmi:id="EAID_FR000006_D892_423c_850E_Qt3He7j69MSH" covered="EAID_7183D05E_D892_423c_850E_Qt3He7j69MSH"/>
<fragment xmi:type="uml:OccurrenceSpecification" xmi:id="EAID_FR000007_D892_423c_850E_1AqMj3pr4V9z" covered="EAID_7183D05E_D892_423c_850E_1AqMj3pr4V9z"/>
<fragment xmi:type="uml:OccurrenceSpecification" xmi:id="EAID_FR000008_D892_423c_850E_1AqMj3pr4V9z" covered="EAID_7183D05E_D892_423c_850E_1AqMj3pr4V9z"/>
<fragment xmi:type="uml:OccurrenceSpecification" xmi:id="EAID_FR000009_D892_423c_850E_Qt3He7j69MSH" covered="EAID_7183D05E_D892_423c_850E_Qt3He7j69MSH"/>
<fragment xmi:type="uml:OccurrenceSpecification" xmi:id="EAID_FR0000010_D892_423c_850E_1AqMj3pr4V9z" covered="EAID_7183D05E_D892_423c_850E_1AqMj3pr4V9z"/>
<fragment xmi:type="uml:OccurrenceSpecification" xmi:id="EAID_FR0000011_D892_423c_850E_Qt3He7j69MSH" covered="EAID_7183D05E_D892_423c_850E_Qt3He7j69MSH"/>
<fragment xmi:type="uml:OccurrenceSpecification" xmi:id="EAID_FR0000012_D892_423c_850E_Qt3He7j69MSH" covered="EAID_7183D05E_D892_423c_850E_Qt3He7j69MSH"/>
<fragment xmi:type="uml:OccurrenceSpecification" xmi:id="EAID_FR0000013_D892_423c_850E_Qt3He7j69MSH" covered="EAID_7183D05E_D892_423c_850E_Qt3He7j69MSH"/>
<fragment xmi:type="uml:OccurrenceSpecification" xmi:id="EAID_FR0000014_D892_423c_850E_asYS5B99kNIo" covered="EAID_LL000000_D892_423c_850E_asYS5B99kNIo"/>
<fragment xmi:type="uml:OccurrenceSpecification" xmi:id="EAID_FR0000015_D892_423c_850E_Qt3He7j69MSH" covered="EAID_7183D05E_D892_423c_850E_Qt3He7j69MSH"/>
<message xmi:type="uml:Message" xmi:id="EAID_049D1FF1_0B97_41fb_AC69_41AF8rYUJaI3" name="ViewandRSVPforeventspage" messageKind="complete" messageSort="synchCall" sendEvent="EAID_FR0000014_D892_423c_850E_asYS5B99kNIo" receiveEvent="EAID_FR0000015_D892_423c_850E_Qt3He7j69MSH"/>
<message xmi:type="uml:Message" xmi:id="EAID_049D1FF1_0B97_41fb_AC69_41AFyJSa9BU4" name="selectpagesofupcomingevents" messageKind="complete" messageSort="synchCall" sendEvent="EAID_FR0000015_D892_423c_850E_Qt3He7j69MSH" receiveEvent="EAID_FR0000015_D892_423c_850E_Qt3He7j69MSH"/>
<message xmi:type="uml:Message" xmi:id="EAID_049D1FF1_0B97_41fb_AC69_41AFDJ0yjhS6" name="Showconfirmationpage" messageKind="complete" messageSort="synchCall" sendEvent="EAID_FR0000015_D892_423c_850E_Qt3He7j69MSH" receiveEvent="EAID_FR0000010_D892_423c_850E_1AqMj3pr4V9z"/>
<message xmi:type="uml:Message" xmi:id="EAID_049D1FF1_0B97_41fb_AC69_41AFNmONCwN2" name="Homepage" messageKind="complete" messageSort="synchCall" sendEvent="EAID_FR0000010_D892_423c_850E_1AqMj3pr4V9z" receiveEvent="EAID_FR0000015_D892_423c_850E_Qt3He7j69MSH"/>
<message xmi:type="uml:Message" xmi:id="EAID_049D1FF1_0B97_41fb_AC69_41AFy0KNPnSq" name="ViewandRSVPforeventspage" messageKind="complete" messageSort="synchCall" sendEvent="EAID_FR0000010_D892_423c_850E_1AqMj3pr4V9z" receiveEvent="EAID_FR0000015_D892_423c_850E_Qt3He7j69MSH"/>
<message xmi:type="uml:Message" xmi:id="EAID_049D1FF1_0B97_41fb_AC69_41AF0ssBSR9u" name="selectpagesofupcomingevents" messageKind="complete" messageSort="synchCall" sendEvent="EAID_FR0000015_D892_423c_850E_Qt3He7j69MSH" receiveEvent="EAID_FR0000015_D892_423c_850E_Qt3He7j69MSH"/>
<message xmi:type="uml:Message" xmi:id="EAID_049D1FF1_0B97_41fb_AC69_41AFjr7rdyc2" name="Homepage" messageKind="complete" messageSort="synchCall" sendEvent="EAID_FR0000014_D892_423c_850E_asYS5B99kNIo" receiveEvent="EAID_FR0000015_D892_423c_850E_Qt3He7j69MSH"/>
</ownedBehavior>
<ownedAttribute xmi:type="uml:Property" xmi:id="EAID_AT000000_D892_423c_850E_Qt3He7j69MSH"/>
<ownedAttribute xmi:type="uml:Property" xmi:id="EAID_AT000000_D892_423c_850E_1AqMj3pr4V9z"/>
<ownedAttribute xmi:type="uml:Property" xmi:id="EAID_AT000000_D892_423c_850E_8109476FDED0">
<type xmi:idref="EAID_9977D5D6_D839_4e85_9EF1_nXlvDLnf3nYI"/>
					</ownedAttribute>
				</nestedClassifier>
			</packagedElement>
<packagedElement xmi:type="uml:Actor" xmi:id="EAID_9977D5D6_D839_4e85_9EF1_nXlvDLnf3nYI" name="User" visibility="public"/>

<packagedElement xmi:type="uml:UseCase" xmi:id="EAID_586BCAF6_15CB_4a03_81A9_bIIER0zGjr7f" name="Add Users3" visibility="public">
<nestedClassifier xmi:type="uml:Collaboration" xmi:id="EAID_CB000000_AF6_15CB_4a03_81A9_zyUOfPqbclm" name="EA_Collaboration3" visibility="public">
<ownedBehavior xmi:type="uml:Interaction" xmi:id="EAID_IN000000_AF6_15CB_4a03_81A9_MlZjf8ZrJdk" name="EA_Interaction3" visibility="public">
<lifeline xmi:type="uml:Lifeline" xmi:id="EAID_LL000000_D892_423c_850E_1AqMj3pr4V9z" name="User" visibility="public" represents="EAID_AT000000_D892_423c_850E_8109476FDED0"/>
<lifeline xmi:type="uml:Lifeline" xmi:id="EAID_7183D05E_D892_423c_850E_QlcJjnJQXPNY" name="Event Image" visibility="public" represents="EAID_AT000000_D892_423c_850E_QlcJjnJQXPNY"/>
<lifeline xmi:type="uml:Lifeline" xmi:id="EAID_7183D05E_D892_423c_850E_5KhnXIZnwjQT" name="Social Media Update Item " visibility="public" represents="EAID_AT000000_D892_423c_850E_5KhnXIZnwjQT"/>
<lifeline xmi:type="uml:Lifeline" xmi:id="EAID_7183D05E_D892_423c_850E_iWyCGPJX7gO6" name="Job Application Form " visibility="public" represents="EAID_AT000000_D892_423c_850E_iWyCGPJX7gO6"/>
<fragment xmi:type="uml:OccurrenceSpecification" xmi:id="EAID_FR000002_D892_423c_850E_1AqMj3pr4V9z" covered="EAID_LL000000_D892_423c_850E_1AqMj3pr4V9z"/>
<fragment xmi:type="uml:OccurrenceSpecification" xmi:id="EAID_FR000003_D892_423c_850E_QlcJjnJQXPNY" covered="EAID_7183D05E_D892_423c_850E_QlcJjnJQXPNY"/>
<fragment xmi:type="uml:OccurrenceSpecification" xmi:id="EAID_FR000004_D892_423c_850E_1AqMj3pr4V9z" covered="EAID_LL000000_D892_423c_850E_1AqMj3pr4V9z"/>
<fragment xmi:type="uml:OccurrenceSpecification" xmi:id="EAID_FR000005_D892_423c_850E_5KhnXIZnwjQT" covered="EAID_7183D05E_D892_423c_850E_5KhnXIZnwjQT"/>
<fragment xmi:type="uml:OccurrenceSpecification" xmi:id="EAID_FR000006_D892_423c_850E_5KhnXIZnwjQT" covered="EAID_7183D05E_D892_423c_850E_5KhnXIZnwjQT"/>
<fragment xmi:type="uml:OccurrenceSpecification" xmi:id="EAID_FR000007_D892_423c_850E_5KhnXIZnwjQT" covered="EAID_7183D05E_D892_423c_850E_5KhnXIZnwjQT"/>
<fragment xmi:type="uml:OccurrenceSpecification" xmi:id="EAID_FR000008_D892_423c_850E_5KhnXIZnwjQT" covered="EAID_7183D05E_D892_423c_850E_5KhnXIZnwjQT"/>
<fragment xmi:type="uml:OccurrenceSpecification" xmi:id="EAID_FR000009_D892_423c_850E_iWyCGPJX7gO6" covered="EAID_7183D05E_D892_423c_850E_iWyCGPJX7gO6"/>
<fragment xmi:type="uml:OccurrenceSpecification" xmi:id="EAID_FR0000010_D892_423c_850E_iWyCGPJX7gO6" covered="EAID_7183D05E_D892_423c_850E_iWyCGPJX7gO6"/>
<fragment xmi:type="uml:OccurrenceSpecification" xmi:id="EAID_FR0000011_D892_423c_850E_QlcJjnJQXPNY" covered="EAID_7183D05E_D892_423c_850E_QlcJjnJQXPNY"/>
<fragment xmi:type="uml:OccurrenceSpecification" xmi:id="EAID_FR0000012_D892_423c_850E_iWyCGPJX7gO6" covered="EAID_7183D05E_D892_423c_850E_iWyCGPJX7gO6"/>
<fragment xmi:type="uml:OccurrenceSpecification" xmi:id="EAID_FR0000013_D892_423c_850E_5KhnXIZnwjQT" covered="EAID_7183D05E_D892_423c_850E_5KhnXIZnwjQT"/>
<fragment xmi:type="uml:OccurrenceSpecification" xmi:id="EAID_FR0000014_D892_423c_850E_5KhnXIZnwjQT" covered="EAID_7183D05E_D892_423c_850E_5KhnXIZnwjQT"/>
<fragment xmi:type="uml:OccurrenceSpecification" xmi:id="EAID_FR0000015_D892_423c_850E_5KhnXIZnwjQT" covered="EAID_7183D05E_D892_423c_850E_5KhnXIZnwjQT"/>
<message xmi:type="uml:Message" xmi:id="EAID_049D1FF1_0B97_41fb_AC69_41AF5V0uaTcb" name="Homepage" messageKind="complete" messageSort="synchCall" sendEvent="EAID_FR000004_D892_423c_850E_1AqMj3pr4V9z" receiveEvent="EAID_FR0000011_D892_423c_850E_QlcJjnJQXPNY"/>
<message xmi:type="uml:Message" xmi:id="EAID_049D1FF1_0B97_41fb_AC69_41AFMiNtyZ5d" name="Postonsocialnewworkpage" messageKind="complete" messageSort="synchCall" sendEvent="EAID_FR000004_D892_423c_850E_1AqMj3pr4V9z" receiveEvent="EAID_FR0000015_D892_423c_850E_5KhnXIZnwjQT"/>
<message xmi:type="uml:Message" xmi:id="EAID_049D1FF1_0B97_41fb_AC69_41AFwozNHXiy" name="Postonsocialnetworks" messageKind="complete" messageSort="synchCall" sendEvent="EAID_FR0000015_D892_423c_850E_5KhnXIZnwjQT" receiveEvent="EAID_FR0000015_D892_423c_850E_5KhnXIZnwjQT"/>
<message xmi:type="uml:Message" xmi:id="EAID_049D1FF1_0B97_41fb_AC69_41AFCzXwANZC" name="Showconfirmationpage" messageKind="complete" messageSort="synchCall" sendEvent="EAID_FR0000015_D892_423c_850E_5KhnXIZnwjQT" receiveEvent="EAID_FR0000012_D892_423c_850E_iWyCGPJX7gO6"/>
<message xmi:type="uml:Message" xmi:id="EAID_049D1FF1_0B97_41fb_AC69_41AFnacEtBGX" name="Homepage" messageKind="complete" messageSort="synchCall" sendEvent="EAID_FR0000012_D892_423c_850E_iWyCGPJX7gO6" receiveEvent="EAID_FR0000011_D892_423c_850E_QlcJjnJQXPNY"/>
<message xmi:type="uml:Message" xmi:id="EAID_049D1FF1_0B97_41fb_AC69_41AFKVH12Vqa" name="Postonsocialnewworkpage" messageKind="complete" messageSort="synchCall" sendEvent="EAID_FR0000012_D892_423c_850E_iWyCGPJX7gO6" receiveEvent="EAID_FR0000015_D892_423c_850E_5KhnXIZnwjQT"/>
<message xmi:type="uml:Message" xmi:id="EAID_049D1FF1_0B97_41fb_AC69_41AFCK6fY1pY" name="Postonsocialnetworks" messageKind="complete" messageSort="synchCall" sendEvent="EAID_FR0000015_D892_423c_850E_5KhnXIZnwjQT" receiveEvent="EAID_FR0000015_D892_423c_850E_5KhnXIZnwjQT"/>
</ownedBehavior>
<ownedAttribute xmi:type="uml:Property" xmi:id="EAID_AT000000_D892_423c_850E_QlcJjnJQXPNY"/>
<ownedAttribute xmi:type="uml:Property" xmi:id="EAID_AT000000_D892_423c_850E_5KhnXIZnwjQT"/>
<ownedAttribute xmi:type="uml:Property" xmi:id="EAID_AT000000_D892_423c_850E_iWyCGPJX7gO6"/>
<ownedAttribute xmi:type="uml:Property" xmi:id="EAID_AT000000_D892_423c_850E_8109476FDED0">
<type xmi:idref="EAID_9977D5D6_D839_4e85_9EF1_XXqQvH7tKqZT"/>
					</ownedAttribute>
				</nestedClassifier>
			</packagedElement>
<packagedElement xmi:type="uml:Actor" xmi:id="EAID_9977D5D6_D839_4e85_9EF1_XXqQvH7tKqZT" name="User" visibility="public"/>

<packagedElement xmi:type="uml:UseCase" xmi:id="EAID_586BCAF6_15CB_4a03_81A9_UwiNklv5sQYE" name="Add Users4" visibility="public">
<nestedClassifier xmi:type="uml:Collaboration" xmi:id="EAID_CB000000_AF6_15CB_4a03_81A9_klPpnrLUBJA" name="EA_Collaboration4" visibility="public">
<ownedBehavior xmi:type="uml:Interaction" xmi:id="EAID_IN000000_AF6_15CB_4a03_81A9_3c7kYO0TAy1" name="EA_Interaction4" visibility="public">
<lifeline xmi:type="uml:Lifeline" xmi:id="EAID_LL000000_D892_423c_850E_iWyCGPJX7gO6" name="User" visibility="public" represents="EAID_AT000000_D892_423c_850E_8109476FDED0"/>
<lifeline xmi:type="uml:Lifeline" xmi:id="EAID_7183D05E_D892_423c_850E_7dlor3iJmJID" name="Event Image" visibility="public" represents="EAID_AT000000_D892_423c_850E_7dlor3iJmJID"/>
<lifeline xmi:type="uml:Lifeline" xmi:id="EAID_7183D05E_D892_423c_850E_ztCKjlMrTANE" name="Job Application Form " visibility="public" represents="EAID_AT000000_D892_423c_850E_ztCKjlMrTANE"/>
<lifeline xmi:type="uml:Lifeline" xmi:id="EAID_7183D05E_D892_423c_850E_cMNYXM7JHgxS" name="Social Media Update Item " visibility="public" represents="EAID_AT000000_D892_423c_850E_cMNYXM7JHgxS"/>
<fragment xmi:type="uml:OccurrenceSpecification" xmi:id="EAID_FR000002_D892_423c_850E_iWyCGPJX7gO6" covered="EAID_LL000000_D892_423c_850E_iWyCGPJX7gO6"/>
<fragment xmi:type="uml:OccurrenceSpecification" xmi:id="EAID_FR000003_D892_423c_850E_7dlor3iJmJID" covered="EAID_7183D05E_D892_423c_850E_7dlor3iJmJID"/>
<fragment xmi:type="uml:OccurrenceSpecification" xmi:id="EAID_FR000004_D892_423c_850E_7dlor3iJmJID" covered="EAID_7183D05E_D892_423c_850E_7dlor3iJmJID"/>
<fragment xmi:type="uml:OccurrenceSpecification" xmi:id="EAID_FR000005_D892_423c_850E_cMNYXM7JHgxS" covered="EAID_7183D05E_D892_423c_850E_cMNYXM7JHgxS"/>
<fragment xmi:type="uml:OccurrenceSpecification" xmi:id="EAID_FR000006_D892_423c_850E_cMNYXM7JHgxS" covered="EAID_7183D05E_D892_423c_850E_cMNYXM7JHgxS"/>
<fragment xmi:type="uml:OccurrenceSpecification" xmi:id="EAID_FR000007_D892_423c_850E_ztCKjlMrTANE" covered="EAID_7183D05E_D892_423c_850E_ztCKjlMrTANE"/>
<fragment xmi:type="uml:OccurrenceSpecification" xmi:id="EAID_FR000008_D892_423c_850E_ztCKjlMrTANE" covered="EAID_7183D05E_D892_423c_850E_ztCKjlMrTANE"/>
<fragment xmi:type="uml:OccurrenceSpecification" xmi:id="EAID_FR000009_D892_423c_850E_7dlor3iJmJID" covered="EAID_7183D05E_D892_423c_850E_7dlor3iJmJID"/>
<fragment xmi:type="uml:OccurrenceSpecification" xmi:id="EAID_FR0000010_D892_423c_850E_ztCKjlMrTANE" covered="EAID_7183D05E_D892_423c_850E_ztCKjlMrTANE"/>
<fragment xmi:type="uml:OccurrenceSpecification" xmi:id="EAID_FR0000011_D892_423c_850E_7dlor3iJmJID" covered="EAID_7183D05E_D892_423c_850E_7dlor3iJmJID"/>
<fragment xmi:type="uml:OccurrenceSpecification" xmi:id="EAID_FR0000012_D892_423c_850E_7dlor3iJmJID" covered="EAID_7183D05E_D892_423c_850E_7dlor3iJmJID"/>
<fragment xmi:type="uml:OccurrenceSpecification" xmi:id="EAID_FR0000013_D892_423c_850E_cMNYXM7JHgxS" covered="EAID_7183D05E_D892_423c_850E_cMNYXM7JHgxS"/>
<fragment xmi:type="uml:OccurrenceSpecification" xmi:id="EAID_FR0000014_D892_423c_850E_iWyCGPJX7gO6" covered="EAID_LL000000_D892_423c_850E_iWyCGPJX7gO6"/>
<fragment xmi:type="uml:OccurrenceSpecification" xmi:id="EAID_FR0000015_D892_423c_850E_7dlor3iJmJID" covered="EAID_7183D05E_D892_423c_850E_7dlor3iJmJID"/>
<message xmi:type="uml:Message" xmi:id="EAID_049D1FF1_0B97_41fb_AC69_41AFp5s4N9fI" name="Maintainsocialnetworkpage" messageKind="complete" messageSort="synchCall" sendEvent="EAID_FR0000014_D892_423c_850E_iWyCGPJX7gO6" receiveEvent="EAID_FR0000015_D892_423c_850E_7dlor3iJmJID"/>
<message xmi:type="uml:Message" xmi:id="EAID_049D1FF1_0B97_41fb_AC69_41AFTC77wuoE" name="Maintainsocialnetwork" messageKind="complete" messageSort="synchCall" sendEvent="EAID_FR0000015_D892_423c_850E_7dlor3iJmJID" receiveEvent="EAID_FR0000013_D892_423c_850E_cMNYXM7JHgxS"/>
<message xmi:type="uml:Message" xmi:id="EAID_049D1FF1_0B97_41fb_AC69_41AF2fhAaWLI" name="Showconfirmationpage" messageKind="complete" messageSort="synchCall" sendEvent="EAID_FR0000013_D892_423c_850E_cMNYXM7JHgxS" receiveEvent="EAID_FR0000010_D892_423c_850E_ztCKjlMrTANE"/>
<message xmi:type="uml:Message" xmi:id="EAID_049D1FF1_0B97_41fb_AC69_41AFJtlyYhul" name="Homepage" messageKind="complete" messageSort="synchCall" sendEvent="EAID_FR0000010_D892_423c_850E_ztCKjlMrTANE" receiveEvent="EAID_FR0000015_D892_423c_850E_7dlor3iJmJID"/>
<message xmi:type="uml:Message" xmi:id="EAID_049D1FF1_0B97_41fb_AC69_41AF5YoTW341" name="Maintainsocialnetworkpage" messageKind="complete" messageSort="synchCall" sendEvent="EAID_FR0000010_D892_423c_850E_ztCKjlMrTANE" receiveEvent="EAID_FR0000015_D892_423c_850E_7dlor3iJmJID"/>
<message xmi:type="uml:Message" xmi:id="EAID_049D1FF1_0B97_41fb_AC69_41AFqpp9eJAw" name="Maintainsocialnetwork" messageKind="complete" messageSort="synchCall" sendEvent="EAID_FR0000015_D892_423c_850E_7dlor3iJmJID" receiveEvent="EAID_FR0000013_D892_423c_850E_cMNYXM7JHgxS"/>
<message xmi:type="uml:Message" xmi:id="EAID_049D1FF1_0B97_41fb_AC69_41AFojws6gqK" name="Homepage" messageKind="complete" messageSort="synchCall" sendEvent="EAID_FR0000014_D892_423c_850E_iWyCGPJX7gO6" receiveEvent="EAID_FR0000015_D892_423c_850E_7dlor3iJmJID"/>
</ownedBehavior>
<ownedAttribute xmi:type="uml:Property" xmi:id="EAID_AT000000_D892_423c_850E_7dlor3iJmJID"/>
<ownedAttribute xmi:type="uml:Property" xmi:id="EAID_AT000000_D892_423c_850E_ztCKjlMrTANE"/>
<ownedAttribute xmi:type="uml:Property" xmi:id="EAID_AT000000_D892_423c_850E_cMNYXM7JHgxS"/>
<ownedAttribute xmi:type="uml:Property" xmi:id="EAID_AT000000_D892_423c_850E_8109476FDED0">
<type xmi:idref="EAID_9977D5D6_D839_4e85_9EF1_BUiGBHCEO6Iu"/>
					</ownedAttribute>
				</nestedClassifier>
			</packagedElement>
<packagedElement xmi:type="uml:Actor" xmi:id="EAID_9977D5D6_D839_4e85_9EF1_BUiGBHCEO6Iu" name="User" visibility="public"/>

<packagedElement xmi:type="uml:UseCase" xmi:id="EAID_586BCAF6_15CB_4a03_81A9_el0amFIkPOTS" name="Add Users5" visibility="public">
<nestedClassifier xmi:type="uml:Collaboration" xmi:id="EAID_CB000000_AF6_15CB_4a03_81A9_RmFOO8MI0mV" name="EA_Collaboration5" visibility="public">
<ownedBehavior xmi:type="uml:Interaction" xmi:id="EAID_IN000000_AF6_15CB_4a03_81A9_n0ZeY7I17vM" name="EA_Interaction5" visibility="public">
<lifeline xmi:type="uml:Lifeline" xmi:id="EAID_LL000000_D892_423c_850E_cMNYXM7JHgxS" name="User" visibility="public" represents="EAID_AT000000_D892_423c_850E_8109476FDED0"/>
<lifeline xmi:type="uml:Lifeline" xmi:id="EAID_7183D05E_D892_423c_850E_ukEibkM1PrJE" name="Event Image" visibility="public" represents="EAID_AT000000_D892_423c_850E_ukEibkM1PrJE"/>
<lifeline xmi:type="uml:Lifeline" xmi:id="EAID_7183D05E_D892_423c_850E_reJH40RE1hQ3" name="Job Application Form " visibility="public" represents="EAID_AT000000_D892_423c_850E_reJH40RE1hQ3"/>
<fragment xmi:type="uml:OccurrenceSpecification" xmi:id="EAID_FR000002_D892_423c_850E_cMNYXM7JHgxS" covered="EAID_LL000000_D892_423c_850E_cMNYXM7JHgxS"/>
<fragment xmi:type="uml:OccurrenceSpecification" xmi:id="EAID_FR000003_D892_423c_850E_ukEibkM1PrJE" covered="EAID_7183D05E_D892_423c_850E_ukEibkM1PrJE"/>
<fragment xmi:type="uml:OccurrenceSpecification" xmi:id="EAID_FR000004_D892_423c_850E_cMNYXM7JHgxS" covered="EAID_LL000000_D892_423c_850E_cMNYXM7JHgxS"/>
<fragment xmi:type="uml:OccurrenceSpecification" xmi:id="EAID_FR000005_D892_423c_850E_reJH40RE1hQ3" covered="EAID_7183D05E_D892_423c_850E_reJH40RE1hQ3"/>
<fragment xmi:type="uml:OccurrenceSpecification" xmi:id="EAID_FR000006_D892_423c_850E_reJH40RE1hQ3" covered="EAID_7183D05E_D892_423c_850E_reJH40RE1hQ3"/>
<fragment xmi:type="uml:OccurrenceSpecification" xmi:id="EAID_FR000007_D892_423c_850E_reJH40RE1hQ3" covered="EAID_7183D05E_D892_423c_850E_reJH40RE1hQ3"/>
<fragment xmi:type="uml:OccurrenceSpecification" xmi:id="EAID_FR000008_D892_423c_850E_reJH40RE1hQ3" covered="EAID_7183D05E_D892_423c_850E_reJH40RE1hQ3"/>
<fragment xmi:type="uml:OccurrenceSpecification" xmi:id="EAID_FR000009_D892_423c_850E_reJH40RE1hQ3" covered="EAID_7183D05E_D892_423c_850E_reJH40RE1hQ3"/>
<fragment xmi:type="uml:OccurrenceSpecification" xmi:id="EAID_FR0000010_D892_423c_850E_reJH40RE1hQ3" covered="EAID_7183D05E_D892_423c_850E_reJH40RE1hQ3"/>
<fragment xmi:type="uml:OccurrenceSpecification" xmi:id="EAID_FR0000011_D892_423c_850E_reJH40RE1hQ3" covered="EAID_7183D05E_D892_423c_850E_reJH40RE1hQ3"/>
<fragment xmi:type="uml:OccurrenceSpecification" xmi:id="EAID_FR0000012_D892_423c_850E_reJH40RE1hQ3" covered="EAID_7183D05E_D892_423c_850E_reJH40RE1hQ3"/>
<fragment xmi:type="uml:OccurrenceSpecification" xmi:id="EAID_FR0000013_D892_423c_850E_reJH40RE1hQ3" covered="EAID_7183D05E_D892_423c_850E_reJH40RE1hQ3"/>
<fragment xmi:type="uml:OccurrenceSpecification" xmi:id="EAID_FR0000014_D892_423c_850E_reJH40RE1hQ3" covered="EAID_7183D05E_D892_423c_850E_reJH40RE1hQ3"/>
<fragment xmi:type="uml:OccurrenceSpecification" xmi:id="EAID_FR0000015_D892_423c_850E_ukEibkM1PrJE" covered="EAID_7183D05E_D892_423c_850E_ukEibkM1PrJE"/>
<message xmi:type="uml:Message" xmi:id="EAID_049D1FF1_0B97_41fb_AC69_41AFnizPj5mG" name="Homepage" messageKind="complete" messageSort="synchCall" sendEvent="EAID_FR000004_D892_423c_850E_cMNYXM7JHgxS" receiveEvent="EAID_FR0000015_D892_423c_850E_ukEibkM1PrJE"/>
<message xmi:type="uml:Message" xmi:id="EAID_049D1FF1_0B97_41fb_AC69_41AFbZnpa9C6" name="Donatingmoneypage" messageKind="complete" messageSort="synchCall" sendEvent="EAID_FR000004_D892_423c_850E_cMNYXM7JHgxS" receiveEvent="EAID_FR0000014_D892_423c_850E_reJH40RE1hQ3"/>
<message xmi:type="uml:Message" xmi:id="EAID_049D1FF1_0B97_41fb_AC69_41AFonAVcVtS" name="choosemethodfordonation" messageKind="complete" messageSort="synchCall" sendEvent="EAID_FR0000014_D892_423c_850E_reJH40RE1hQ3" receiveEvent="EAID_FR0000014_D892_423c_850E_reJH40RE1hQ3"/>
<message xmi:type="uml:Message" xmi:id="EAID_049D1FF1_0B97_41fb_AC69_41AFXcng9sST" name="Showconfirmationpage" messageKind="complete" messageSort="synchCall" sendEvent="EAID_FR0000014_D892_423c_850E_reJH40RE1hQ3" receiveEvent="EAID_FR0000014_D892_423c_850E_reJH40RE1hQ3"/>
<message xmi:type="uml:Message" xmi:id="EAID_049D1FF1_0B97_41fb_AC69_41AFjAx0iGjg" name="Donatingmoneypage" messageKind="complete" messageSort="synchCall" sendEvent="EAID_FR0000014_D892_423c_850E_reJH40RE1hQ3" receiveEvent="EAID_FR0000014_D892_423c_850E_reJH40RE1hQ3"/>
<message xmi:type="uml:Message" xmi:id="EAID_049D1FF1_0B97_41fb_AC69_41AFookHyMtY" name="choosemethodfordonation" messageKind="complete" messageSort="synchCall" sendEvent="EAID_FR0000014_D892_423c_850E_reJH40RE1hQ3" receiveEvent="EAID_FR0000014_D892_423c_850E_reJH40RE1hQ3"/>
<message xmi:type="uml:Message" xmi:id="EAID_049D1FF1_0B97_41fb_AC69_41AFhaFW2KK0" name="Homepage" messageKind="complete" messageSort="synchCall" sendEvent="EAID_FR0000014_D892_423c_850E_reJH40RE1hQ3" receiveEvent="EAID_FR0000015_D892_423c_850E_ukEibkM1PrJE"/>
</ownedBehavior>
<ownedAttribute xmi:type="uml:Property" xmi:id="EAID_AT000000_D892_423c_850E_ukEibkM1PrJE"/>
<ownedAttribute xmi:type="uml:Property" xmi:id="EAID_AT000000_D892_423c_850E_reJH40RE1hQ3"/>
<ownedAttribute xmi:type="uml:Property" xmi:id="EAID_AT000000_D892_423c_850E_8109476FDED0">
<type xmi:idref="EAID_9977D5D6_D839_4e85_9EF1_5zk5CHL04Xdl"/>
					</ownedAttribute>
				</nestedClassifier>
			</packagedElement>
<packagedElement xmi:type="uml:Actor" xmi:id="EAID_9977D5D6_D839_4e85_9EF1_5zk5CHL04Xdl" name="User" visibility="public"/>

<packagedElement xmi:type="uml:UseCase" xmi:id="EAID_586BCAF6_15CB_4a03_81A9_PjezRUePPj3f" name="Add Users6" visibility="public">
<nestedClassifier xmi:type="uml:Collaboration" xmi:id="EAID_CB000000_AF6_15CB_4a03_81A9_yy2cfVvUWA7" name="EA_Collaboration6" visibility="public">
<ownedBehavior xmi:type="uml:Interaction" xmi:id="EAID_IN000000_AF6_15CB_4a03_81A9_pSoOLE6R5GN" name="EA_Interaction6" visibility="public">
<lifeline xmi:type="uml:Lifeline" xmi:id="EAID_LL000000_D892_423c_850E_reJH40RE1hQ3" name="User" visibility="public" represents="EAID_AT000000_D892_423c_850E_8109476FDED0"/>
<lifeline xmi:type="uml:Lifeline" xmi:id="EAID_7183D05E_D892_423c_850E_Sa87gdxRwfcB" name="Forwardartifacttodepartment" visibility="public" represents="EAID_AT000000_D892_423c_850E_Sa87gdxRwfcB"/>
<lifeline xmi:type="uml:Lifeline" xmi:id="EAID_7183D05E_D892_423c_850E_MkAHdKeCcS4u" name="Event Image" visibility="public" represents="EAID_AT000000_D892_423c_850E_MkAHdKeCcS4u"/>
<lifeline xmi:type="uml:Lifeline" xmi:id="EAID_7183D05E_D892_423c_850E_cpGpi8xnqK7z" name="Job Application Form " visibility="public" represents="EAID_AT000000_D892_423c_850E_cpGpi8xnqK7z"/>
<fragment xmi:type="uml:OccurrenceSpecification" xmi:id="EAID_FR000002_D892_423c_850E_reJH40RE1hQ3" covered="EAID_LL000000_D892_423c_850E_reJH40RE1hQ3"/>
<fragment xmi:type="uml:OccurrenceSpecification" xmi:id="EAID_FR000003_D892_423c_850E_Sa87gdxRwfcB" covered="EAID_7183D05E_D892_423c_850E_Sa87gdxRwfcB"/>
<fragment xmi:type="uml:OccurrenceSpecification" xmi:id="EAID_FR000004_D892_423c_850E_Sa87gdxRwfcB" covered="EAID_7183D05E_D892_423c_850E_Sa87gdxRwfcB"/>
<fragment xmi:type="uml:OccurrenceSpecification" xmi:id="EAID_FR000005_D892_423c_850E_Sa87gdxRwfcB" covered="EAID_7183D05E_D892_423c_850E_Sa87gdxRwfcB"/>
<fragment xmi:type="uml:OccurrenceSpecification" xmi:id="EAID_FR000006_D892_423c_850E_Sa87gdxRwfcB" covered="EAID_7183D05E_D892_423c_850E_Sa87gdxRwfcB"/>
<fragment xmi:type="uml:OccurrenceSpecification" xmi:id="EAID_FR000007_D892_423c_850E_cpGpi8xnqK7z" covered="EAID_7183D05E_D892_423c_850E_cpGpi8xnqK7z"/>
<fragment xmi:type="uml:OccurrenceSpecification" xmi:id="EAID_FR000008_D892_423c_850E_cpGpi8xnqK7z" covered="EAID_7183D05E_D892_423c_850E_cpGpi8xnqK7z"/>
<fragment xmi:type="uml:OccurrenceSpecification" xmi:id="EAID_FR000009_D892_423c_850E_Sa87gdxRwfcB" covered="EAID_7183D05E_D892_423c_850E_Sa87gdxRwfcB"/>
<fragment xmi:type="uml:OccurrenceSpecification" xmi:id="EAID_FR0000010_D892_423c_850E_Sa87gdxRwfcB" covered="EAID_7183D05E_D892_423c_850E_Sa87gdxRwfcB"/>
<fragment xmi:type="uml:OccurrenceSpecification" xmi:id="EAID_FR0000011_D892_423c_850E_Sa87gdxRwfcB" covered="EAID_7183D05E_D892_423c_850E_Sa87gdxRwfcB"/>
<fragment xmi:type="uml:OccurrenceSpecification" xmi:id="EAID_FR0000012_D892_423c_850E_cpGpi8xnqK7z" covered="EAID_7183D05E_D892_423c_850E_cpGpi8xnqK7z"/>
<fragment xmi:type="uml:OccurrenceSpecification" xmi:id="EAID_FR0000013_D892_423c_850E_MkAHdKeCcS4u" covered="EAID_7183D05E_D892_423c_850E_MkAHdKeCcS4u"/>
<fragment xmi:type="uml:OccurrenceSpecification" xmi:id="EAID_FR0000014_D892_423c_850E_reJH40RE1hQ3" covered="EAID_LL000000_D892_423c_850E_reJH40RE1hQ3"/>
<fragment xmi:type="uml:OccurrenceSpecification" xmi:id="EAID_FR0000015_D892_423c_850E_MkAHdKeCcS4u" covered="EAID_7183D05E_D892_423c_850E_MkAHdKeCcS4u"/>
<message xmi:type="uml:Message" xmi:id="EAID_049D1FF1_0B97_41fb_AC69_41AFW1gSduNu" name="Forwardartifacttodepartmentpage" messageKind="complete" messageSort="synchCall" sendEvent="EAID_FR0000014_D892_423c_850E_reJH40RE1hQ3" receiveEvent="EAID_FR0000011_D892_423c_850E_Sa87gdxRwfcB"/>
<message xmi:type="uml:Message" xmi:id="EAID_049D1FF1_0B97_41fb_AC69_41AFXglc83mN" name="Forwardartifacttodepartment" messageKind="complete" messageSort="synchCall" sendEvent="EAID_FR0000011_D892_423c_850E_Sa87gdxRwfcB" receiveEvent="EAID_FR0000011_D892_423c_850E_Sa87gdxRwfcB"/>
<message xmi:type="uml:Message" xmi:id="EAID_049D1FF1_0B97_41fb_AC69_41AFHygJ1s1H" name="Showconfirmationpage" messageKind="complete" messageSort="synchCall" sendEvent="EAID_FR0000011_D892_423c_850E_Sa87gdxRwfcB" receiveEvent="EAID_FR0000012_D892_423c_850E_cpGpi8xnqK7z"/>
<message xmi:type="uml:Message" xmi:id="EAID_049D1FF1_0B97_41fb_AC69_41AF4ErHqFRt" name="Forwardartifacttodepartmentpage" messageKind="complete" messageSort="synchCall" sendEvent="EAID_FR0000012_D892_423c_850E_cpGpi8xnqK7z" receiveEvent="EAID_FR0000011_D892_423c_850E_Sa87gdxRwfcB"/>
<message xmi:type="uml:Message" xmi:id="EAID_049D1FF1_0B97_41fb_AC69_41AFy92pAPRy" name="Forwardartifacttodepartment" messageKind="complete" messageSort="synchCall" sendEvent="EAID_FR0000011_D892_423c_850E_Sa87gdxRwfcB" receiveEvent="EAID_FR0000011_D892_423c_850E_Sa87gdxRwfcB"/>
<message xmi:type="uml:Message" xmi:id="EAID_049D1FF1_0B97_41fb_AC69_41AFeroTlHvv" name="Homepage" messageKind="complete" messageSort="synchCall" sendEvent="EAID_FR0000012_D892_423c_850E_cpGpi8xnqK7z" receiveEvent="EAID_FR0000015_D892_423c_850E_MkAHdKeCcS4u"/>
<message xmi:type="uml:Message" xmi:id="EAID_049D1FF1_0B97_41fb_AC69_41AFbpL1EDkt" name="Homepage" messageKind="complete" messageSort="synchCall" sendEvent="EAID_FR0000014_D892_423c_850E_reJH40RE1hQ3" receiveEvent="EAID_FR0000015_D892_423c_850E_MkAHdKeCcS4u"/>
</ownedBehavior>
<ownedAttribute xmi:type="uml:Property" xmi:id="EAID_AT000000_D892_423c_850E_Sa87gdxRwfcB"/>
<ownedAttribute xmi:type="uml:Property" xmi:id="EAID_AT000000_D892_423c_850E_MkAHdKeCcS4u"/>
<ownedAttribute xmi:type="uml:Property" xmi:id="EAID_AT000000_D892_423c_850E_cpGpi8xnqK7z"/>
<ownedAttribute xmi:type="uml:Property" xmi:id="EAID_AT000000_D892_423c_850E_8109476FDED0">
<type xmi:idref="EAID_9977D5D6_D839_4e85_9EF1_QbdRdkD2LvH9"/>
					</ownedAttribute>
				</nestedClassifier>
			</packagedElement>
<packagedElement xmi:type="uml:Actor" xmi:id="EAID_9977D5D6_D839_4e85_9EF1_QbdRdkD2LvH9" name="User" visibility="public"/>

<packagedElement xmi:type="uml:UseCase" xmi:id="EAID_586BCAF6_15CB_4a03_81A9_pjjfW0A61u39" name="Add Users7" visibility="public">
<nestedClassifier xmi:type="uml:Collaboration" xmi:id="EAID_CB000000_AF6_15CB_4a03_81A9_URZgpQxbBED" name="EA_Collaboration7" visibility="public">
<ownedBehavior xmi:type="uml:Interaction" xmi:id="EAID_IN000000_AF6_15CB_4a03_81A9_tb3AfZ9bj1u" name="EA_Interaction7" visibility="public">
<lifeline xmi:type="uml:Lifeline" xmi:id="EAID_LL000000_D892_423c_850E_cpGpi8xnqK7z" name="User" visibility="public" represents="EAID_AT000000_D892_423c_850E_8109476FDED0"/>
<lifeline xmi:type="uml:Lifeline" xmi:id="EAID_7183D05E_D892_423c_850E_hFDGPcN1sIgV" name="Event Image" visibility="public" represents="EAID_AT000000_D892_423c_850E_hFDGPcN1sIgV"/>
<lifeline xmi:type="uml:Lifeline" xmi:id="EAID_7183D05E_D892_423c_850E_8LK6dBIt7RCk" name="Job Application Form " visibility="public" represents="EAID_AT000000_D892_423c_850E_8LK6dBIt7RCk"/>
<fragment xmi:type="uml:OccurrenceSpecification" xmi:id="EAID_FR000002_D892_423c_850E_cpGpi8xnqK7z" covered="EAID_LL000000_D892_423c_850E_cpGpi8xnqK7z"/>
<fragment xmi:type="uml:OccurrenceSpecification" xmi:id="EAID_FR000003_D892_423c_850E_hFDGPcN1sIgV" covered="EAID_7183D05E_D892_423c_850E_hFDGPcN1sIgV"/>
<fragment xmi:type="uml:OccurrenceSpecification" xmi:id="EAID_FR000004_D892_423c_850E_cpGpi8xnqK7z" covered="EAID_LL000000_D892_423c_850E_cpGpi8xnqK7z"/>
<fragment xmi:type="uml:OccurrenceSpecification" xmi:id="EAID_FR000005_D892_423c_850E_8LK6dBIt7RCk" covered="EAID_7183D05E_D892_423c_850E_8LK6dBIt7RCk"/>
<fragment xmi:type="uml:OccurrenceSpecification" xmi:id="EAID_FR000006_D892_423c_850E_8LK6dBIt7RCk" covered="EAID_7183D05E_D892_423c_850E_8LK6dBIt7RCk"/>
<fragment xmi:type="uml:OccurrenceSpecification" xmi:id="EAID_FR000007_D892_423c_850E_8LK6dBIt7RCk" covered="EAID_7183D05E_D892_423c_850E_8LK6dBIt7RCk"/>
<fragment xmi:type="uml:OccurrenceSpecification" xmi:id="EAID_FR000008_D892_423c_850E_8LK6dBIt7RCk" covered="EAID_7183D05E_D892_423c_850E_8LK6dBIt7RCk"/>
<fragment xmi:type="uml:OccurrenceSpecification" xmi:id="EAID_FR000009_D892_423c_850E_8LK6dBIt7RCk" covered="EAID_7183D05E_D892_423c_850E_8LK6dBIt7RCk"/>
<fragment xmi:type="uml:OccurrenceSpecification" xmi:id="EAID_FR0000010_D892_423c_850E_8LK6dBIt7RCk" covered="EAID_7183D05E_D892_423c_850E_8LK6dBIt7RCk"/>
<fragment xmi:type="uml:OccurrenceSpecification" xmi:id="EAID_FR0000011_D892_423c_850E_8LK6dBIt7RCk" covered="EAID_7183D05E_D892_423c_850E_8LK6dBIt7RCk"/>
<fragment xmi:type="uml:OccurrenceSpecification" xmi:id="EAID_FR0000012_D892_423c_850E_8LK6dBIt7RCk" covered="EAID_7183D05E_D892_423c_850E_8LK6dBIt7RCk"/>
<fragment xmi:type="uml:OccurrenceSpecification" xmi:id="EAID_FR0000013_D892_423c_850E_8LK6dBIt7RCk" covered="EAID_7183D05E_D892_423c_850E_8LK6dBIt7RCk"/>
<fragment xmi:type="uml:OccurrenceSpecification" xmi:id="EAID_FR0000014_D892_423c_850E_8LK6dBIt7RCk" covered="EAID_7183D05E_D892_423c_850E_8LK6dBIt7RCk"/>
<fragment xmi:type="uml:OccurrenceSpecification" xmi:id="EAID_FR0000015_D892_423c_850E_hFDGPcN1sIgV" covered="EAID_7183D05E_D892_423c_850E_hFDGPcN1sIgV"/>
<message xmi:type="uml:Message" xmi:id="EAID_049D1FF1_0B97_41fb_AC69_41AFCXLBEyxc" name="Homepage" messageKind="complete" messageSort="synchCall" sendEvent="EAID_FR000004_D892_423c_850E_cpGpi8xnqK7z" receiveEvent="EAID_FR0000015_D892_423c_850E_hFDGPcN1sIgV"/>
<message xmi:type="uml:Message" xmi:id="EAID_049D1FF1_0B97_41fb_AC69_41AFPa4EzVOm" name="Applyforjobspage" messageKind="complete" messageSort="synchCall" sendEvent="EAID_FR000004_D892_423c_850E_cpGpi8xnqK7z" receiveEvent="EAID_FR0000014_D892_423c_850E_8LK6dBIt7RCk"/>
<message xmi:type="uml:Message" xmi:id="EAID_049D1FF1_0B97_41fb_AC69_41AFiZQpKrpC" name="Fillinformationandapplyajob" messageKind="complete" messageSort="synchCall" sendEvent="EAID_FR0000014_D892_423c_850E_8LK6dBIt7RCk" receiveEvent="EAID_FR0000014_D892_423c_850E_8LK6dBIt7RCk"/>
<message xmi:type="uml:Message" xmi:id="EAID_049D1FF1_0B97_41fb_AC69_41AFcAw9ypoi" name="Showconfirmationpage" messageKind="complete" messageSort="synchCall" sendEvent="EAID_FR0000014_D892_423c_850E_8LK6dBIt7RCk" receiveEvent="EAID_FR0000014_D892_423c_850E_8LK6dBIt7RCk"/>
<message xmi:type="uml:Message" xmi:id="EAID_049D1FF1_0B97_41fb_AC69_41AFctyGMn9Z" name="Applyforjobspage" messageKind="complete" messageSort="synchCall" sendEvent="EAID_FR0000014_D892_423c_850E_8LK6dBIt7RCk" receiveEvent="EAID_FR0000014_D892_423c_850E_8LK6dBIt7RCk"/>
<message xmi:type="uml:Message" xmi:id="EAID_049D1FF1_0B97_41fb_AC69_41AFPCVc9M01" name="Fillinformationandapplyajob" messageKind="complete" messageSort="synchCall" sendEvent="EAID_FR0000014_D892_423c_850E_8LK6dBIt7RCk" receiveEvent="EAID_FR0000014_D892_423c_850E_8LK6dBIt7RCk"/>
<message xmi:type="uml:Message" xmi:id="EAID_049D1FF1_0B97_41fb_AC69_41AFdMkOK6LI" name="Homepage" messageKind="complete" messageSort="synchCall" sendEvent="EAID_FR0000014_D892_423c_850E_8LK6dBIt7RCk" receiveEvent="EAID_FR0000015_D892_423c_850E_hFDGPcN1sIgV"/>
</ownedBehavior>
<ownedAttribute xmi:type="uml:Property" xmi:id="EAID_AT000000_D892_423c_850E_hFDGPcN1sIgV"/>
<ownedAttribute xmi:type="uml:Property" xmi:id="EAID_AT000000_D892_423c_850E_8LK6dBIt7RCk"/>
<ownedAttribute xmi:type="uml:Property" xmi:id="EAID_AT000000_D892_423c_850E_8109476FDED0">
<type xmi:idref="EAID_9977D5D6_D839_4e85_9EF1_zJ9MNr1bT8Is"/>
					</ownedAttribute>
				</nestedClassifier>
			</packagedElement>
<packagedElement xmi:type="uml:Actor" xmi:id="EAID_9977D5D6_D839_4e85_9EF1_zJ9MNr1bT8Is" name="User" visibility="public"/>

<packagedElement xmi:type="uml:UseCase" xmi:id="EAID_586BCAF6_15CB_4a03_81A9_RLgbq6OxZhGV" name="Add Users8" visibility="public">
<nestedClassifier xmi:type="uml:Collaboration" xmi:id="EAID_CB000000_AF6_15CB_4a03_81A9_pFXbTkW0fwz" name="EA_Collaboration8" visibility="public">
<ownedBehavior xmi:type="uml:Interaction" xmi:id="EAID_IN000000_AF6_15CB_4a03_81A9_oNN6mDrF2gd" name="EA_Interaction8" visibility="public">
<lifeline xmi:type="uml:Lifeline" xmi:id="EAID_LL000000_D892_423c_850E_8LK6dBIt7RCk" name="User" visibility="public" represents="EAID_AT000000_D892_423c_850E_8109476FDED0"/>
<lifeline xmi:type="uml:Lifeline" xmi:id="EAID_7183D05E_D892_423c_850E_VfxfwzS76L4H" name="Event Image" visibility="public" represents="EAID_AT000000_D892_423c_850E_VfxfwzS76L4H"/>
<lifeline xmi:type="uml:Lifeline" xmi:id="EAID_7183D05E_D892_423c_850E_Vx5T3uuisDsc" name="Job Opening List" visibility="public" represents="EAID_AT000000_D892_423c_850E_Vx5T3uuisDsc"/>
<lifeline xmi:type="uml:Lifeline" xmi:id="EAID_7183D05E_D892_423c_850E_1PnhSInqdOzM" name="Job Application Form " visibility="public" represents="EAID_AT000000_D892_423c_850E_1PnhSInqdOzM"/>
<fragment xmi:type="uml:OccurrenceSpecification" xmi:id="EAID_FR000002_D892_423c_850E_8LK6dBIt7RCk" covered="EAID_LL000000_D892_423c_850E_8LK6dBIt7RCk"/>
<fragment xmi:type="uml:OccurrenceSpecification" xmi:id="EAID_FR000003_D892_423c_850E_VfxfwzS76L4H" covered="EAID_7183D05E_D892_423c_850E_VfxfwzS76L4H"/>
<fragment xmi:type="uml:OccurrenceSpecification" xmi:id="EAID_FR000004_D892_423c_850E_8LK6dBIt7RCk" covered="EAID_LL000000_D892_423c_850E_8LK6dBIt7RCk"/>
<fragment xmi:type="uml:OccurrenceSpecification" xmi:id="EAID_FR000005_D892_423c_850E_Vx5T3uuisDsc" covered="EAID_7183D05E_D892_423c_850E_Vx5T3uuisDsc"/>
<fragment xmi:type="uml:OccurrenceSpecification" xmi:id="EAID_FR000006_D892_423c_850E_Vx5T3uuisDsc" covered="EAID_7183D05E_D892_423c_850E_Vx5T3uuisDsc"/>
<fragment xmi:type="uml:OccurrenceSpecification" xmi:id="EAID_FR000007_D892_423c_850E_Vx5T3uuisDsc" covered="EAID_7183D05E_D892_423c_850E_Vx5T3uuisDsc"/>
<fragment xmi:type="uml:OccurrenceSpecification" xmi:id="EAID_FR000008_D892_423c_850E_Vx5T3uuisDsc" covered="EAID_7183D05E_D892_423c_850E_Vx5T3uuisDsc"/>
<fragment xmi:type="uml:OccurrenceSpecification" xmi:id="EAID_FR000009_D892_423c_850E_1PnhSInqdOzM" covered="EAID_7183D05E_D892_423c_850E_1PnhSInqdOzM"/>
<fragment xmi:type="uml:OccurrenceSpecification" xmi:id="EAID_FR0000010_D892_423c_850E_1PnhSInqdOzM" covered="EAID_7183D05E_D892_423c_850E_1PnhSInqdOzM"/>
<fragment xmi:type="uml:OccurrenceSpecification" xmi:id="EAID_FR0000011_D892_423c_850E_VfxfwzS76L4H" covered="EAID_7183D05E_D892_423c_850E_VfxfwzS76L4H"/>
<fragment xmi:type="uml:OccurrenceSpecification" xmi:id="EAID_FR0000012_D892_423c_850E_1PnhSInqdOzM" covered="EAID_7183D05E_D892_423c_850E_1PnhSInqdOzM"/>
<fragment xmi:type="uml:OccurrenceSpecification" xmi:id="EAID_FR0000013_D892_423c_850E_Vx5T3uuisDsc" covered="EAID_7183D05E_D892_423c_850E_Vx5T3uuisDsc"/>
<fragment xmi:type="uml:OccurrenceSpecification" xmi:id="EAID_FR0000014_D892_423c_850E_Vx5T3uuisDsc" covered="EAID_7183D05E_D892_423c_850E_Vx5T3uuisDsc"/>
<fragment xmi:type="uml:OccurrenceSpecification" xmi:id="EAID_FR0000015_D892_423c_850E_Vx5T3uuisDsc" covered="EAID_7183D05E_D892_423c_850E_Vx5T3uuisDsc"/>
<message xmi:type="uml:Message" xmi:id="EAID_049D1FF1_0B97_41fb_AC69_41AFlnoLm9r9" name="Homepage" messageKind="complete" messageSort="synchCall" sendEvent="EAID_FR000004_D892_423c_850E_8LK6dBIt7RCk" receiveEvent="EAID_FR0000011_D892_423c_850E_VfxfwzS76L4H"/>
<message xmi:type="uml:Message" xmi:id="EAID_049D1FF1_0B97_41fb_AC69_41AFQ6aYhvJW" name="Viewjoblistpage" messageKind="complete" messageSort="synchCall" sendEvent="EAID_FR000004_D892_423c_850E_8LK6dBIt7RCk" receiveEvent="EAID_FR0000015_D892_423c_850E_Vx5T3uuisDsc"/>
<message xmi:type="uml:Message" xmi:id="EAID_049D1FF1_0B97_41fb_AC69_41AFTa1SNIat" name="selectajoblist" messageKind="complete" messageSort="synchCall" sendEvent="EAID_FR0000015_D892_423c_850E_Vx5T3uuisDsc" receiveEvent="EAID_FR0000015_D892_423c_850E_Vx5T3uuisDsc"/>
<message xmi:type="uml:Message" xmi:id="EAID_049D1FF1_0B97_41fb_AC69_41AFQoB6Ol0x" name="Showconfirmationpage" messageKind="complete" messageSort="synchCall" sendEvent="EAID_FR0000015_D892_423c_850E_Vx5T3uuisDsc" receiveEvent="EAID_FR0000012_D892_423c_850E_1PnhSInqdOzM"/>
<message xmi:type="uml:Message" xmi:id="EAID_049D1FF1_0B97_41fb_AC69_41AFcnU2nGST" name="Homepage" messageKind="complete" messageSort="synchCall" sendEvent="EAID_FR0000012_D892_423c_850E_1PnhSInqdOzM" receiveEvent="EAID_FR0000011_D892_423c_850E_VfxfwzS76L4H"/>
<message xmi:type="uml:Message" xmi:id="EAID_049D1FF1_0B97_41fb_AC69_41AFEdhHxP2T" name="Viewjoblistpage" messageKind="complete" messageSort="synchCall" sendEvent="EAID_FR0000012_D892_423c_850E_1PnhSInqdOzM" receiveEvent="EAID_FR0000015_D892_423c_850E_Vx5T3uuisDsc"/>
<message xmi:type="uml:Message" xmi:id="EAID_049D1FF1_0B97_41fb_AC69_41AFccEWXTIc" name="selectajoblist" messageKind="complete" messageSort="synchCall" sendEvent="EAID_FR0000015_D892_423c_850E_Vx5T3uuisDsc" receiveEvent="EAID_FR0000015_D892_423c_850E_Vx5T3uuisDsc"/>
</ownedBehavior>
<ownedAttribute xmi:type="uml:Property" xmi:id="EAID_AT000000_D892_423c_850E_VfxfwzS76L4H"/>
<ownedAttribute xmi:type="uml:Property" xmi:id="EAID_AT000000_D892_423c_850E_Vx5T3uuisDsc"/>
<ownedAttribute xmi:type="uml:Property" xmi:id="EAID_AT000000_D892_423c_850E_1PnhSInqdOzM"/>
<ownedAttribute xmi:type="uml:Property" xmi:id="EAID_AT000000_D892_423c_850E_8109476FDED0">
<type xmi:idref="EAID_9977D5D6_D839_4e85_9EF1_tCyf111u6Zj9"/>
					</ownedAttribute>
				</nestedClassifier>
			</packagedElement>
<packagedElement xmi:type="uml:Actor" xmi:id="EAID_9977D5D6_D839_4e85_9EF1_tCyf111u6Zj9" name="User" visibility="public"/>

<packagedElement xmi:type="uml:UseCase" xmi:id="EAID_586BCAF6_15CB_4a03_81A9_rcIe5UNp7nDW" name="Add Users9" visibility="public">
<nestedClassifier xmi:type="uml:Collaboration" xmi:id="EAID_CB000000_AF6_15CB_4a03_81A9_gAnFPOia8KF" name="EA_Collaboration9" visibility="public">
<ownedBehavior xmi:type="uml:Interaction" xmi:id="EAID_IN000000_AF6_15CB_4a03_81A9_QSoPmdxeLtm" name="EA_Interaction9" visibility="public">
<lifeline xmi:type="uml:Lifeline" xmi:id="EAID_LL000000_D892_423c_850E_1PnhSInqdOzM" name="User" visibility="public" represents="EAID_AT000000_D892_423c_850E_8109476FDED0"/>
<lifeline xmi:type="uml:Lifeline" xmi:id="EAID_7183D05E_D892_423c_850E_QEaADDgik0zU" name="Job Application Form " visibility="public" represents="EAID_AT000000_D892_423c_850E_QEaADDgik0zU"/>
<lifeline xmi:type="uml:Lifeline" xmi:id="EAID_7183D05E_D892_423c_850E_Z9spVmPsUWgn" name="Event Image" visibility="public" represents="EAID_AT000000_D892_423c_850E_Z9spVmPsUWgn"/>
<fragment xmi:type="uml:OccurrenceSpecification" xmi:id="EAID_FR000002_D892_423c_850E_1PnhSInqdOzM" covered="EAID_LL000000_D892_423c_850E_1PnhSInqdOzM"/>
<fragment xmi:type="uml:OccurrenceSpecification" xmi:id="EAID_FR000003_D892_423c_850E_QEaADDgik0zU" covered="EAID_7183D05E_D892_423c_850E_QEaADDgik0zU"/>
<fragment xmi:type="uml:OccurrenceSpecification" xmi:id="EAID_FR000004_D892_423c_850E_QEaADDgik0zU" covered="EAID_7183D05E_D892_423c_850E_QEaADDgik0zU"/>
<fragment xmi:type="uml:OccurrenceSpecification" xmi:id="EAID_FR000005_D892_423c_850E_QEaADDgik0zU" covered="EAID_7183D05E_D892_423c_850E_QEaADDgik0zU"/>
<fragment xmi:type="uml:OccurrenceSpecification" xmi:id="EAID_FR000006_D892_423c_850E_QEaADDgik0zU" covered="EAID_7183D05E_D892_423c_850E_QEaADDgik0zU"/>
<fragment xmi:type="uml:OccurrenceSpecification" xmi:id="EAID_FR000007_D892_423c_850E_QEaADDgik0zU" covered="EAID_7183D05E_D892_423c_850E_QEaADDgik0zU"/>
<fragment xmi:type="uml:OccurrenceSpecification" xmi:id="EAID_FR000008_D892_423c_850E_QEaADDgik0zU" covered="EAID_7183D05E_D892_423c_850E_QEaADDgik0zU"/>
<fragment xmi:type="uml:OccurrenceSpecification" xmi:id="EAID_FR000009_D892_423c_850E_QEaADDgik0zU" covered="EAID_7183D05E_D892_423c_850E_QEaADDgik0zU"/>
<fragment xmi:type="uml:OccurrenceSpecification" xmi:id="EAID_FR0000010_D892_423c_850E_QEaADDgik0zU" covered="EAID_7183D05E_D892_423c_850E_QEaADDgik0zU"/>
<fragment xmi:type="uml:OccurrenceSpecification" xmi:id="EAID_FR0000011_D892_423c_850E_QEaADDgik0zU" covered="EAID_7183D05E_D892_423c_850E_QEaADDgik0zU"/>
<fragment xmi:type="uml:OccurrenceSpecification" xmi:id="EAID_FR0000012_D892_423c_850E_QEaADDgik0zU" covered="EAID_7183D05E_D892_423c_850E_QEaADDgik0zU"/>
<fragment xmi:type="uml:OccurrenceSpecification" xmi:id="EAID_FR0000013_D892_423c_850E_Z9spVmPsUWgn" covered="EAID_7183D05E_D892_423c_850E_Z9spVmPsUWgn"/>
<fragment xmi:type="uml:OccurrenceSpecification" xmi:id="EAID_FR0000014_D892_423c_850E_1PnhSInqdOzM" covered="EAID_LL000000_D892_423c_850E_1PnhSInqdOzM"/>
<fragment xmi:type="uml:OccurrenceSpecification" xmi:id="EAID_FR0000015_D892_423c_850E_Z9spVmPsUWgn" covered="EAID_7183D05E_D892_423c_850E_Z9spVmPsUWgn"/>
<message xmi:type="uml:Message" xmi:id="EAID_049D1FF1_0B97_41fb_AC69_41AFTiQ15iUT" name="Applyfovolunteerpage" messageKind="complete" messageSort="synchCall" sendEvent="EAID_FR0000014_D892_423c_850E_1PnhSInqdOzM" receiveEvent="EAID_FR0000012_D892_423c_850E_QEaADDgik0zU"/>
<message xmi:type="uml:Message" xmi:id="EAID_049D1FF1_0B97_41fb_AC69_41AFVgIgjTik" name="Fillinformationandapplyavolunteer" messageKind="complete" messageSort="synchCall" sendEvent="EAID_FR0000012_D892_423c_850E_QEaADDgik0zU" receiveEvent="EAID_FR0000012_D892_423c_850E_QEaADDgik0zU"/>
<message xmi:type="uml:Message" xmi:id="EAID_049D1FF1_0B97_41fb_AC69_41AFbRNVfhm6" name="Showconfirmationpage" messageKind="complete" messageSort="synchCall" sendEvent="EAID_FR0000012_D892_423c_850E_QEaADDgik0zU" receiveEvent="EAID_FR0000012_D892_423c_850E_QEaADDgik0zU"/>
<message xmi:type="uml:Message" xmi:id="EAID_049D1FF1_0B97_41fb_AC69_41AFFKzeGurM" name="Applyfovolunteerpage" messageKind="complete" messageSort="synchCall" sendEvent="EAID_FR0000012_D892_423c_850E_QEaADDgik0zU" receiveEvent="EAID_FR0000012_D892_423c_850E_QEaADDgik0zU"/>
<message xmi:type="uml:Message" xmi:id="EAID_049D1FF1_0B97_41fb_AC69_41AF9BRkeuQO" name="Fillinformationandapplyavolunteer" messageKind="complete" messageSort="synchCall" sendEvent="EAID_FR0000012_D892_423c_850E_QEaADDgik0zU" receiveEvent="EAID_FR0000012_D892_423c_850E_QEaADDgik0zU"/>
<message xmi:type="uml:Message" xmi:id="EAID_049D1FF1_0B97_41fb_AC69_41AF37jcHNuC" name="Homepage" messageKind="complete" messageSort="synchCall" sendEvent="EAID_FR0000012_D892_423c_850E_QEaADDgik0zU" receiveEvent="EAID_FR0000015_D892_423c_850E_Z9spVmPsUWgn"/>
<message xmi:type="uml:Message" xmi:id="EAID_049D1FF1_0B97_41fb_AC69_41AFqmeQhGmk" name="Homepage" messageKind="complete" messageSort="synchCall" sendEvent="EAID_FR0000014_D892_423c_850E_1PnhSInqdOzM" receiveEvent="EAID_FR0000015_D892_423c_850E_Z9spVmPsUWgn"/>
</ownedBehavior>
<ownedAttribute xmi:type="uml:Property" xmi:id="EAID_AT000000_D892_423c_850E_QEaADDgik0zU"/>
<ownedAttribute xmi:type="uml:Property" xmi:id="EAID_AT000000_D892_423c_850E_Z9spVmPsUWgn"/>
<ownedAttribute xmi:type="uml:Property" xmi:id="EAID_AT000000_D892_423c_850E_8109476FDED0">
<type xmi:idref="EAID_9977D5D6_D839_4e85_9EF1_qhyq6UBq7CU9"/>
					</ownedAttribute>
				</nestedClassifier>
			</packagedElement>
<packagedElement xmi:type="uml:Actor" xmi:id="EAID_9977D5D6_D839_4e85_9EF1_qhyq6UBq7CU9" name="User" visibility="public"/>

</packagedElement>
</uml:Model>
<xmi:Extension extender="Enterprise Architect" extenderID="6.5">
<primitivetypes>
			<packagedElement xmi:type="uml:Package" xmi:id="EAPrimitiveTypesPackage" name="EA_PrimitiveTypes_Package" visibility="public"/>
		</primitivetypes>
<profiles/><diagrams>

<diagram xmi:id="EAID_3E9162E8_3B10_4fb1_9A31_LtyrnxVvKjJw">
<model package="EAPK_0D4BE3DE_DBA4_430b_9F5D_2D1DC1F19C54" localID="25" owner="EAPK_0D4BE3DE_DBA4_430b_9F5D_2D1DC1F19C54" parent="EAID_586BCAF6_15CB_4a03_81A9_EF34AE4B312B"/>
<properties name="use cases" type="Sequence"/>
<project author="HOME" version="1.0" created="2018-11-27 16:22:38" modified="2018-11-27 16:23:00"/>
				<style1 value="ShowPrivate=1;ShowProtected=1;ShowPublic=1;HideRelationships=0;Locked=0;Border=1;HighlightForeign=1;PackageContents=1;SequenceNotes=0;ScalePrintImage=0;PPgs.cx=0;PPgs.cy=0;DocSize.cx=850;DocSize.cy=1098;ShowDetails=0;Orientation=P;Zoom=100;ShowTags=0;OpParams=1;VisibleAttributeDetail=0;ShowOpRetType=1;ShowIcons=1;CollabNums=0;HideProps=0;ShowReqs=0;ShowCons=0;PaperSize=1;HideParents=0;UseAlias=0;HideAtts=0;HideOps=0;HideStereo=0;HideElemStereo=0;ShowTests=0;ShowMaint=0;ConnectorNotation=UML 2.1;ExplicitNavigability=0;ShowShape=1;AllDockable=0;AdvancedElementProps=1;AdvancedFeatureProps=1;AdvancedConnectorProps=1;m_bElementClassifier=1;SPT=1;ShowNotes=0;SuppressBrackets=0;SuppConnectorLabels=0;PrintPageHeadFoot=0;ShowAsList=0;"/>
				<style2 value="ExcludeRTF=0;DocAll=0;HideQuals=0;AttPkg=1;ShowTests=0;ShowMaint=0;SuppressFOC=0;INT_ARGS=;INT_RET=;INT_ATT=;SeqTopMargin=50;MatrixActive=0;SwimlanesActive=1;KanbanActive=0;MatrixLineWidth=1;MatrixLineClr=0;MatrixLocked=0;TConnectorNotation=UML 2.1;TExplicitNavigability=0;AdvancedElementProps=1;AdvancedFeatureProps=1;AdvancedConnectorProps=1;m_bElementClassifier=1;SPT=1;MDGDgm=;STBLDgm=;ShowNotes=0;VisibleAttributeDetail=0;ShowOpRetType=1;SuppressBrackets=0;SuppConnectorLabels=0;PrintPageHeadFoot=0;ShowAsList=0;SuppressedCompartments=;Theme=:119;SaveTag=56D01039;"/>
				<swimlanes value="locked=false;orientation=0;width=0;inbar=false;names=false;color=-1;bold=false;fcol=0;tcol=-1;ofCol=-1;ufCol=-1;hl=0;ufh=0;hh=0;cls=0;bw=0;hli=0;SwimlaneFont=lfh:-10,lfw:0,lfi:0,lfu:0,lfs:0,lfface:Calibri,lfe:0,lfo:0,lfchar:1,lfop:0,lfcp:0,lfq:0,lfpf=0,lfWidth=0;"/>
				<matrixitems value="locked=false;matrixactive=false;swimlanesactive=true;kanbanactive=false;width=1;clrLine=0;"/>
				<extendedProperties/>
<elements>
<element geometry="Left=99;Top=50;Right=189;Bottom=390;" subject="EAID_9977D5D6_D839_4e85_9EF1_38844704F245" seqno="1" style="DUID=D5409A04;NSL=0;BCol=-1;BFol=-1;LCol=-1;LWth=-1;fontsz=0;bold=0;black=0;italic=0;ul=0;charset=0;pitch=0;"/>
<element geometry="Left=299;Top=50;Right=389;;Bottom=390;" subject="EAID_7183D05E_D892_423c_850E_vjwAUflVmavb" seqno="2" style="DUID=D5409A04;NSL=0;BCol=-1;BFol=-1;LCol=-1;LWth=-1;fontsz=0;bold=0;black=0;italic=0;ul=0;charset=0;pitch=0;"/>
<element geometry="Left=499;Top=50;Right=589;;Bottom=390;" subject="EAID_7183D05E_D892_423c_850E_eXfDRLm4OoQZ" seqno="3" style="DUID=D5409A04;NSL=0;BCol=-1;BFol=-1;LCol=-1;LWth=-1;fontsz=0;bold=0;black=0;italic=0;ul=0;charset=0;pitch=0;"/>
<element geometry="Left=699;Top=50;Right=789;;Bottom=390;" subject="EAID_7183D05E_D892_423c_850E_asYS5B99kNIo" seqno="4" style="DUID=D5409A04;NSL=0;BCol=-1;BFol=-1;LCol=-1;LWth=-1;fontsz=0;bold=0;black=0;italic=0;ul=0;charset=0;pitch=0;"/>
<element geometry="SX=0;SY=0;EX=0;EY=0;Path=;" subject="EAID_049D1FF1_0B97_41fb_AC69_41AFXfkjgPhO" style=";Hidden=0;"/>
<element geometry="SX=0;SY=0;EX=0;EY=0;Path=;" subject="EAID_049D1FF1_0B97_41fb_AC69_41AF2DJexYvY" style=";Hidden=0;"/>
<element geometry="SX=0;SY=0;EX=0;EY=0;Path=;" subject="EAID_049D1FF1_0B97_41fb_AC69_41AF1xtTlrtQ" style=";Hidden=0;"/>
<element geometry="SX=0;SY=0;EX=0;EY=0;Path=;" subject="EAID_049D1FF1_0B97_41fb_AC69_41AFzAXFSxSv" style=";Hidden=0;"/>
<element geometry="SX=0;SY=0;EX=0;EY=0;Path=;" subject="EAID_049D1FF1_0B97_41fb_AC69_41AFrpP6MbfH" style=";Hidden=0;"/>
<element geometry="SX=0;SY=0;EX=0;EY=0;Path=;" subject="EAID_049D1FF1_0B97_41fb_AC69_41AFE6r1CY2P" style=";Hidden=0;"/>
<element geometry="SX=0;SY=0;EX=0;EY=0;Path=;" subject="EAID_049D1FF1_0B97_41fb_AC69_41AF1xtTlrtQ" style=";Hidden=0;"/>
</elements>
</diagram>

<diagram xmi:id="EAID_3E9162E8_3B10_4fb1_9A31_98r9t0BmNrCb">
<model package="EAPK_0D4BE3DE_DBA4_430b_9F5D_2D1DC1F19C54" localID="26" owner="EAPK_0D4BE3DE_DBA4_430b_9F5D_2D1DC1F19C54" parent="EAID_586BCAF6_15CB_4a03_81A9_Jgg4sbLGleJ6"/>
<properties name="use cases" type="Sequence"/>
<project author="HOME" version="1.0" created="2018-11-27 16:22:38" modified="2018-11-27 16:23:00"/>
				<style1 value="ShowPrivate=1;ShowProtected=1;ShowPublic=1;HideRelationships=0;Locked=0;Border=1;HighlightForeign=1;PackageContents=1;SequenceNotes=0;ScalePrintImage=0;PPgs.cx=0;PPgs.cy=0;DocSize.cx=850;DocSize.cy=1098;ShowDetails=0;Orientation=P;Zoom=100;ShowTags=0;OpParams=1;VisibleAttributeDetail=0;ShowOpRetType=1;ShowIcons=1;CollabNums=0;HideProps=0;ShowReqs=0;ShowCons=0;PaperSize=1;HideParents=0;UseAlias=0;HideAtts=0;HideOps=0;HideStereo=0;HideElemStereo=0;ShowTests=0;ShowMaint=0;ConnectorNotation=UML 2.1;ExplicitNavigability=0;ShowShape=1;AllDockable=0;AdvancedElementProps=1;AdvancedFeatureProps=1;AdvancedConnectorProps=1;m_bElementClassifier=1;SPT=1;ShowNotes=0;SuppressBrackets=0;SuppConnectorLabels=0;PrintPageHeadFoot=0;ShowAsList=0;"/>
				<style2 value="ExcludeRTF=0;DocAll=0;HideQuals=0;AttPkg=1;ShowTests=0;ShowMaint=0;SuppressFOC=0;INT_ARGS=;INT_RET=;INT_ATT=;SeqTopMargin=50;MatrixActive=0;SwimlanesActive=1;KanbanActive=0;MatrixLineWidth=1;MatrixLineClr=0;MatrixLocked=0;TConnectorNotation=UML 2.1;TExplicitNavigability=0;AdvancedElementProps=1;AdvancedFeatureProps=1;AdvancedConnectorProps=1;m_bElementClassifier=1;SPT=1;MDGDgm=;STBLDgm=;ShowNotes=0;VisibleAttributeDetail=0;ShowOpRetType=1;SuppressBrackets=0;SuppConnectorLabels=0;PrintPageHeadFoot=0;ShowAsList=0;SuppressedCompartments=;Theme=:119;SaveTag=56D01039;"/>
				<swimlanes value="locked=false;orientation=0;width=0;inbar=false;names=false;color=-1;bold=false;fcol=0;tcol=-1;ofCol=-1;ufCol=-1;hl=0;ufh=0;hh=0;cls=0;bw=0;hli=0;SwimlaneFont=lfh:-10,lfw:0,lfi:0,lfu:0,lfs:0,lfface:Calibri,lfe:0,lfo:0,lfchar:1,lfop:0,lfcp:0,lfq:0,lfpf=0,lfWidth=0;"/>
				<matrixitems value="locked=false;matrixactive=false;swimlanesactive=true;kanbanactive=false;width=1;clrLine=0;"/>
				<extendedProperties/>
<elements>
<element geometry="Left=99;Top=50;Right=189;Bottom=390;" subject="EAID_9977D5D6_D839_4e85_9EF1_nXlvDLnf3nYI" seqno="1" style="DUID=D5409A04;NSL=0;BCol=-1;BFol=-1;LCol=-1;LWth=-1;fontsz=0;bold=0;black=0;italic=0;ul=0;charset=0;pitch=0;"/>
<element geometry="Left=299;Top=50;Right=389;;Bottom=390;" subject="EAID_7183D05E_D892_423c_850E_Qt3He7j69MSH" seqno="2" style="DUID=D5409A04;NSL=0;BCol=-1;BFol=-1;LCol=-1;LWth=-1;fontsz=0;bold=0;black=0;italic=0;ul=0;charset=0;pitch=0;"/>
<element geometry="Left=499;Top=50;Right=589;;Bottom=390;" subject="EAID_7183D05E_D892_423c_850E_1AqMj3pr4V9z" seqno="3" style="DUID=D5409A04;NSL=0;BCol=-1;BFol=-1;LCol=-1;LWth=-1;fontsz=0;bold=0;black=0;italic=0;ul=0;charset=0;pitch=0;"/>
<element geometry="SX=0;SY=0;EX=0;EY=0;Path=;" subject="EAID_049D1FF1_0B97_41fb_AC69_41AF8rYUJaI3" style=";Hidden=0;"/>
<element geometry="SX=0;SY=0;EX=0;EY=0;Path=;" subject="EAID_049D1FF1_0B97_41fb_AC69_41AF0ssBSR9u" style=";Hidden=0;"/>
<element geometry="SX=0;SY=0;EX=0;EY=0;Path=;" subject="EAID_049D1FF1_0B97_41fb_AC69_41AFDJ0yjhS6" style=";Hidden=0;"/>
<element geometry="SX=0;SY=0;EX=0;EY=0;Path=;" subject="EAID_049D1FF1_0B97_41fb_AC69_41AFNmONCwN2" style=";Hidden=0;"/>
<element geometry="SX=0;SY=0;EX=0;EY=0;Path=;" subject="EAID_049D1FF1_0B97_41fb_AC69_41AFy0KNPnSq" style=";Hidden=0;"/>
<element geometry="SX=0;SY=0;EX=0;EY=0;Path=;" subject="EAID_049D1FF1_0B97_41fb_AC69_41AF0ssBSR9u" style=";Hidden=0;"/>
<element geometry="SX=0;SY=0;EX=0;EY=0;Path=;" subject="EAID_049D1FF1_0B97_41fb_AC69_41AFjr7rdyc2" style=";Hidden=0;"/>
</elements>
</diagram>

<diagram xmi:id="EAID_3E9162E8_3B10_4fb1_9A31_HUtALBEjnzdQ">
<model package="EAPK_0D4BE3DE_DBA4_430b_9F5D_2D1DC1F19C54" localID="27" owner="EAPK_0D4BE3DE_DBA4_430b_9F5D_2D1DC1F19C54" parent="null"/>
<properties name="use cases" type="Sequence"/>
<project author="HOME" version="1.0" created="2018-11-27 16:22:38" modified="2018-11-27 16:23:00"/>
				<style1 value="ShowPrivate=1;ShowProtected=1;ShowPublic=1;HideRelationships=0;Locked=0;Border=1;HighlightForeign=1;PackageContents=1;SequenceNotes=0;ScalePrintImage=0;PPgs.cx=0;PPgs.cy=0;DocSize.cx=850;DocSize.cy=1098;ShowDetails=0;Orientation=P;Zoom=100;ShowTags=0;OpParams=1;VisibleAttributeDetail=0;ShowOpRetType=1;ShowIcons=1;CollabNums=0;HideProps=0;ShowReqs=0;ShowCons=0;PaperSize=1;HideParents=0;UseAlias=0;HideAtts=0;HideOps=0;HideStereo=0;HideElemStereo=0;ShowTests=0;ShowMaint=0;ConnectorNotation=UML 2.1;ExplicitNavigability=0;ShowShape=1;AllDockable=0;AdvancedElementProps=1;AdvancedFeatureProps=1;AdvancedConnectorProps=1;m_bElementClassifier=1;SPT=1;ShowNotes=0;SuppressBrackets=0;SuppConnectorLabels=0;PrintPageHeadFoot=0;ShowAsList=0;"/>
				<style2 value="ExcludeRTF=0;DocAll=0;HideQuals=0;AttPkg=1;ShowTests=0;ShowMaint=0;SuppressFOC=0;INT_ARGS=;INT_RET=;INT_ATT=;SeqTopMargin=50;MatrixActive=0;SwimlanesActive=1;KanbanActive=0;MatrixLineWidth=1;MatrixLineClr=0;MatrixLocked=0;TConnectorNotation=UML 2.1;TExplicitNavigability=0;AdvancedElementProps=1;AdvancedFeatureProps=1;AdvancedConnectorProps=1;m_bElementClassifier=1;SPT=1;MDGDgm=;STBLDgm=;ShowNotes=0;VisibleAttributeDetail=0;ShowOpRetType=1;SuppressBrackets=0;SuppConnectorLabels=0;PrintPageHeadFoot=0;ShowAsList=0;SuppressedCompartments=;Theme=:119;SaveTag=56D01039;"/>
				<swimlanes value="locked=false;orientation=0;width=0;inbar=false;names=false;color=-1;bold=false;fcol=0;tcol=-1;ofCol=-1;ufCol=-1;hl=0;ufh=0;hh=0;cls=0;bw=0;hli=0;SwimlaneFont=lfh:-10,lfw:0,lfi:0,lfu:0,lfs:0,lfface:Calibri,lfe:0,lfo:0,lfchar:1,lfop:0,lfcp:0,lfq:0,lfpf=0,lfWidth=0;"/>
				<matrixitems value="locked=false;matrixactive=false;swimlanesactive=true;kanbanactive=false;width=1;clrLine=0;"/>
				<extendedProperties/>
<elements>
<element geometry="Left=99;Top=50;Right=189;Bottom=390;" subject="null" seqno="1" style="DUID=D5409A04;NSL=0;BCol=-1;BFol=-1;LCol=-1;LWth=-1;fontsz=0;bold=0;black=0;italic=0;ul=0;charset=0;pitch=0;"/>
<element geometry="Left=299;Top=50;Right=389;;Bottom=390;" subject="null" seqno="2" style="DUID=D5409A04;NSL=0;BCol=-1;BFol=-1;LCol=-1;LWth=-1;fontsz=0;bold=0;black=0;italic=0;ul=0;charset=0;pitch=0;"/>
<element geometry="SX=0;SY=0;EX=0;EY=0;Path=;" subject="null" style=";Hidden=0;"/>
</elements>
</diagram>

<diagram xmi:id="EAID_3E9162E8_3B10_4fb1_9A31_swkY8AnFXcVH">
<model package="EAPK_0D4BE3DE_DBA4_430b_9F5D_2D1DC1F19C54" localID="28" owner="EAPK_0D4BE3DE_DBA4_430b_9F5D_2D1DC1F19C54" parent="EAID_586BCAF6_15CB_4a03_81A9_bIIER0zGjr7f"/>
<properties name="use cases" type="Sequence"/>
<project author="HOME" version="1.0" created="2018-11-27 16:22:38" modified="2018-11-27 16:23:00"/>
				<style1 value="ShowPrivate=1;ShowProtected=1;ShowPublic=1;HideRelationships=0;Locked=0;Border=1;HighlightForeign=1;PackageContents=1;SequenceNotes=0;ScalePrintImage=0;PPgs.cx=0;PPgs.cy=0;DocSize.cx=850;DocSize.cy=1098;ShowDetails=0;Orientation=P;Zoom=100;ShowTags=0;OpParams=1;VisibleAttributeDetail=0;ShowOpRetType=1;ShowIcons=1;CollabNums=0;HideProps=0;ShowReqs=0;ShowCons=0;PaperSize=1;HideParents=0;UseAlias=0;HideAtts=0;HideOps=0;HideStereo=0;HideElemStereo=0;ShowTests=0;ShowMaint=0;ConnectorNotation=UML 2.1;ExplicitNavigability=0;ShowShape=1;AllDockable=0;AdvancedElementProps=1;AdvancedFeatureProps=1;AdvancedConnectorProps=1;m_bElementClassifier=1;SPT=1;ShowNotes=0;SuppressBrackets=0;SuppConnectorLabels=0;PrintPageHeadFoot=0;ShowAsList=0;"/>
				<style2 value="ExcludeRTF=0;DocAll=0;HideQuals=0;AttPkg=1;ShowTests=0;ShowMaint=0;SuppressFOC=0;INT_ARGS=;INT_RET=;INT_ATT=;SeqTopMargin=50;MatrixActive=0;SwimlanesActive=1;KanbanActive=0;MatrixLineWidth=1;MatrixLineClr=0;MatrixLocked=0;TConnectorNotation=UML 2.1;TExplicitNavigability=0;AdvancedElementProps=1;AdvancedFeatureProps=1;AdvancedConnectorProps=1;m_bElementClassifier=1;SPT=1;MDGDgm=;STBLDgm=;ShowNotes=0;VisibleAttributeDetail=0;ShowOpRetType=1;SuppressBrackets=0;SuppConnectorLabels=0;PrintPageHeadFoot=0;ShowAsList=0;SuppressedCompartments=;Theme=:119;SaveTag=56D01039;"/>
				<swimlanes value="locked=false;orientation=0;width=0;inbar=false;names=false;color=-1;bold=false;fcol=0;tcol=-1;ofCol=-1;ufCol=-1;hl=0;ufh=0;hh=0;cls=0;bw=0;hli=0;SwimlaneFont=lfh:-10,lfw:0,lfi:0,lfu:0,lfs:0,lfface:Calibri,lfe:0,lfo:0,lfchar:1,lfop:0,lfcp:0,lfq:0,lfpf=0,lfWidth=0;"/>
				<matrixitems value="locked=false;matrixactive=false;swimlanesactive=true;kanbanactive=false;width=1;clrLine=0;"/>
				<extendedProperties/>
<elements>
<element geometry="Left=99;Top=50;Right=189;Bottom=390;" subject="EAID_9977D5D6_D839_4e85_9EF1_XXqQvH7tKqZT" seqno="1" style="DUID=D5409A04;NSL=0;BCol=-1;BFol=-1;LCol=-1;LWth=-1;fontsz=0;bold=0;black=0;italic=0;ul=0;charset=0;pitch=0;"/>
<element geometry="Left=299;Top=50;Right=389;;Bottom=390;" subject="EAID_7183D05E_D892_423c_850E_QlcJjnJQXPNY" seqno="2" style="DUID=D5409A04;NSL=0;BCol=-1;BFol=-1;LCol=-1;LWth=-1;fontsz=0;bold=0;black=0;italic=0;ul=0;charset=0;pitch=0;"/>
<element geometry="Left=499;Top=50;Right=589;;Bottom=390;" subject="EAID_7183D05E_D892_423c_850E_5KhnXIZnwjQT" seqno="3" style="DUID=D5409A04;NSL=0;BCol=-1;BFol=-1;LCol=-1;LWth=-1;fontsz=0;bold=0;black=0;italic=0;ul=0;charset=0;pitch=0;"/>
<element geometry="Left=699;Top=50;Right=789;;Bottom=390;" subject="EAID_7183D05E_D892_423c_850E_iWyCGPJX7gO6" seqno="4" style="DUID=D5409A04;NSL=0;BCol=-1;BFol=-1;LCol=-1;LWth=-1;fontsz=0;bold=0;black=0;italic=0;ul=0;charset=0;pitch=0;"/>
<element geometry="SX=0;SY=0;EX=0;EY=0;Path=;" subject="EAID_049D1FF1_0B97_41fb_AC69_41AF5V0uaTcb" style=";Hidden=0;"/>
<element geometry="SX=0;SY=0;EX=0;EY=0;Path=;" subject="EAID_049D1FF1_0B97_41fb_AC69_41AFMiNtyZ5d" style=";Hidden=0;"/>
<element geometry="SX=0;SY=0;EX=0;EY=0;Path=;" subject="EAID_049D1FF1_0B97_41fb_AC69_41AFCK6fY1pY" style=";Hidden=0;"/>
<element geometry="SX=0;SY=0;EX=0;EY=0;Path=;" subject="EAID_049D1FF1_0B97_41fb_AC69_41AFCzXwANZC" style=";Hidden=0;"/>
<element geometry="SX=0;SY=0;EX=0;EY=0;Path=;" subject="EAID_049D1FF1_0B97_41fb_AC69_41AFnacEtBGX" style=";Hidden=0;"/>
<element geometry="SX=0;SY=0;EX=0;EY=0;Path=;" subject="EAID_049D1FF1_0B97_41fb_AC69_41AFKVH12Vqa" style=";Hidden=0;"/>
<element geometry="SX=0;SY=0;EX=0;EY=0;Path=;" subject="EAID_049D1FF1_0B97_41fb_AC69_41AFCK6fY1pY" style=";Hidden=0;"/>
</elements>
</diagram>

<diagram xmi:id="EAID_3E9162E8_3B10_4fb1_9A31_Kw7AnMWmeWCX">
<model package="EAPK_0D4BE3DE_DBA4_430b_9F5D_2D1DC1F19C54" localID="29" owner="EAPK_0D4BE3DE_DBA4_430b_9F5D_2D1DC1F19C54" parent="null"/>
<properties name="use cases" type="Sequence"/>
<project author="HOME" version="1.0" created="2018-11-27 16:22:38" modified="2018-11-27 16:23:00"/>
				<style1 value="ShowPrivate=1;ShowProtected=1;ShowPublic=1;HideRelationships=0;Locked=0;Border=1;HighlightForeign=1;PackageContents=1;SequenceNotes=0;ScalePrintImage=0;PPgs.cx=0;PPgs.cy=0;DocSize.cx=850;DocSize.cy=1098;ShowDetails=0;Orientation=P;Zoom=100;ShowTags=0;OpParams=1;VisibleAttributeDetail=0;ShowOpRetType=1;ShowIcons=1;CollabNums=0;HideProps=0;ShowReqs=0;ShowCons=0;PaperSize=1;HideParents=0;UseAlias=0;HideAtts=0;HideOps=0;HideStereo=0;HideElemStereo=0;ShowTests=0;ShowMaint=0;ConnectorNotation=UML 2.1;ExplicitNavigability=0;ShowShape=1;AllDockable=0;AdvancedElementProps=1;AdvancedFeatureProps=1;AdvancedConnectorProps=1;m_bElementClassifier=1;SPT=1;ShowNotes=0;SuppressBrackets=0;SuppConnectorLabels=0;PrintPageHeadFoot=0;ShowAsList=0;"/>
				<style2 value="ExcludeRTF=0;DocAll=0;HideQuals=0;AttPkg=1;ShowTests=0;ShowMaint=0;SuppressFOC=0;INT_ARGS=;INT_RET=;INT_ATT=;SeqTopMargin=50;MatrixActive=0;SwimlanesActive=1;KanbanActive=0;MatrixLineWidth=1;MatrixLineClr=0;MatrixLocked=0;TConnectorNotation=UML 2.1;TExplicitNavigability=0;AdvancedElementProps=1;AdvancedFeatureProps=1;AdvancedConnectorProps=1;m_bElementClassifier=1;SPT=1;MDGDgm=;STBLDgm=;ShowNotes=0;VisibleAttributeDetail=0;ShowOpRetType=1;SuppressBrackets=0;SuppConnectorLabels=0;PrintPageHeadFoot=0;ShowAsList=0;SuppressedCompartments=;Theme=:119;SaveTag=56D01039;"/>
				<swimlanes value="locked=false;orientation=0;width=0;inbar=false;names=false;color=-1;bold=false;fcol=0;tcol=-1;ofCol=-1;ufCol=-1;hl=0;ufh=0;hh=0;cls=0;bw=0;hli=0;SwimlaneFont=lfh:-10,lfw:0,lfi:0,lfu:0,lfs:0,lfface:Calibri,lfe:0,lfo:0,lfchar:1,lfop:0,lfcp:0,lfq:0,lfpf=0,lfWidth=0;"/>
				<matrixitems value="locked=false;matrixactive=false;swimlanesactive=true;kanbanactive=false;width=1;clrLine=0;"/>
				<extendedProperties/>
<elements>
<element geometry="Left=99;Top=50;Right=189;Bottom=390;" subject="null" seqno="1" style="DUID=D5409A04;NSL=0;BCol=-1;BFol=-1;LCol=-1;LWth=-1;fontsz=0;bold=0;black=0;italic=0;ul=0;charset=0;pitch=0;"/>
</elements>
</diagram>

<diagram xmi:id="EAID_3E9162E8_3B10_4fb1_9A31_HCWBnMH744SP">
<model package="EAPK_0D4BE3DE_DBA4_430b_9F5D_2D1DC1F19C54" localID="30" owner="EAPK_0D4BE3DE_DBA4_430b_9F5D_2D1DC1F19C54" parent="EAID_586BCAF6_15CB_4a03_81A9_UwiNklv5sQYE"/>
<properties name="use cases" type="Sequence"/>
<project author="HOME" version="1.0" created="2018-11-27 16:22:38" modified="2018-11-27 16:23:00"/>
				<style1 value="ShowPrivate=1;ShowProtected=1;ShowPublic=1;HideRelationships=0;Locked=0;Border=1;HighlightForeign=1;PackageContents=1;SequenceNotes=0;ScalePrintImage=0;PPgs.cx=0;PPgs.cy=0;DocSize.cx=850;DocSize.cy=1098;ShowDetails=0;Orientation=P;Zoom=100;ShowTags=0;OpParams=1;VisibleAttributeDetail=0;ShowOpRetType=1;ShowIcons=1;CollabNums=0;HideProps=0;ShowReqs=0;ShowCons=0;PaperSize=1;HideParents=0;UseAlias=0;HideAtts=0;HideOps=0;HideStereo=0;HideElemStereo=0;ShowTests=0;ShowMaint=0;ConnectorNotation=UML 2.1;ExplicitNavigability=0;ShowShape=1;AllDockable=0;AdvancedElementProps=1;AdvancedFeatureProps=1;AdvancedConnectorProps=1;m_bElementClassifier=1;SPT=1;ShowNotes=0;SuppressBrackets=0;SuppConnectorLabels=0;PrintPageHeadFoot=0;ShowAsList=0;"/>
				<style2 value="ExcludeRTF=0;DocAll=0;HideQuals=0;AttPkg=1;ShowTests=0;ShowMaint=0;SuppressFOC=0;INT_ARGS=;INT_RET=;INT_ATT=;SeqTopMargin=50;MatrixActive=0;SwimlanesActive=1;KanbanActive=0;MatrixLineWidth=1;MatrixLineClr=0;MatrixLocked=0;TConnectorNotation=UML 2.1;TExplicitNavigability=0;AdvancedElementProps=1;AdvancedFeatureProps=1;AdvancedConnectorProps=1;m_bElementClassifier=1;SPT=1;MDGDgm=;STBLDgm=;ShowNotes=0;VisibleAttributeDetail=0;ShowOpRetType=1;SuppressBrackets=0;SuppConnectorLabels=0;PrintPageHeadFoot=0;ShowAsList=0;SuppressedCompartments=;Theme=:119;SaveTag=56D01039;"/>
				<swimlanes value="locked=false;orientation=0;width=0;inbar=false;names=false;color=-1;bold=false;fcol=0;tcol=-1;ofCol=-1;ufCol=-1;hl=0;ufh=0;hh=0;cls=0;bw=0;hli=0;SwimlaneFont=lfh:-10,lfw:0,lfi:0,lfu:0,lfs:0,lfface:Calibri,lfe:0,lfo:0,lfchar:1,lfop:0,lfcp:0,lfq:0,lfpf=0,lfWidth=0;"/>
				<matrixitems value="locked=false;matrixactive=false;swimlanesactive=true;kanbanactive=false;width=1;clrLine=0;"/>
				<extendedProperties/>
<elements>
<element geometry="Left=99;Top=50;Right=189;Bottom=390;" subject="EAID_9977D5D6_D839_4e85_9EF1_BUiGBHCEO6Iu" seqno="1" style="DUID=D5409A04;NSL=0;BCol=-1;BFol=-1;LCol=-1;LWth=-1;fontsz=0;bold=0;black=0;italic=0;ul=0;charset=0;pitch=0;"/>
<element geometry="Left=299;Top=50;Right=389;;Bottom=390;" subject="EAID_7183D05E_D892_423c_850E_7dlor3iJmJID" seqno="2" style="DUID=D5409A04;NSL=0;BCol=-1;BFol=-1;LCol=-1;LWth=-1;fontsz=0;bold=0;black=0;italic=0;ul=0;charset=0;pitch=0;"/>
<element geometry="Left=499;Top=50;Right=589;;Bottom=390;" subject="EAID_7183D05E_D892_423c_850E_ztCKjlMrTANE" seqno="3" style="DUID=D5409A04;NSL=0;BCol=-1;BFol=-1;LCol=-1;LWth=-1;fontsz=0;bold=0;black=0;italic=0;ul=0;charset=0;pitch=0;"/>
<element geometry="Left=699;Top=50;Right=789;;Bottom=390;" subject="EAID_7183D05E_D892_423c_850E_cMNYXM7JHgxS" seqno="4" style="DUID=D5409A04;NSL=0;BCol=-1;BFol=-1;LCol=-1;LWth=-1;fontsz=0;bold=0;black=0;italic=0;ul=0;charset=0;pitch=0;"/>
<element geometry="SX=0;SY=0;EX=0;EY=0;Path=;" subject="EAID_049D1FF1_0B97_41fb_AC69_41AFp5s4N9fI" style=";Hidden=0;"/>
<element geometry="SX=0;SY=0;EX=0;EY=0;Path=;" subject="EAID_049D1FF1_0B97_41fb_AC69_41AFqpp9eJAw" style=";Hidden=0;"/>
<element geometry="SX=0;SY=0;EX=0;EY=0;Path=;" subject="EAID_049D1FF1_0B97_41fb_AC69_41AF2fhAaWLI" style=";Hidden=0;"/>
<element geometry="SX=0;SY=0;EX=0;EY=0;Path=;" subject="EAID_049D1FF1_0B97_41fb_AC69_41AFJtlyYhul" style=";Hidden=0;"/>
<element geometry="SX=0;SY=0;EX=0;EY=0;Path=;" subject="EAID_049D1FF1_0B97_41fb_AC69_41AF5YoTW341" style=";Hidden=0;"/>
<element geometry="SX=0;SY=0;EX=0;EY=0;Path=;" subject="EAID_049D1FF1_0B97_41fb_AC69_41AFqpp9eJAw" style=";Hidden=0;"/>
<element geometry="SX=0;SY=0;EX=0;EY=0;Path=;" subject="EAID_049D1FF1_0B97_41fb_AC69_41AFojws6gqK" style=";Hidden=0;"/>
</elements>
</diagram>

<diagram xmi:id="EAID_3E9162E8_3B10_4fb1_9A31_SR9Ur7VtKZtb">
<model package="EAPK_0D4BE3DE_DBA4_430b_9F5D_2D1DC1F19C54" localID="31" owner="EAPK_0D4BE3DE_DBA4_430b_9F5D_2D1DC1F19C54" parent="EAID_586BCAF6_15CB_4a03_81A9_el0amFIkPOTS"/>
<properties name="use cases" type="Sequence"/>
<project author="HOME" version="1.0" created="2018-11-27 16:22:38" modified="2018-11-27 16:23:00"/>
				<style1 value="ShowPrivate=1;ShowProtected=1;ShowPublic=1;HideRelationships=0;Locked=0;Border=1;HighlightForeign=1;PackageContents=1;SequenceNotes=0;ScalePrintImage=0;PPgs.cx=0;PPgs.cy=0;DocSize.cx=850;DocSize.cy=1098;ShowDetails=0;Orientation=P;Zoom=100;ShowTags=0;OpParams=1;VisibleAttributeDetail=0;ShowOpRetType=1;ShowIcons=1;CollabNums=0;HideProps=0;ShowReqs=0;ShowCons=0;PaperSize=1;HideParents=0;UseAlias=0;HideAtts=0;HideOps=0;HideStereo=0;HideElemStereo=0;ShowTests=0;ShowMaint=0;ConnectorNotation=UML 2.1;ExplicitNavigability=0;ShowShape=1;AllDockable=0;AdvancedElementProps=1;AdvancedFeatureProps=1;AdvancedConnectorProps=1;m_bElementClassifier=1;SPT=1;ShowNotes=0;SuppressBrackets=0;SuppConnectorLabels=0;PrintPageHeadFoot=0;ShowAsList=0;"/>
				<style2 value="ExcludeRTF=0;DocAll=0;HideQuals=0;AttPkg=1;ShowTests=0;ShowMaint=0;SuppressFOC=0;INT_ARGS=;INT_RET=;INT_ATT=;SeqTopMargin=50;MatrixActive=0;SwimlanesActive=1;KanbanActive=0;MatrixLineWidth=1;MatrixLineClr=0;MatrixLocked=0;TConnectorNotation=UML 2.1;TExplicitNavigability=0;AdvancedElementProps=1;AdvancedFeatureProps=1;AdvancedConnectorProps=1;m_bElementClassifier=1;SPT=1;MDGDgm=;STBLDgm=;ShowNotes=0;VisibleAttributeDetail=0;ShowOpRetType=1;SuppressBrackets=0;SuppConnectorLabels=0;PrintPageHeadFoot=0;ShowAsList=0;SuppressedCompartments=;Theme=:119;SaveTag=56D01039;"/>
				<swimlanes value="locked=false;orientation=0;width=0;inbar=false;names=false;color=-1;bold=false;fcol=0;tcol=-1;ofCol=-1;ufCol=-1;hl=0;ufh=0;hh=0;cls=0;bw=0;hli=0;SwimlaneFont=lfh:-10,lfw:0,lfi:0,lfu:0,lfs:0,lfface:Calibri,lfe:0,lfo:0,lfchar:1,lfop:0,lfcp:0,lfq:0,lfpf=0,lfWidth=0;"/>
				<matrixitems value="locked=false;matrixactive=false;swimlanesactive=true;kanbanactive=false;width=1;clrLine=0;"/>
				<extendedProperties/>
<elements>
<element geometry="Left=99;Top=50;Right=189;Bottom=390;" subject="EAID_9977D5D6_D839_4e85_9EF1_5zk5CHL04Xdl" seqno="1" style="DUID=D5409A04;NSL=0;BCol=-1;BFol=-1;LCol=-1;LWth=-1;fontsz=0;bold=0;black=0;italic=0;ul=0;charset=0;pitch=0;"/>
<element geometry="Left=299;Top=50;Right=389;;Bottom=390;" subject="EAID_7183D05E_D892_423c_850E_ukEibkM1PrJE" seqno="2" style="DUID=D5409A04;NSL=0;BCol=-1;BFol=-1;LCol=-1;LWth=-1;fontsz=0;bold=0;black=0;italic=0;ul=0;charset=0;pitch=0;"/>
<element geometry="Left=499;Top=50;Right=589;;Bottom=390;" subject="EAID_7183D05E_D892_423c_850E_reJH40RE1hQ3" seqno="3" style="DUID=D5409A04;NSL=0;BCol=-1;BFol=-1;LCol=-1;LWth=-1;fontsz=0;bold=0;black=0;italic=0;ul=0;charset=0;pitch=0;"/>
<element geometry="SX=0;SY=0;EX=0;EY=0;Path=;" subject="EAID_049D1FF1_0B97_41fb_AC69_41AFnizPj5mG" style=";Hidden=0;"/>
<element geometry="SX=0;SY=0;EX=0;EY=0;Path=;" subject="EAID_049D1FF1_0B97_41fb_AC69_41AFbZnpa9C6" style=";Hidden=0;"/>
<element geometry="SX=0;SY=0;EX=0;EY=0;Path=;" subject="EAID_049D1FF1_0B97_41fb_AC69_41AFookHyMtY" style=";Hidden=0;"/>
<element geometry="SX=0;SY=0;EX=0;EY=0;Path=;" subject="EAID_049D1FF1_0B97_41fb_AC69_41AFXcng9sST" style=";Hidden=0;"/>
<element geometry="SX=0;SY=0;EX=0;EY=0;Path=;" subject="EAID_049D1FF1_0B97_41fb_AC69_41AFjAx0iGjg" style=";Hidden=0;"/>
<element geometry="SX=0;SY=0;EX=0;EY=0;Path=;" subject="EAID_049D1FF1_0B97_41fb_AC69_41AFookHyMtY" style=";Hidden=0;"/>
<element geometry="SX=0;SY=0;EX=0;EY=0;Path=;" subject="EAID_049D1FF1_0B97_41fb_AC69_41AFhaFW2KK0" style=";Hidden=0;"/>
</elements>
</diagram>

<diagram xmi:id="EAID_3E9162E8_3B10_4fb1_9A31_3Rif5oJPaM13">
<model package="EAPK_0D4BE3DE_DBA4_430b_9F5D_2D1DC1F19C54" localID="32" owner="EAPK_0D4BE3DE_DBA4_430b_9F5D_2D1DC1F19C54" parent="EAID_586BCAF6_15CB_4a03_81A9_PjezRUePPj3f"/>
<properties name="use cases" type="Sequence"/>
<project author="HOME" version="1.0" created="2018-11-27 16:22:38" modified="2018-11-27 16:23:00"/>
				<style1 value="ShowPrivate=1;ShowProtected=1;ShowPublic=1;HideRelationships=0;Locked=0;Border=1;HighlightForeign=1;PackageContents=1;SequenceNotes=0;ScalePrintImage=0;PPgs.cx=0;PPgs.cy=0;DocSize.cx=850;DocSize.cy=1098;ShowDetails=0;Orientation=P;Zoom=100;ShowTags=0;OpParams=1;VisibleAttributeDetail=0;ShowOpRetType=1;ShowIcons=1;CollabNums=0;HideProps=0;ShowReqs=0;ShowCons=0;PaperSize=1;HideParents=0;UseAlias=0;HideAtts=0;HideOps=0;HideStereo=0;HideElemStereo=0;ShowTests=0;ShowMaint=0;ConnectorNotation=UML 2.1;ExplicitNavigability=0;ShowShape=1;AllDockable=0;AdvancedElementProps=1;AdvancedFeatureProps=1;AdvancedConnectorProps=1;m_bElementClassifier=1;SPT=1;ShowNotes=0;SuppressBrackets=0;SuppConnectorLabels=0;PrintPageHeadFoot=0;ShowAsList=0;"/>
				<style2 value="ExcludeRTF=0;DocAll=0;HideQuals=0;AttPkg=1;ShowTests=0;ShowMaint=0;SuppressFOC=0;INT_ARGS=;INT_RET=;INT_ATT=;SeqTopMargin=50;MatrixActive=0;SwimlanesActive=1;KanbanActive=0;MatrixLineWidth=1;MatrixLineClr=0;MatrixLocked=0;TConnectorNotation=UML 2.1;TExplicitNavigability=0;AdvancedElementProps=1;AdvancedFeatureProps=1;AdvancedConnectorProps=1;m_bElementClassifier=1;SPT=1;MDGDgm=;STBLDgm=;ShowNotes=0;VisibleAttributeDetail=0;ShowOpRetType=1;SuppressBrackets=0;SuppConnectorLabels=0;PrintPageHeadFoot=0;ShowAsList=0;SuppressedCompartments=;Theme=:119;SaveTag=56D01039;"/>
				<swimlanes value="locked=false;orientation=0;width=0;inbar=false;names=false;color=-1;bold=false;fcol=0;tcol=-1;ofCol=-1;ufCol=-1;hl=0;ufh=0;hh=0;cls=0;bw=0;hli=0;SwimlaneFont=lfh:-10,lfw:0,lfi:0,lfu:0,lfs:0,lfface:Calibri,lfe:0,lfo:0,lfchar:1,lfop:0,lfcp:0,lfq:0,lfpf=0,lfWidth=0;"/>
				<matrixitems value="locked=false;matrixactive=false;swimlanesactive=true;kanbanactive=false;width=1;clrLine=0;"/>
				<extendedProperties/>
<elements>
<element geometry="Left=99;Top=50;Right=189;Bottom=390;" subject="EAID_9977D5D6_D839_4e85_9EF1_QbdRdkD2LvH9" seqno="1" style="DUID=D5409A04;NSL=0;BCol=-1;BFol=-1;LCol=-1;LWth=-1;fontsz=0;bold=0;black=0;italic=0;ul=0;charset=0;pitch=0;"/>
<element geometry="Left=299;Top=50;Right=389;;Bottom=390;" subject="EAID_7183D05E_D892_423c_850E_Sa87gdxRwfcB" seqno="2" style="DUID=D5409A04;NSL=0;BCol=-1;BFol=-1;LCol=-1;LWth=-1;fontsz=0;bold=0;black=0;italic=0;ul=0;charset=0;pitch=0;"/>
<element geometry="Left=499;Top=50;Right=589;;Bottom=390;" subject="EAID_7183D05E_D892_423c_850E_MkAHdKeCcS4u" seqno="3" style="DUID=D5409A04;NSL=0;BCol=-1;BFol=-1;LCol=-1;LWth=-1;fontsz=0;bold=0;black=0;italic=0;ul=0;charset=0;pitch=0;"/>
<element geometry="Left=699;Top=50;Right=789;;Bottom=390;" subject="EAID_7183D05E_D892_423c_850E_cpGpi8xnqK7z" seqno="4" style="DUID=D5409A04;NSL=0;BCol=-1;BFol=-1;LCol=-1;LWth=-1;fontsz=0;bold=0;black=0;italic=0;ul=0;charset=0;pitch=0;"/>
<element geometry="SX=0;SY=0;EX=0;EY=0;Path=;" subject="EAID_049D1FF1_0B97_41fb_AC69_41AFW1gSduNu" style=";Hidden=0;"/>
<element geometry="SX=0;SY=0;EX=0;EY=0;Path=;" subject="EAID_049D1FF1_0B97_41fb_AC69_41AFy92pAPRy" style=";Hidden=0;"/>
<element geometry="SX=0;SY=0;EX=0;EY=0;Path=;" subject="EAID_049D1FF1_0B97_41fb_AC69_41AFHygJ1s1H" style=";Hidden=0;"/>
<element geometry="SX=0;SY=0;EX=0;EY=0;Path=;" subject="EAID_049D1FF1_0B97_41fb_AC69_41AF4ErHqFRt" style=";Hidden=0;"/>
<element geometry="SX=0;SY=0;EX=0;EY=0;Path=;" subject="EAID_049D1FF1_0B97_41fb_AC69_41AFy92pAPRy" style=";Hidden=0;"/>
<element geometry="SX=0;SY=0;EX=0;EY=0;Path=;" subject="EAID_049D1FF1_0B97_41fb_AC69_41AFeroTlHvv" style=";Hidden=0;"/>
<element geometry="SX=0;SY=0;EX=0;EY=0;Path=;" subject="EAID_049D1FF1_0B97_41fb_AC69_41AFbpL1EDkt" style=";Hidden=0;"/>
</elements>
</diagram>

<diagram xmi:id="EAID_3E9162E8_3B10_4fb1_9A31_RI57K1a7WOy8">
<model package="EAPK_0D4BE3DE_DBA4_430b_9F5D_2D1DC1F19C54" localID="33" owner="EAPK_0D4BE3DE_DBA4_430b_9F5D_2D1DC1F19C54" parent="EAID_586BCAF6_15CB_4a03_81A9_pjjfW0A61u39"/>
<properties name="use cases" type="Sequence"/>
<project author="HOME" version="1.0" created="2018-11-27 16:22:38" modified="2018-11-27 16:23:00"/>
				<style1 value="ShowPrivate=1;ShowProtected=1;ShowPublic=1;HideRelationships=0;Locked=0;Border=1;HighlightForeign=1;PackageContents=1;SequenceNotes=0;ScalePrintImage=0;PPgs.cx=0;PPgs.cy=0;DocSize.cx=850;DocSize.cy=1098;ShowDetails=0;Orientation=P;Zoom=100;ShowTags=0;OpParams=1;VisibleAttributeDetail=0;ShowOpRetType=1;ShowIcons=1;CollabNums=0;HideProps=0;ShowReqs=0;ShowCons=0;PaperSize=1;HideParents=0;UseAlias=0;HideAtts=0;HideOps=0;HideStereo=0;HideElemStereo=0;ShowTests=0;ShowMaint=0;ConnectorNotation=UML 2.1;ExplicitNavigability=0;ShowShape=1;AllDockable=0;AdvancedElementProps=1;AdvancedFeatureProps=1;AdvancedConnectorProps=1;m_bElementClassifier=1;SPT=1;ShowNotes=0;SuppressBrackets=0;SuppConnectorLabels=0;PrintPageHeadFoot=0;ShowAsList=0;"/>
				<style2 value="ExcludeRTF=0;DocAll=0;HideQuals=0;AttPkg=1;ShowTests=0;ShowMaint=0;SuppressFOC=0;INT_ARGS=;INT_RET=;INT_ATT=;SeqTopMargin=50;MatrixActive=0;SwimlanesActive=1;KanbanActive=0;MatrixLineWidth=1;MatrixLineClr=0;MatrixLocked=0;TConnectorNotation=UML 2.1;TExplicitNavigability=0;AdvancedElementProps=1;AdvancedFeatureProps=1;AdvancedConnectorProps=1;m_bElementClassifier=1;SPT=1;MDGDgm=;STBLDgm=;ShowNotes=0;VisibleAttributeDetail=0;ShowOpRetType=1;SuppressBrackets=0;SuppConnectorLabels=0;PrintPageHeadFoot=0;ShowAsList=0;SuppressedCompartments=;Theme=:119;SaveTag=56D01039;"/>
				<swimlanes value="locked=false;orientation=0;width=0;inbar=false;names=false;color=-1;bold=false;fcol=0;tcol=-1;ofCol=-1;ufCol=-1;hl=0;ufh=0;hh=0;cls=0;bw=0;hli=0;SwimlaneFont=lfh:-10,lfw:0,lfi:0,lfu:0,lfs:0,lfface:Calibri,lfe:0,lfo:0,lfchar:1,lfop:0,lfcp:0,lfq:0,lfpf=0,lfWidth=0;"/>
				<matrixitems value="locked=false;matrixactive=false;swimlanesactive=true;kanbanactive=false;width=1;clrLine=0;"/>
				<extendedProperties/>
<elements>
<element geometry="Left=99;Top=50;Right=189;Bottom=390;" subject="EAID_9977D5D6_D839_4e85_9EF1_zJ9MNr1bT8Is" seqno="1" style="DUID=D5409A04;NSL=0;BCol=-1;BFol=-1;LCol=-1;LWth=-1;fontsz=0;bold=0;black=0;italic=0;ul=0;charset=0;pitch=0;"/>
<element geometry="Left=299;Top=50;Right=389;;Bottom=390;" subject="EAID_7183D05E_D892_423c_850E_hFDGPcN1sIgV" seqno="2" style="DUID=D5409A04;NSL=0;BCol=-1;BFol=-1;LCol=-1;LWth=-1;fontsz=0;bold=0;black=0;italic=0;ul=0;charset=0;pitch=0;"/>
<element geometry="Left=499;Top=50;Right=589;;Bottom=390;" subject="EAID_7183D05E_D892_423c_850E_8LK6dBIt7RCk" seqno="3" style="DUID=D5409A04;NSL=0;BCol=-1;BFol=-1;LCol=-1;LWth=-1;fontsz=0;bold=0;black=0;italic=0;ul=0;charset=0;pitch=0;"/>
<element geometry="SX=0;SY=0;EX=0;EY=0;Path=;" subject="EAID_049D1FF1_0B97_41fb_AC69_41AFCXLBEyxc" style=";Hidden=0;"/>
<element geometry="SX=0;SY=0;EX=0;EY=0;Path=;" subject="EAID_049D1FF1_0B97_41fb_AC69_41AFPa4EzVOm" style=";Hidden=0;"/>
<element geometry="SX=0;SY=0;EX=0;EY=0;Path=;" subject="EAID_049D1FF1_0B97_41fb_AC69_41AFPCVc9M01" style=";Hidden=0;"/>
<element geometry="SX=0;SY=0;EX=0;EY=0;Path=;" subject="EAID_049D1FF1_0B97_41fb_AC69_41AFcAw9ypoi" style=";Hidden=0;"/>
<element geometry="SX=0;SY=0;EX=0;EY=0;Path=;" subject="EAID_049D1FF1_0B97_41fb_AC69_41AFctyGMn9Z" style=";Hidden=0;"/>
<element geometry="SX=0;SY=0;EX=0;EY=0;Path=;" subject="EAID_049D1FF1_0B97_41fb_AC69_41AFPCVc9M01" style=";Hidden=0;"/>
<element geometry="SX=0;SY=0;EX=0;EY=0;Path=;" subject="EAID_049D1FF1_0B97_41fb_AC69_41AFdMkOK6LI" style=";Hidden=0;"/>
</elements>
</diagram>

<diagram xmi:id="EAID_3E9162E8_3B10_4fb1_9A31_8UGTYs9o9qsb">
<model package="EAPK_0D4BE3DE_DBA4_430b_9F5D_2D1DC1F19C54" localID="34" owner="EAPK_0D4BE3DE_DBA4_430b_9F5D_2D1DC1F19C54" parent="EAID_586BCAF6_15CB_4a03_81A9_RLgbq6OxZhGV"/>
<properties name="use cases" type="Sequence"/>
<project author="HOME" version="1.0" created="2018-11-27 16:22:38" modified="2018-11-27 16:23:00"/>
				<style1 value="ShowPrivate=1;ShowProtected=1;ShowPublic=1;HideRelationships=0;Locked=0;Border=1;HighlightForeign=1;PackageContents=1;SequenceNotes=0;ScalePrintImage=0;PPgs.cx=0;PPgs.cy=0;DocSize.cx=850;DocSize.cy=1098;ShowDetails=0;Orientation=P;Zoom=100;ShowTags=0;OpParams=1;VisibleAttributeDetail=0;ShowOpRetType=1;ShowIcons=1;CollabNums=0;HideProps=0;ShowReqs=0;ShowCons=0;PaperSize=1;HideParents=0;UseAlias=0;HideAtts=0;HideOps=0;HideStereo=0;HideElemStereo=0;ShowTests=0;ShowMaint=0;ConnectorNotation=UML 2.1;ExplicitNavigability=0;ShowShape=1;AllDockable=0;AdvancedElementProps=1;AdvancedFeatureProps=1;AdvancedConnectorProps=1;m_bElementClassifier=1;SPT=1;ShowNotes=0;SuppressBrackets=0;SuppConnectorLabels=0;PrintPageHeadFoot=0;ShowAsList=0;"/>
				<style2 value="ExcludeRTF=0;DocAll=0;HideQuals=0;AttPkg=1;ShowTests=0;ShowMaint=0;SuppressFOC=0;INT_ARGS=;INT_RET=;INT_ATT=;SeqTopMargin=50;MatrixActive=0;SwimlanesActive=1;KanbanActive=0;MatrixLineWidth=1;MatrixLineClr=0;MatrixLocked=0;TConnectorNotation=UML 2.1;TExplicitNavigability=0;AdvancedElementProps=1;AdvancedFeatureProps=1;AdvancedConnectorProps=1;m_bElementClassifier=1;SPT=1;MDGDgm=;STBLDgm=;ShowNotes=0;VisibleAttributeDetail=0;ShowOpRetType=1;SuppressBrackets=0;SuppConnectorLabels=0;PrintPageHeadFoot=0;ShowAsList=0;SuppressedCompartments=;Theme=:119;SaveTag=56D01039;"/>
				<swimlanes value="locked=false;orientation=0;width=0;inbar=false;names=false;color=-1;bold=false;fcol=0;tcol=-1;ofCol=-1;ufCol=-1;hl=0;ufh=0;hh=0;cls=0;bw=0;hli=0;SwimlaneFont=lfh:-10,lfw:0,lfi:0,lfu:0,lfs:0,lfface:Calibri,lfe:0,lfo:0,lfchar:1,lfop:0,lfcp:0,lfq:0,lfpf=0,lfWidth=0;"/>
				<matrixitems value="locked=false;matrixactive=false;swimlanesactive=true;kanbanactive=false;width=1;clrLine=0;"/>
				<extendedProperties/>
<elements>
<element geometry="Left=99;Top=50;Right=189;Bottom=390;" subject="EAID_9977D5D6_D839_4e85_9EF1_tCyf111u6Zj9" seqno="1" style="DUID=D5409A04;NSL=0;BCol=-1;BFol=-1;LCol=-1;LWth=-1;fontsz=0;bold=0;black=0;italic=0;ul=0;charset=0;pitch=0;"/>
<element geometry="Left=299;Top=50;Right=389;;Bottom=390;" subject="EAID_7183D05E_D892_423c_850E_VfxfwzS76L4H" seqno="2" style="DUID=D5409A04;NSL=0;BCol=-1;BFol=-1;LCol=-1;LWth=-1;fontsz=0;bold=0;black=0;italic=0;ul=0;charset=0;pitch=0;"/>
<element geometry="Left=499;Top=50;Right=589;;Bottom=390;" subject="EAID_7183D05E_D892_423c_850E_Vx5T3uuisDsc" seqno="3" style="DUID=D5409A04;NSL=0;BCol=-1;BFol=-1;LCol=-1;LWth=-1;fontsz=0;bold=0;black=0;italic=0;ul=0;charset=0;pitch=0;"/>
<element geometry="Left=699;Top=50;Right=789;;Bottom=390;" subject="EAID_7183D05E_D892_423c_850E_1PnhSInqdOzM" seqno="4" style="DUID=D5409A04;NSL=0;BCol=-1;BFol=-1;LCol=-1;LWth=-1;fontsz=0;bold=0;black=0;italic=0;ul=0;charset=0;pitch=0;"/>
<element geometry="SX=0;SY=0;EX=0;EY=0;Path=;" subject="EAID_049D1FF1_0B97_41fb_AC69_41AFlnoLm9r9" style=";Hidden=0;"/>
<element geometry="SX=0;SY=0;EX=0;EY=0;Path=;" subject="EAID_049D1FF1_0B97_41fb_AC69_41AFQ6aYhvJW" style=";Hidden=0;"/>
<element geometry="SX=0;SY=0;EX=0;EY=0;Path=;" subject="EAID_049D1FF1_0B97_41fb_AC69_41AFccEWXTIc" style=";Hidden=0;"/>
<element geometry="SX=0;SY=0;EX=0;EY=0;Path=;" subject="EAID_049D1FF1_0B97_41fb_AC69_41AFQoB6Ol0x" style=";Hidden=0;"/>
<element geometry="SX=0;SY=0;EX=0;EY=0;Path=;" subject="EAID_049D1FF1_0B97_41fb_AC69_41AFcnU2nGST" style=";Hidden=0;"/>
<element geometry="SX=0;SY=0;EX=0;EY=0;Path=;" subject="EAID_049D1FF1_0B97_41fb_AC69_41AFEdhHxP2T" style=";Hidden=0;"/>
<element geometry="SX=0;SY=0;EX=0;EY=0;Path=;" subject="EAID_049D1FF1_0B97_41fb_AC69_41AFccEWXTIc" style=";Hidden=0;"/>
</elements>
</diagram>

<diagram xmi:id="EAID_3E9162E8_3B10_4fb1_9A31_0hYtA6JHhwmL">
<model package="EAPK_0D4BE3DE_DBA4_430b_9F5D_2D1DC1F19C54" localID="35" owner="EAPK_0D4BE3DE_DBA4_430b_9F5D_2D1DC1F19C54" parent="EAID_586BCAF6_15CB_4a03_81A9_rcIe5UNp7nDW"/>
<properties name="use cases" type="Sequence"/>
<project author="HOME" version="1.0" created="2018-11-27 16:22:38" modified="2018-11-27 16:23:00"/>
				<style1 value="ShowPrivate=1;ShowProtected=1;ShowPublic=1;HideRelationships=0;Locked=0;Border=1;HighlightForeign=1;PackageContents=1;SequenceNotes=0;ScalePrintImage=0;PPgs.cx=0;PPgs.cy=0;DocSize.cx=850;DocSize.cy=1098;ShowDetails=0;Orientation=P;Zoom=100;ShowTags=0;OpParams=1;VisibleAttributeDetail=0;ShowOpRetType=1;ShowIcons=1;CollabNums=0;HideProps=0;ShowReqs=0;ShowCons=0;PaperSize=1;HideParents=0;UseAlias=0;HideAtts=0;HideOps=0;HideStereo=0;HideElemStereo=0;ShowTests=0;ShowMaint=0;ConnectorNotation=UML 2.1;ExplicitNavigability=0;ShowShape=1;AllDockable=0;AdvancedElementProps=1;AdvancedFeatureProps=1;AdvancedConnectorProps=1;m_bElementClassifier=1;SPT=1;ShowNotes=0;SuppressBrackets=0;SuppConnectorLabels=0;PrintPageHeadFoot=0;ShowAsList=0;"/>
				<style2 value="ExcludeRTF=0;DocAll=0;HideQuals=0;AttPkg=1;ShowTests=0;ShowMaint=0;SuppressFOC=0;INT_ARGS=;INT_RET=;INT_ATT=;SeqTopMargin=50;MatrixActive=0;SwimlanesActive=1;KanbanActive=0;MatrixLineWidth=1;MatrixLineClr=0;MatrixLocked=0;TConnectorNotation=UML 2.1;TExplicitNavigability=0;AdvancedElementProps=1;AdvancedFeatureProps=1;AdvancedConnectorProps=1;m_bElementClassifier=1;SPT=1;MDGDgm=;STBLDgm=;ShowNotes=0;VisibleAttributeDetail=0;ShowOpRetType=1;SuppressBrackets=0;SuppConnectorLabels=0;PrintPageHeadFoot=0;ShowAsList=0;SuppressedCompartments=;Theme=:119;SaveTag=56D01039;"/>
				<swimlanes value="locked=false;orientation=0;width=0;inbar=false;names=false;color=-1;bold=false;fcol=0;tcol=-1;ofCol=-1;ufCol=-1;hl=0;ufh=0;hh=0;cls=0;bw=0;hli=0;SwimlaneFont=lfh:-10,lfw:0,lfi:0,lfu:0,lfs:0,lfface:Calibri,lfe:0,lfo:0,lfchar:1,lfop:0,lfcp:0,lfq:0,lfpf=0,lfWidth=0;"/>
				<matrixitems value="locked=false;matrixactive=false;swimlanesactive=true;kanbanactive=false;width=1;clrLine=0;"/>
				<extendedProperties/>
<elements>
<element geometry="Left=99;Top=50;Right=189;Bottom=390;" subject="EAID_9977D5D6_D839_4e85_9EF1_qhyq6UBq7CU9" seqno="1" style="DUID=D5409A04;NSL=0;BCol=-1;BFol=-1;LCol=-1;LWth=-1;fontsz=0;bold=0;black=0;italic=0;ul=0;charset=0;pitch=0;"/>
<element geometry="Left=299;Top=50;Right=389;;Bottom=390;" subject="EAID_7183D05E_D892_423c_850E_QEaADDgik0zU" seqno="2" style="DUID=D5409A04;NSL=0;BCol=-1;BFol=-1;LCol=-1;LWth=-1;fontsz=0;bold=0;black=0;italic=0;ul=0;charset=0;pitch=0;"/>
<element geometry="Left=499;Top=50;Right=589;;Bottom=390;" subject="EAID_7183D05E_D892_423c_850E_Z9spVmPsUWgn" seqno="3" style="DUID=D5409A04;NSL=0;BCol=-1;BFol=-1;LCol=-1;LWth=-1;fontsz=0;bold=0;black=0;italic=0;ul=0;charset=0;pitch=0;"/>
<element geometry="SX=0;SY=0;EX=0;EY=0;Path=;" subject="EAID_049D1FF1_0B97_41fb_AC69_41AFTiQ15iUT" style=";Hidden=0;"/>
<element geometry="SX=0;SY=0;EX=0;EY=0;Path=;" subject="EAID_049D1FF1_0B97_41fb_AC69_41AF9BRkeuQO" style=";Hidden=0;"/>
<element geometry="SX=0;SY=0;EX=0;EY=0;Path=;" subject="EAID_049D1FF1_0B97_41fb_AC69_41AFbRNVfhm6" style=";Hidden=0;"/>
<element geometry="SX=0;SY=0;EX=0;EY=0;Path=;" subject="EAID_049D1FF1_0B97_41fb_AC69_41AFFKzeGurM" style=";Hidden=0;"/>
<element geometry="SX=0;SY=0;EX=0;EY=0;Path=;" subject="EAID_049D1FF1_0B97_41fb_AC69_41AF9BRkeuQO" style=";Hidden=0;"/>
<element geometry="SX=0;SY=0;EX=0;EY=0;Path=;" subject="EAID_049D1FF1_0B97_41fb_AC69_41AF37jcHNuC" style=";Hidden=0;"/>
<element geometry="SX=0;SY=0;EX=0;EY=0;Path=;" subject="EAID_049D1FF1_0B97_41fb_AC69_41AFqmeQhGmk" style=";Hidden=0;"/>
</elements>
</diagram>
</diagrams>
	</xmi:Extension></xmi:XMI>