<?xml version="1.0" encoding="windows-1252"?>
<xmi:XMI xmi:version="2.1" xmlns:uml="http://schema.omg.org/spec/UML/2.1" xmlns:xmi="http://schema.omg.org/spec/XMI/2.1">
	<xmi:Documentation exporter="Enterprise Architect" exporterVersion="6.5"/>
	<uml:Model xmi:type="uml:Model" name="EA_Model" visibility="public">
		<packagedElement xmi:type="uml:Package" xmi:id="EAPK_0D4BE3DE_DBA4_430b_9F5D_2D1DC1F19C54" name="use cases" visibility="public">
<packagedElement xmi:type="uml:UseCase" xmi:id="EAID_586BCAF6_15CB_4a03_81A9_EF34AE4B312B" name="Add Users1" visibility="public">
<nestedClassifier xmi:type="uml:Collaboration" xmi:id="EAID_CB000000_AF6_15CB_4a03_81A9_EF34AE4B312" name="EA_Collaboration1" visibility="public">
<ownedBehavior xmi:type="uml:Interaction" xmi:id="EAID_IN000000_AF6_15CB_4a03_81A9_EF34AE4B312" name="EA_Interaction1" visibility="public">
<lifeline xmi:type="uml:Lifeline" xmi:id="EAID_LL000000_D892_423c_850E_8109476FDED0" name="User" visibility="public" represents="EAID_AT000000_D892_423c_850E_8109476FDED0"/>
<lifeline xmi:type="uml:Lifeline" xmi:id="EAID_7183D05E_D892_423c_850E_ZaAXDVeutZ8W" name="Budget Report" visibility="public" represents="EAID_AT000000_D892_423c_850E_ZaAXDVeutZ8W"/>
<lifeline xmi:type="uml:Lifeline" xmi:id="EAID_7183D05E_D892_423c_850E_MjMAaupOwgRU" name="Specifiesthesourcesoffundingandtheamount" visibility="public" represents="EAID_AT000000_D892_423c_850E_MjMAaupOwgRU"/>
<lifeline xmi:type="uml:Lifeline" xmi:id="EAID_7183D05E_D892_423c_850E_ltnhHqLKY2Fa" name="Revenue assumptions" visibility="public" represents="EAID_AT000000_D892_423c_850E_ltnhHqLKY2Fa"/>
<lifeline xmi:type="uml:Lifeline" xmi:id="EAID_7183D05E_D892_423c_850E_e6kBwf5THvqo" name="Inverstment Information" visibility="public" represents="EAID_AT000000_D892_423c_850E_e6kBwf5THvqo"/>
<lifeline xmi:type="uml:Lifeline" xmi:id="EAID_7183D05E_D892_423c_850E_4CLb2OK4nw2v" name="Interaction" visibility="public" represents="EAID_AT000000_D892_423c_850E_4CLb2OK4nw2v"/>
<fragment xmi:type="uml:OccurrenceSpecification" xmi:id="EAID_FR000002_D892_423c_850E_8109476FDED0" covered="EAID_LL000000_D892_423c_850E_8109476FDED0"/>
<fragment xmi:type="uml:OccurrenceSpecification" xmi:id="EAID_FR000003_D892_423c_850E_ZaAXDVeutZ8W" covered="EAID_7183D05E_D892_423c_850E_ZaAXDVeutZ8W"/>
<fragment xmi:type="uml:OccurrenceSpecification" xmi:id="EAID_FR000004_D892_423c_850E_ZaAXDVeutZ8W" covered="EAID_7183D05E_D892_423c_850E_ZaAXDVeutZ8W"/>
<fragment xmi:type="uml:OccurrenceSpecification" xmi:id="EAID_FR000005_D892_423c_850E_e6kBwf5THvqo" covered="EAID_7183D05E_D892_423c_850E_e6kBwf5THvqo"/>
<fragment xmi:type="uml:OccurrenceSpecification" xmi:id="EAID_FR000006_D892_423c_850E_e6kBwf5THvqo" covered="EAID_7183D05E_D892_423c_850E_e6kBwf5THvqo"/>
<fragment xmi:type="uml:OccurrenceSpecification" xmi:id="EAID_FR000007_D892_423c_850E_MjMAaupOwgRU" covered="EAID_7183D05E_D892_423c_850E_MjMAaupOwgRU"/>
<fragment xmi:type="uml:OccurrenceSpecification" xmi:id="EAID_FR000008_D892_423c_850E_MjMAaupOwgRU" covered="EAID_7183D05E_D892_423c_850E_MjMAaupOwgRU"/>
<fragment xmi:type="uml:OccurrenceSpecification" xmi:id="EAID_FR000009_D892_423c_850E_MjMAaupOwgRU" covered="EAID_7183D05E_D892_423c_850E_MjMAaupOwgRU"/>
<fragment xmi:type="uml:OccurrenceSpecification" xmi:id="EAID_FR0000010_D892_423c_850E_MjMAaupOwgRU" covered="EAID_7183D05E_D892_423c_850E_MjMAaupOwgRU"/>
<fragment xmi:type="uml:OccurrenceSpecification" xmi:id="EAID_FR0000011_D892_423c_850E_e6kBwf5THvqo" covered="EAID_7183D05E_D892_423c_850E_e6kBwf5THvqo"/>
<fragment xmi:type="uml:OccurrenceSpecification" xmi:id="EAID_FR0000012_D892_423c_850E_e6kBwf5THvqo" covered="EAID_7183D05E_D892_423c_850E_e6kBwf5THvqo"/>
<fragment xmi:type="uml:OccurrenceSpecification" xmi:id="EAID_FR0000013_D892_423c_850E_MjMAaupOwgRU" covered="EAID_7183D05E_D892_423c_850E_MjMAaupOwgRU"/>
<fragment xmi:type="uml:OccurrenceSpecification" xmi:id="EAID_FR0000014_D892_423c_850E_MjMAaupOwgRU" covered="EAID_7183D05E_D892_423c_850E_MjMAaupOwgRU"/>
<fragment xmi:type="uml:OccurrenceSpecification" xmi:id="EAID_FR0000015_D892_423c_850E_MjMAaupOwgRU" covered="EAID_7183D05E_D892_423c_850E_MjMAaupOwgRU"/>
<fragment xmi:type="uml:OccurrenceSpecification" xmi:id="EAID_FR0000016_D892_423c_850E_8109476FDED0" covered="EAID_LL000000_D892_423c_850E_8109476FDED0"/>
<fragment xmi:type="uml:OccurrenceSpecification" xmi:id="EAID_FR0000017_D892_423c_850E_MjMAaupOwgRU" covered="EAID_7183D05E_D892_423c_850E_MjMAaupOwgRU"/>
<fragment xmi:type="uml:OccurrenceSpecification" xmi:id="EAID_FR0000018_D892_423c_850E_MjMAaupOwgRU" covered="EAID_7183D05E_D892_423c_850E_MjMAaupOwgRU"/>
<fragment xmi:type="uml:OccurrenceSpecification" xmi:id="EAID_FR0000019_D892_423c_850E_MjMAaupOwgRU" covered="EAID_7183D05E_D892_423c_850E_MjMAaupOwgRU"/>
<fragment xmi:type="uml:OccurrenceSpecification" xmi:id="EAID_FR00000110_D892_423c_850E_8109476FDED0" covered="EAID_LL000000_D892_423c_850E_8109476FDED0"/>
<fragment xmi:type="uml:OccurrenceSpecification" xmi:id="EAID_FR00000111_D892_423c_850E_ltnhHqLKY2Fa" covered="EAID_7183D05E_D892_423c_850E_ltnhHqLKY2Fa"/>
<fragment xmi:type="uml:OccurrenceSpecification" xmi:id="EAID_FR00000112_D892_423c_850E_ltnhHqLKY2Fa" covered="EAID_7183D05E_D892_423c_850E_ltnhHqLKY2Fa"/>
<fragment xmi:type="uml:OccurrenceSpecification" xmi:id="EAID_FR00000113_D892_423c_850E_4CLb2OK4nw2v" covered="EAID_7183D05E_D892_423c_850E_4CLb2OK4nw2v"/>
<fragment xmi:type="uml:OccurrenceSpecification" xmi:id="EAID_FR00000114_D892_423c_850E_4CLb2OK4nw2v" covered="EAID_7183D05E_D892_423c_850E_4CLb2OK4nw2v"/>
<fragment xmi:type="uml:OccurrenceSpecification" xmi:id="EAID_FR00000115_D892_423c_850E_e6kBwf5THvqo" covered="EAID_7183D05E_D892_423c_850E_e6kBwf5THvqo"/>
<fragment xmi:type="uml:OccurrenceSpecification" xmi:id="EAID_FR00000116_D892_423c_850E_e6kBwf5THvqo" covered="EAID_7183D05E_D892_423c_850E_e6kBwf5THvqo"/>
<fragment xmi:type="uml:OccurrenceSpecification" xmi:id="EAID_FR00000117_D892_423c_850E_ltnhHqLKY2Fa" covered="EAID_7183D05E_D892_423c_850E_ltnhHqLKY2Fa"/>
<fragment xmi:type="uml:OccurrenceSpecification" xmi:id="EAID_FR00000118_D892_423c_850E_ltnhHqLKY2Fa" covered="EAID_7183D05E_D892_423c_850E_ltnhHqLKY2Fa"/>
<fragment xmi:type="uml:OccurrenceSpecification" xmi:id="EAID_FR00000119_D892_423c_850E_4CLb2OK4nw2v" covered="EAID_7183D05E_D892_423c_850E_4CLb2OK4nw2v"/>
<fragment xmi:type="uml:OccurrenceSpecification" xmi:id="EAID_FR000001110_D892_423c_850E_8109476FDED0" covered="EAID_LL000000_D892_423c_850E_8109476FDED0"/>
<fragment xmi:type="uml:OccurrenceSpecification" xmi:id="EAID_FR000001111_D892_423c_850E_ZaAXDVeutZ8W" covered="EAID_7183D05E_D892_423c_850E_ZaAXDVeutZ8W"/>
<fragment xmi:type="uml:OccurrenceSpecification" xmi:id="EAID_FR000001112_D892_423c_850E_ZaAXDVeutZ8W" covered="EAID_7183D05E_D892_423c_850E_ZaAXDVeutZ8W"/>
<fragment xmi:type="uml:OccurrenceSpecification" xmi:id="EAID_FR000001113_D892_423c_850E_e6kBwf5THvqo" covered="EAID_7183D05E_D892_423c_850E_e6kBwf5THvqo"/>
<fragment xmi:type="uml:OccurrenceSpecification" xmi:id="EAID_FR000001114_D892_423c_850E_e6kBwf5THvqo" covered="EAID_7183D05E_D892_423c_850E_e6kBwf5THvqo"/>
<fragment xmi:type="uml:OccurrenceSpecification" xmi:id="EAID_FR000001115_D892_423c_850E_ltnhHqLKY2Fa" covered="EAID_7183D05E_D892_423c_850E_ltnhHqLKY2Fa"/>
<message xmi:type="uml:Message" xmi:id="EAID_049D1FF1_0B97_41fb_AC69_41AFEODd2npA" name="Homepage" messageKind="complete" messageSort="synchCall" sendEvent="EAID_FR000001110_D892_423c_850E_8109476FDED0" receiveEvent="EAID_FR000001112_D892_423c_850E_ZaAXDVeutZ8W"/>
<message xmi:type="uml:Message" xmi:id="EAID_049D1FF1_0B97_41fb_AC69_41AFMFSYiuZS" name="Showconfirmation" messageKind="complete" messageSort="synchCall" sendEvent="EAID_FR000001112_D892_423c_850E_ZaAXDVeutZ8W" receiveEvent="EAID_FR000001114_D892_423c_850E_e6kBwf5THvqo"/>
<message xmi:type="uml:Message" xmi:id="EAID_049D1FF1_0B97_41fb_AC69_41AFEXNRenc6" name="Allocatesourcesoffundingpage" messageKind="complete" messageSort="synchCall" sendEvent="EAID_FR000001114_D892_423c_850E_e6kBwf5THvqo" receiveEvent="EAID_FR0000019_D892_423c_850E_MjMAaupOwgRU"/>
<message xmi:type="uml:Message" xmi:id="EAID_049D1FF1_0B97_41fb_AC69_41AFyHy0ZlyI" name="Specifiesthesourcesoffundingandtheamount" messageKind="complete" messageSort="synchCall" sendEvent="EAID_FR0000019_D892_423c_850E_MjMAaupOwgRU" receiveEvent="EAID_FR0000019_D892_423c_850E_MjMAaupOwgRU"/>
<message xmi:type="uml:Message" xmi:id="EAID_049D1FF1_0B97_41fb_AC69_41AFeDtLCXr4" name="Showconfirmation" messageKind="complete" messageSort="synchCall" sendEvent="EAID_FR0000019_D892_423c_850E_MjMAaupOwgRU" receiveEvent="EAID_FR000001114_D892_423c_850E_e6kBwf5THvqo"/>
<message xmi:type="uml:Message" xmi:id="EAID_049D1FF1_0B97_41fb_AC69_41AFdZNt9jNz" name="Allocatesourcesoffundingpage" messageKind="complete" messageSort="synchCall" sendEvent="EAID_FR000001114_D892_423c_850E_e6kBwf5THvqo" receiveEvent="EAID_FR0000019_D892_423c_850E_MjMAaupOwgRU"/>
<message xmi:type="uml:Message" xmi:id="EAID_049D1FF1_0B97_41fb_AC69_41AFIOzKpZ1n" name="sourcesoffundingdb" messageKind="complete" messageSort="synchCall" sendEvent="EAID_FR0000019_D892_423c_850E_MjMAaupOwgRU" receiveEvent="EAID_FR0000019_D892_423c_850E_MjMAaupOwgRU"/>
<message xmi:type="uml:Message" xmi:id="EAID_049D1FF1_0B97_41fb_AC69_41AFwayWTkWa" name="Allocatesourcesoffundingpage" messageKind="complete" messageSort="synchCall" sendEvent="EAID_FR000001110_D892_423c_850E_8109476FDED0" receiveEvent="EAID_FR0000019_D892_423c_850E_MjMAaupOwgRU"/>
<message xmi:type="uml:Message" xmi:id="EAID_049D1FF1_0B97_41fb_AC69_41AF49V8pz6K" name="Specifiesthesourcesoffundingandtheamount" messageKind="complete" messageSort="synchCall" sendEvent="EAID_FR0000019_D892_423c_850E_MjMAaupOwgRU" receiveEvent="EAID_FR0000019_D892_423c_850E_MjMAaupOwgRU"/>
<message xmi:type="uml:Message" xmi:id="EAID_049D1FF1_0B97_41fb_AC69_41AFv7PZ1XT1" name="Exceptionalphasespage" messageKind="complete" messageSort="synchCall" sendEvent="EAID_FR000001110_D892_423c_850E_8109476FDED0" receiveEvent="EAID_FR000001115_D892_423c_850E_ltnhHqLKY2Fa"/>
<message xmi:type="uml:Message" xmi:id="EAID_049D1FF1_0B97_41fb_AC69_41AFjN8xUgcP" name="EntersexceptionalphasesintotheGUI" messageKind="complete" messageSort="synchCall" sendEvent="EAID_FR000001115_D892_423c_850E_ltnhHqLKY2Fa" receiveEvent="EAID_FR00000119_D892_423c_850E_4CLb2OK4nw2v"/>
<message xmi:type="uml:Message" xmi:id="EAID_049D1FF1_0B97_41fb_AC69_41AFA03kGnnU" name="Showconfirmation" messageKind="complete" messageSort="synchCall" sendEvent="EAID_FR00000119_D892_423c_850E_4CLb2OK4nw2v" receiveEvent="EAID_FR000001114_D892_423c_850E_e6kBwf5THvqo"/>
<message xmi:type="uml:Message" xmi:id="EAID_049D1FF1_0B97_41fb_AC69_41AF1zXbrNiD" name="Exceptionalphasespage" messageKind="complete" messageSort="synchCall" sendEvent="EAID_FR000001114_D892_423c_850E_e6kBwf5THvqo" receiveEvent="EAID_FR000001115_D892_423c_850E_ltnhHqLKY2Fa"/>
<message xmi:type="uml:Message" xmi:id="EAID_049D1FF1_0B97_41fb_AC69_41AFYOQFPshu" name="EntersexceptionalphasesintotheGUI" messageKind="complete" messageSort="synchCall" sendEvent="EAID_FR000001115_D892_423c_850E_ltnhHqLKY2Fa" receiveEvent="EAID_FR00000119_D892_423c_850E_4CLb2OK4nw2v"/>
<message xmi:type="uml:Message" xmi:id="EAID_049D1FF1_0B97_41fb_AC69_41AF4vfFhOfX" name="Homepage" messageKind="complete" messageSort="synchCall" sendEvent="EAID_FR000001110_D892_423c_850E_8109476FDED0" receiveEvent="EAID_FR000001112_D892_423c_850E_ZaAXDVeutZ8W"/>
<message xmi:type="uml:Message" xmi:id="EAID_049D1FF1_0B97_41fb_AC69_41AFbu8BkdHn" name="Showconfirmation" messageKind="complete" messageSort="synchCall" sendEvent="EAID_FR000001112_D892_423c_850E_ZaAXDVeutZ8W" receiveEvent="EAID_FR000001114_D892_423c_850E_e6kBwf5THvqo"/>
<message xmi:type="uml:Message" xmi:id="EAID_049D1FF1_0B97_41fb_AC69_41AFAGlTl33H" name="Exceptionalphasespage" messageKind="complete" messageSort="synchCall" sendEvent="EAID_FR000001114_D892_423c_850E_e6kBwf5THvqo" receiveEvent="EAID_FR000001115_D892_423c_850E_ltnhHqLKY2Fa"/>
</ownedBehavior>
<ownedAttribute xmi:type="uml:Property" xmi:id="EAID_AT000000_D892_423c_850E_ZaAXDVeutZ8W"/>
<ownedAttribute xmi:type="uml:Property" xmi:id="EAID_AT000000_D892_423c_850E_MjMAaupOwgRU"/>
<ownedAttribute xmi:type="uml:Property" xmi:id="EAID_AT000000_D892_423c_850E_ltnhHqLKY2Fa"/>
<ownedAttribute xmi:type="uml:Property" xmi:id="EAID_AT000000_D892_423c_850E_e6kBwf5THvqo"/>
<ownedAttribute xmi:type="uml:Property" xmi:id="EAID_AT000000_D892_423c_850E_4CLb2OK4nw2v"/>
<ownedAttribute xmi:type="uml:Property" xmi:id="EAID_AT000000_D892_423c_850E_8109476FDED0">
<type xmi:idref="EAID_9977D5D6_D839_4e85_9EF1_38844704F245"/>
					</ownedAttribute>
				</nestedClassifier>
			</packagedElement>
<packagedElement xmi:type="uml:Actor" xmi:id="EAID_9977D5D6_D839_4e85_9EF1_38844704F245" name="User" visibility="public"/>

<packagedElement xmi:type="uml:UseCase" xmi:id="EAID_586BCAF6_15CB_4a03_81A9_djGemU0xcCCA" name="Add Users2" visibility="public">
<nestedClassifier xmi:type="uml:Collaboration" xmi:id="EAID_CB000000_AF6_15CB_4a03_81A9_YLwkk0YE3xt" name="EA_Collaboration2" visibility="public">
<ownedBehavior xmi:type="uml:Interaction" xmi:id="EAID_IN000000_AF6_15CB_4a03_81A9_TVhj4X0Vz7Q" name="EA_Interaction2" visibility="public">
<lifeline xmi:type="uml:Lifeline" xmi:id="EAID_LL000000_D892_423c_850E_4CLb2OK4nw2v" name="User" visibility="public" represents="EAID_AT000000_D892_423c_850E_8109476FDED0"/>
<lifeline xmi:type="uml:Lifeline" xmi:id="EAID_7183D05E_D892_423c_850E_so6qdLaw2QX1" name="Budget Report" visibility="public" represents="EAID_AT000000_D892_423c_850E_so6qdLaw2QX1"/>
<lifeline xmi:type="uml:Lifeline" xmi:id="EAID_7183D05E_D892_423c_850E_jrmudRnIRbrB" name="XL2 Model" visibility="public" represents="EAID_AT000000_D892_423c_850E_jrmudRnIRbrB"/>
<lifeline xmi:type="uml:Lifeline" xmi:id="EAID_7183D05E_D892_423c_850E_tvcfomlTb4RL" name="Inverstment Information" visibility="public" represents="EAID_AT000000_D892_423c_850E_tvcfomlTb4RL"/>
<fragment xmi:type="uml:OccurrenceSpecification" xmi:id="EAID_FR000002_D892_423c_850E_4CLb2OK4nw2v" covered="EAID_LL000000_D892_423c_850E_4CLb2OK4nw2v"/>
<fragment xmi:type="uml:OccurrenceSpecification" xmi:id="EAID_FR000003_D892_423c_850E_so6qdLaw2QX1" covered="EAID_7183D05E_D892_423c_850E_so6qdLaw2QX1"/>
<fragment xmi:type="uml:OccurrenceSpecification" xmi:id="EAID_FR000004_D892_423c_850E_so6qdLaw2QX1" covered="EAID_7183D05E_D892_423c_850E_so6qdLaw2QX1"/>
<fragment xmi:type="uml:OccurrenceSpecification" xmi:id="EAID_FR000005_D892_423c_850E_tvcfomlTb4RL" covered="EAID_7183D05E_D892_423c_850E_tvcfomlTb4RL"/>
<fragment xmi:type="uml:OccurrenceSpecification" xmi:id="EAID_FR000006_D892_423c_850E_tvcfomlTb4RL" covered="EAID_7183D05E_D892_423c_850E_tvcfomlTb4RL"/>
<fragment xmi:type="uml:OccurrenceSpecification" xmi:id="EAID_FR000007_D892_423c_850E_jrmudRnIRbrB" covered="EAID_7183D05E_D892_423c_850E_jrmudRnIRbrB"/>
<fragment xmi:type="uml:OccurrenceSpecification" xmi:id="EAID_FR000008_D892_423c_850E_jrmudRnIRbrB" covered="EAID_7183D05E_D892_423c_850E_jrmudRnIRbrB"/>
<fragment xmi:type="uml:OccurrenceSpecification" xmi:id="EAID_FR000009_D892_423c_850E_jrmudRnIRbrB" covered="EAID_7183D05E_D892_423c_850E_jrmudRnIRbrB"/>
<fragment xmi:type="uml:OccurrenceSpecification" xmi:id="EAID_FR0000010_D892_423c_850E_jrmudRnIRbrB" covered="EAID_7183D05E_D892_423c_850E_jrmudRnIRbrB"/>
<fragment xmi:type="uml:OccurrenceSpecification" xmi:id="EAID_FR0000011_D892_423c_850E_jrmudRnIRbrB" covered="EAID_7183D05E_D892_423c_850E_jrmudRnIRbrB"/>
<fragment xmi:type="uml:OccurrenceSpecification" xmi:id="EAID_FR0000012_D892_423c_850E_jrmudRnIRbrB" covered="EAID_7183D05E_D892_423c_850E_jrmudRnIRbrB"/>
<fragment xmi:type="uml:OccurrenceSpecification" xmi:id="EAID_FR0000013_D892_423c_850E_tvcfomlTb4RL" covered="EAID_7183D05E_D892_423c_850E_tvcfomlTb4RL"/>
<fragment xmi:type="uml:OccurrenceSpecification" xmi:id="EAID_FR0000014_D892_423c_850E_tvcfomlTb4RL" covered="EAID_7183D05E_D892_423c_850E_tvcfomlTb4RL"/>
<fragment xmi:type="uml:OccurrenceSpecification" xmi:id="EAID_FR0000015_D892_423c_850E_jrmudRnIRbrB" covered="EAID_7183D05E_D892_423c_850E_jrmudRnIRbrB"/>
<fragment xmi:type="uml:OccurrenceSpecification" xmi:id="EAID_FR0000016_D892_423c_850E_4CLb2OK4nw2v" covered="EAID_LL000000_D892_423c_850E_4CLb2OK4nw2v"/>
<fragment xmi:type="uml:OccurrenceSpecification" xmi:id="EAID_FR0000017_D892_423c_850E_jrmudRnIRbrB" covered="EAID_7183D05E_D892_423c_850E_jrmudRnIRbrB"/>
<fragment xmi:type="uml:OccurrenceSpecification" xmi:id="EAID_FR0000018_D892_423c_850E_jrmudRnIRbrB" covered="EAID_7183D05E_D892_423c_850E_jrmudRnIRbrB"/>
<fragment xmi:type="uml:OccurrenceSpecification" xmi:id="EAID_FR0000019_D892_423c_850E_jrmudRnIRbrB" covered="EAID_7183D05E_D892_423c_850E_jrmudRnIRbrB"/>
<message xmi:type="uml:Message" xmi:id="EAID_049D1FF1_0B97_41fb_AC69_41AFlU1j0Is8" name="Homepage" messageKind="complete" messageSort="synchCall" sendEvent="EAID_FR0000016_D892_423c_850E_4CLb2OK4nw2v" receiveEvent="EAID_FR000004_D892_423c_850E_so6qdLaw2QX1"/>
<message xmi:type="uml:Message" xmi:id="EAID_049D1FF1_0B97_41fb_AC69_41AFPGW5Ya2M" name="Showconfirmation" messageKind="complete" messageSort="synchCall" sendEvent="EAID_FR000004_D892_423c_850E_so6qdLaw2QX1" receiveEvent="EAID_FR0000014_D892_423c_850E_tvcfomlTb4RL"/>
<message xmi:type="uml:Message" xmi:id="EAID_049D1FF1_0B97_41fb_AC69_41AF401fnXb5" name="SavePopulatedModelpage" messageKind="complete" messageSort="synchCall" sendEvent="EAID_FR0000014_D892_423c_850E_tvcfomlTb4RL" receiveEvent="EAID_FR0000019_D892_423c_850E_jrmudRnIRbrB"/>
<message xmi:type="uml:Message" xmi:id="EAID_049D1FF1_0B97_41fb_AC69_41AFnUdA29zL" name="Savethecompletedmodel" messageKind="complete" messageSort="synchCall" sendEvent="EAID_FR0000019_D892_423c_850E_jrmudRnIRbrB" receiveEvent="EAID_FR0000019_D892_423c_850E_jrmudRnIRbrB"/>
<message xmi:type="uml:Message" xmi:id="EAID_049D1FF1_0B97_41fb_AC69_41AFIDX9ccGQ" name="Modeldb" messageKind="complete" messageSort="synchCall" sendEvent="EAID_FR0000019_D892_423c_850E_jrmudRnIRbrB" receiveEvent="EAID_FR0000019_D892_423c_850E_jrmudRnIRbrB"/>
<message xmi:type="uml:Message" xmi:id="EAID_049D1FF1_0B97_41fb_AC69_41AFP8tiO0jR" name="Showconfirmation" messageKind="complete" messageSort="synchCall" sendEvent="EAID_FR0000019_D892_423c_850E_jrmudRnIRbrB" receiveEvent="EAID_FR0000014_D892_423c_850E_tvcfomlTb4RL"/>
<message xmi:type="uml:Message" xmi:id="EAID_049D1FF1_0B97_41fb_AC69_41AFhrii46iV" name="SavePopulatedModelpage" messageKind="complete" messageSort="synchCall" sendEvent="EAID_FR0000014_D892_423c_850E_tvcfomlTb4RL" receiveEvent="EAID_FR0000019_D892_423c_850E_jrmudRnIRbrB"/>
<message xmi:type="uml:Message" xmi:id="EAID_049D1FF1_0B97_41fb_AC69_41AFEgeB7WhV" name="SavePopulatedModelpage" messageKind="complete" messageSort="synchCall" sendEvent="EAID_FR0000016_D892_423c_850E_4CLb2OK4nw2v" receiveEvent="EAID_FR0000019_D892_423c_850E_jrmudRnIRbrB"/>
<message xmi:type="uml:Message" xmi:id="EAID_049D1FF1_0B97_41fb_AC69_41AFgUkkfglH" name="Savethecompletedmodel" messageKind="complete" messageSort="synchCall" sendEvent="EAID_FR0000019_D892_423c_850E_jrmudRnIRbrB" receiveEvent="EAID_FR0000019_D892_423c_850E_jrmudRnIRbrB"/>
</ownedBehavior>
<ownedAttribute xmi:type="uml:Property" xmi:id="EAID_AT000000_D892_423c_850E_so6qdLaw2QX1"/>
<ownedAttribute xmi:type="uml:Property" xmi:id="EAID_AT000000_D892_423c_850E_jrmudRnIRbrB"/>
<ownedAttribute xmi:type="uml:Property" xmi:id="EAID_AT000000_D892_423c_850E_tvcfomlTb4RL"/>
<ownedAttribute xmi:type="uml:Property" xmi:id="EAID_AT000000_D892_423c_850E_8109476FDED0">
<type xmi:idref="EAID_9977D5D6_D839_4e85_9EF1_OPW40lEniLK8"/>
					</ownedAttribute>
				</nestedClassifier>
			</packagedElement>
<packagedElement xmi:type="uml:Actor" xmi:id="EAID_9977D5D6_D839_4e85_9EF1_OPW40lEniLK8" name="User" visibility="public"/>

<packagedElement xmi:type="uml:UseCase" xmi:id="EAID_586BCAF6_15CB_4a03_81A9_pqdGIq2tfgp4" name="Add Users3" visibility="public">
<nestedClassifier xmi:type="uml:Collaboration" xmi:id="EAID_CB000000_AF6_15CB_4a03_81A9_Eo6NTNlGJoU" name="EA_Collaboration3" visibility="public">
<ownedBehavior xmi:type="uml:Interaction" xmi:id="EAID_IN000000_AF6_15CB_4a03_81A9_ltUbg6L63XW" name="EA_Interaction3" visibility="public">
<lifeline xmi:type="uml:Lifeline" xmi:id="EAID_LL000000_D892_423c_850E_tvcfomlTb4RL" name="User" visibility="public" represents="EAID_AT000000_D892_423c_850E_8109476FDED0"/>
<lifeline xmi:type="uml:Lifeline" xmi:id="EAID_7183D05E_D892_423c_850E_letsfsZa0ZfZ" name="Budget Report" visibility="public" represents="EAID_AT000000_D892_423c_850E_letsfsZa0ZfZ"/>
<lifeline xmi:type="uml:Lifeline" xmi:id="EAID_7183D05E_D892_423c_850E_yVxfz4SL8eQg" name="Cash Flow Report" visibility="public" represents="EAID_AT000000_D892_423c_850E_yVxfz4SL8eQg"/>
<lifeline xmi:type="uml:Lifeline" xmi:id="EAID_7183D05E_D892_423c_850E_ghwmBickiNRH" name="Inverstment Information" visibility="public" represents="EAID_AT000000_D892_423c_850E_ghwmBickiNRH"/>
<fragment xmi:type="uml:OccurrenceSpecification" xmi:id="EAID_FR000002_D892_423c_850E_tvcfomlTb4RL" covered="EAID_LL000000_D892_423c_850E_tvcfomlTb4RL"/>
<fragment xmi:type="uml:OccurrenceSpecification" xmi:id="EAID_FR000003_D892_423c_850E_letsfsZa0ZfZ" covered="EAID_7183D05E_D892_423c_850E_letsfsZa0ZfZ"/>
<fragment xmi:type="uml:OccurrenceSpecification" xmi:id="EAID_FR000004_D892_423c_850E_letsfsZa0ZfZ" covered="EAID_7183D05E_D892_423c_850E_letsfsZa0ZfZ"/>
<fragment xmi:type="uml:OccurrenceSpecification" xmi:id="EAID_FR000005_D892_423c_850E_ghwmBickiNRH" covered="EAID_7183D05E_D892_423c_850E_ghwmBickiNRH"/>
<fragment xmi:type="uml:OccurrenceSpecification" xmi:id="EAID_FR000006_D892_423c_850E_ghwmBickiNRH" covered="EAID_7183D05E_D892_423c_850E_ghwmBickiNRH"/>
<fragment xmi:type="uml:OccurrenceSpecification" xmi:id="EAID_FR000007_D892_423c_850E_yVxfz4SL8eQg" covered="EAID_7183D05E_D892_423c_850E_yVxfz4SL8eQg"/>
<fragment xmi:type="uml:OccurrenceSpecification" xmi:id="EAID_FR000008_D892_423c_850E_yVxfz4SL8eQg" covered="EAID_7183D05E_D892_423c_850E_yVxfz4SL8eQg"/>
<fragment xmi:type="uml:OccurrenceSpecification" xmi:id="EAID_FR000009_D892_423c_850E_yVxfz4SL8eQg" covered="EAID_7183D05E_D892_423c_850E_yVxfz4SL8eQg"/>
<fragment xmi:type="uml:OccurrenceSpecification" xmi:id="EAID_FR0000010_D892_423c_850E_yVxfz4SL8eQg" covered="EAID_7183D05E_D892_423c_850E_yVxfz4SL8eQg"/>
<fragment xmi:type="uml:OccurrenceSpecification" xmi:id="EAID_FR0000011_D892_423c_850E_ghwmBickiNRH" covered="EAID_7183D05E_D892_423c_850E_ghwmBickiNRH"/>
<fragment xmi:type="uml:OccurrenceSpecification" xmi:id="EAID_FR0000012_D892_423c_850E_ghwmBickiNRH" covered="EAID_7183D05E_D892_423c_850E_ghwmBickiNRH"/>
<fragment xmi:type="uml:OccurrenceSpecification" xmi:id="EAID_FR0000013_D892_423c_850E_yVxfz4SL8eQg" covered="EAID_7183D05E_D892_423c_850E_yVxfz4SL8eQg"/>
<fragment xmi:type="uml:OccurrenceSpecification" xmi:id="EAID_FR0000014_D892_423c_850E_yVxfz4SL8eQg" covered="EAID_7183D05E_D892_423c_850E_yVxfz4SL8eQg"/>
<fragment xmi:type="uml:OccurrenceSpecification" xmi:id="EAID_FR0000015_D892_423c_850E_yVxfz4SL8eQg" covered="EAID_7183D05E_D892_423c_850E_yVxfz4SL8eQg"/>
<fragment xmi:type="uml:OccurrenceSpecification" xmi:id="EAID_FR0000016_D892_423c_850E_tvcfomlTb4RL" covered="EAID_LL000000_D892_423c_850E_tvcfomlTb4RL"/>
<fragment xmi:type="uml:OccurrenceSpecification" xmi:id="EAID_FR0000017_D892_423c_850E_yVxfz4SL8eQg" covered="EAID_7183D05E_D892_423c_850E_yVxfz4SL8eQg"/>
<fragment xmi:type="uml:OccurrenceSpecification" xmi:id="EAID_FR0000018_D892_423c_850E_yVxfz4SL8eQg" covered="EAID_7183D05E_D892_423c_850E_yVxfz4SL8eQg"/>
<fragment xmi:type="uml:OccurrenceSpecification" xmi:id="EAID_FR0000019_D892_423c_850E_yVxfz4SL8eQg" covered="EAID_7183D05E_D892_423c_850E_yVxfz4SL8eQg"/>
<message xmi:type="uml:Message" xmi:id="EAID_049D1FF1_0B97_41fb_AC69_41AFBgr2OsSK" name="Homepage" messageKind="complete" messageSort="synchCall" sendEvent="EAID_FR0000016_D892_423c_850E_tvcfomlTb4RL" receiveEvent="EAID_FR000004_D892_423c_850E_letsfsZa0ZfZ"/>
<message xmi:type="uml:Message" xmi:id="EAID_049D1FF1_0B97_41fb_AC69_41AFrdlSlzAs" name="Showconfirmation" messageKind="complete" messageSort="synchCall" sendEvent="EAID_FR000004_D892_423c_850E_letsfsZa0ZfZ" receiveEvent="EAID_FR0000012_D892_423c_850E_ghwmBickiNRH"/>
<message xmi:type="uml:Message" xmi:id="EAID_049D1FF1_0B97_41fb_AC69_41AF6bpbSviX" name="Generatecashflowreportpage" messageKind="complete" messageSort="synchCall" sendEvent="EAID_FR0000012_D892_423c_850E_ghwmBickiNRH" receiveEvent="EAID_FR0000019_D892_423c_850E_yVxfz4SL8eQg"/>
<message xmi:type="uml:Message" xmi:id="EAID_049D1FF1_0B97_41fb_AC69_41AF20ursWLL" name="populatesthemodelandRequestsacashflowanalysisreport" messageKind="complete" messageSort="synchCall" sendEvent="EAID_FR0000019_D892_423c_850E_yVxfz4SL8eQg" receiveEvent="EAID_FR0000019_D892_423c_850E_yVxfz4SL8eQg"/>
<message xmi:type="uml:Message" xmi:id="EAID_049D1FF1_0B97_41fb_AC69_41AFFd3CxrqM" name="Showconfirmation" messageKind="complete" messageSort="synchCall" sendEvent="EAID_FR0000019_D892_423c_850E_yVxfz4SL8eQg" receiveEvent="EAID_FR0000012_D892_423c_850E_ghwmBickiNRH"/>
<message xmi:type="uml:Message" xmi:id="EAID_049D1FF1_0B97_41fb_AC69_41AF8uOaElCm" name="Generatecashflowreportpage" messageKind="complete" messageSort="synchCall" sendEvent="EAID_FR0000012_D892_423c_850E_ghwmBickiNRH" receiveEvent="EAID_FR0000019_D892_423c_850E_yVxfz4SL8eQg"/>
<message xmi:type="uml:Message" xmi:id="EAID_049D1FF1_0B97_41fb_AC69_41AF3OTFE5Sx" name="cashflowreportdb" messageKind="complete" messageSort="synchCall" sendEvent="EAID_FR0000019_D892_423c_850E_yVxfz4SL8eQg" receiveEvent="EAID_FR0000019_D892_423c_850E_yVxfz4SL8eQg"/>
<message xmi:type="uml:Message" xmi:id="EAID_049D1FF1_0B97_41fb_AC69_41AFblKeTp3p" name="Generatecashflowreportpage" messageKind="complete" messageSort="synchCall" sendEvent="EAID_FR0000016_D892_423c_850E_tvcfomlTb4RL" receiveEvent="EAID_FR0000019_D892_423c_850E_yVxfz4SL8eQg"/>
<message xmi:type="uml:Message" xmi:id="EAID_049D1FF1_0B97_41fb_AC69_41AFLRf9LOos" name="populatesthemodelandRequestsacashflowanalysisreport" messageKind="complete" messageSort="synchCall" sendEvent="EAID_FR0000019_D892_423c_850E_yVxfz4SL8eQg" receiveEvent="EAID_FR0000019_D892_423c_850E_yVxfz4SL8eQg"/>
</ownedBehavior>
<ownedAttribute xmi:type="uml:Property" xmi:id="EAID_AT000000_D892_423c_850E_letsfsZa0ZfZ"/>
<ownedAttribute xmi:type="uml:Property" xmi:id="EAID_AT000000_D892_423c_850E_yVxfz4SL8eQg"/>
<ownedAttribute xmi:type="uml:Property" xmi:id="EAID_AT000000_D892_423c_850E_ghwmBickiNRH"/>
<ownedAttribute xmi:type="uml:Property" xmi:id="EAID_AT000000_D892_423c_850E_8109476FDED0">
<type xmi:idref="EAID_9977D5D6_D839_4e85_9EF1_zZeq1HuptAfl"/>
					</ownedAttribute>
				</nestedClassifier>
			</packagedElement>
<packagedElement xmi:type="uml:Actor" xmi:id="EAID_9977D5D6_D839_4e85_9EF1_zZeq1HuptAfl" name="User" visibility="public"/>

<packagedElement xmi:type="uml:UseCase" xmi:id="EAID_586BCAF6_15CB_4a03_81A9_fn3hrpRtBm3o" name="Add Users4" visibility="public">
<nestedClassifier xmi:type="uml:Collaboration" xmi:id="EAID_CB000000_AF6_15CB_4a03_81A9_d2sxucRXnjT" name="EA_Collaboration4" visibility="public">
<ownedBehavior xmi:type="uml:Interaction" xmi:id="EAID_IN000000_AF6_15CB_4a03_81A9_tztklRbnrQL" name="EA_Interaction4" visibility="public">
<lifeline xmi:type="uml:Lifeline" xmi:id="EAID_LL000000_D892_423c_850E_ghwmBickiNRH" name="User" visibility="public" represents="EAID_AT000000_D892_423c_850E_8109476FDED0"/>
<lifeline xmi:type="uml:Lifeline" xmi:id="EAID_7183D05E_D892_423c_850E_6cDhJWGFYfGv" name="Revenue assumptions" visibility="public" represents="EAID_AT000000_D892_423c_850E_6cDhJWGFYfGv"/>
<lifeline xmi:type="uml:Lifeline" xmi:id="EAID_7183D05E_D892_423c_850E_LfyKGYwM3TEz" name="Budget Report" visibility="public" represents="EAID_AT000000_D892_423c_850E_LfyKGYwM3TEz"/>
<lifeline xmi:type="uml:Lifeline" xmi:id="EAID_7183D05E_D892_423c_850E_W5kxKYamYhtW" name="Inverstment Information" visibility="public" represents="EAID_AT000000_D892_423c_850E_W5kxKYamYhtW"/>
<fragment xmi:type="uml:OccurrenceSpecification" xmi:id="EAID_FR000002_D892_423c_850E_ghwmBickiNRH" covered="EAID_LL000000_D892_423c_850E_ghwmBickiNRH"/>
<fragment xmi:type="uml:OccurrenceSpecification" xmi:id="EAID_FR000003_D892_423c_850E_6cDhJWGFYfGv" covered="EAID_7183D05E_D892_423c_850E_6cDhJWGFYfGv"/>
<fragment xmi:type="uml:OccurrenceSpecification" xmi:id="EAID_FR000004_D892_423c_850E_6cDhJWGFYfGv" covered="EAID_7183D05E_D892_423c_850E_6cDhJWGFYfGv"/>
<fragment xmi:type="uml:OccurrenceSpecification" xmi:id="EAID_FR000005_D892_423c_850E_6cDhJWGFYfGv" covered="EAID_7183D05E_D892_423c_850E_6cDhJWGFYfGv"/>
<fragment xmi:type="uml:OccurrenceSpecification" xmi:id="EAID_FR000006_D892_423c_850E_6cDhJWGFYfGv" covered="EAID_7183D05E_D892_423c_850E_6cDhJWGFYfGv"/>
<fragment xmi:type="uml:OccurrenceSpecification" xmi:id="EAID_FR000007_D892_423c_850E_W5kxKYamYhtW" covered="EAID_7183D05E_D892_423c_850E_W5kxKYamYhtW"/>
<fragment xmi:type="uml:OccurrenceSpecification" xmi:id="EAID_FR000008_D892_423c_850E_W5kxKYamYhtW" covered="EAID_7183D05E_D892_423c_850E_W5kxKYamYhtW"/>
<fragment xmi:type="uml:OccurrenceSpecification" xmi:id="EAID_FR000009_D892_423c_850E_6cDhJWGFYfGv" covered="EAID_7183D05E_D892_423c_850E_6cDhJWGFYfGv"/>
<fragment xmi:type="uml:OccurrenceSpecification" xmi:id="EAID_FR0000010_D892_423c_850E_6cDhJWGFYfGv" covered="EAID_7183D05E_D892_423c_850E_6cDhJWGFYfGv"/>
<fragment xmi:type="uml:OccurrenceSpecification" xmi:id="EAID_FR0000011_D892_423c_850E_6cDhJWGFYfGv" covered="EAID_7183D05E_D892_423c_850E_6cDhJWGFYfGv"/>
<fragment xmi:type="uml:OccurrenceSpecification" xmi:id="EAID_FR0000012_D892_423c_850E_ghwmBickiNRH" covered="EAID_LL000000_D892_423c_850E_ghwmBickiNRH"/>
<fragment xmi:type="uml:OccurrenceSpecification" xmi:id="EAID_FR0000013_D892_423c_850E_LfyKGYwM3TEz" covered="EAID_7183D05E_D892_423c_850E_LfyKGYwM3TEz"/>
<fragment xmi:type="uml:OccurrenceSpecification" xmi:id="EAID_FR0000014_D892_423c_850E_LfyKGYwM3TEz" covered="EAID_7183D05E_D892_423c_850E_LfyKGYwM3TEz"/>
<fragment xmi:type="uml:OccurrenceSpecification" xmi:id="EAID_FR0000015_D892_423c_850E_W5kxKYamYhtW" covered="EAID_7183D05E_D892_423c_850E_W5kxKYamYhtW"/>
<fragment xmi:type="uml:OccurrenceSpecification" xmi:id="EAID_FR0000016_D892_423c_850E_W5kxKYamYhtW" covered="EAID_7183D05E_D892_423c_850E_W5kxKYamYhtW"/>
<fragment xmi:type="uml:OccurrenceSpecification" xmi:id="EAID_FR0000017_D892_423c_850E_6cDhJWGFYfGv" covered="EAID_7183D05E_D892_423c_850E_6cDhJWGFYfGv"/>
<message xmi:type="uml:Message" xmi:id="EAID_049D1FF1_0B97_41fb_AC69_41AFtYYfDF4Z" name="EnterRevenueAssumptionspage" messageKind="complete" messageSort="synchCall" sendEvent="EAID_FR0000012_D892_423c_850E_ghwmBickiNRH" receiveEvent="EAID_FR0000017_D892_423c_850E_6cDhJWGFYfGv"/>
<message xmi:type="uml:Message" xmi:id="EAID_049D1FF1_0B97_41fb_AC69_41AFZoaGYHJu" name="EntersRevenueAssumptionsintotheGUI" messageKind="complete" messageSort="synchCall" sendEvent="EAID_FR0000017_D892_423c_850E_6cDhJWGFYfGv" receiveEvent="EAID_FR0000017_D892_423c_850E_6cDhJWGFYfGv"/>
<message xmi:type="uml:Message" xmi:id="EAID_049D1FF1_0B97_41fb_AC69_41AFBuseNfp0" name="Showconfirmation" messageKind="complete" messageSort="synchCall" sendEvent="EAID_FR0000017_D892_423c_850E_6cDhJWGFYfGv" receiveEvent="EAID_FR0000016_D892_423c_850E_W5kxKYamYhtW"/>
<message xmi:type="uml:Message" xmi:id="EAID_049D1FF1_0B97_41fb_AC69_41AFmBb7Vmwp" name="EnterRevenueAssumptionspage" messageKind="complete" messageSort="synchCall" sendEvent="EAID_FR0000016_D892_423c_850E_W5kxKYamYhtW" receiveEvent="EAID_FR0000017_D892_423c_850E_6cDhJWGFYfGv"/>
<message xmi:type="uml:Message" xmi:id="EAID_049D1FF1_0B97_41fb_AC69_41AF17eVmdPz" name="EntersRevenueAssumptionsintotheGUI" messageKind="complete" messageSort="synchCall" sendEvent="EAID_FR0000017_D892_423c_850E_6cDhJWGFYfGv" receiveEvent="EAID_FR0000017_D892_423c_850E_6cDhJWGFYfGv"/>
<message xmi:type="uml:Message" xmi:id="EAID_049D1FF1_0B97_41fb_AC69_41AFKtHDI34i" name="Homepage" messageKind="complete" messageSort="synchCall" sendEvent="EAID_FR0000012_D892_423c_850E_ghwmBickiNRH" receiveEvent="EAID_FR0000014_D892_423c_850E_LfyKGYwM3TEz"/>
<message xmi:type="uml:Message" xmi:id="EAID_049D1FF1_0B97_41fb_AC69_41AF4FjhXp0N" name="Showconfirmation" messageKind="complete" messageSort="synchCall" sendEvent="EAID_FR0000014_D892_423c_850E_LfyKGYwM3TEz" receiveEvent="EAID_FR0000016_D892_423c_850E_W5kxKYamYhtW"/>
<message xmi:type="uml:Message" xmi:id="EAID_049D1FF1_0B97_41fb_AC69_41AFvx4o2YHn" name="EnterRevenueAssumptionspage" messageKind="complete" messageSort="synchCall" sendEvent="EAID_FR0000016_D892_423c_850E_W5kxKYamYhtW" receiveEvent="EAID_FR0000017_D892_423c_850E_6cDhJWGFYfGv"/>
</ownedBehavior>
<ownedAttribute xmi:type="uml:Property" xmi:id="EAID_AT000000_D892_423c_850E_6cDhJWGFYfGv"/>
<ownedAttribute xmi:type="uml:Property" xmi:id="EAID_AT000000_D892_423c_850E_LfyKGYwM3TEz"/>
<ownedAttribute xmi:type="uml:Property" xmi:id="EAID_AT000000_D892_423c_850E_W5kxKYamYhtW"/>
<ownedAttribute xmi:type="uml:Property" xmi:id="EAID_AT000000_D892_423c_850E_8109476FDED0">
<type xmi:idref="EAID_9977D5D6_D839_4e85_9EF1_LEElRJZoFTcp"/>
					</ownedAttribute>
				</nestedClassifier>
			</packagedElement>
<packagedElement xmi:type="uml:Actor" xmi:id="EAID_9977D5D6_D839_4e85_9EF1_LEElRJZoFTcp" name="User" visibility="public"/>

<packagedElement xmi:type="uml:UseCase" xmi:id="EAID_586BCAF6_15CB_4a03_81A9_X2kh3zadcbWp" name="Add Users5" visibility="public">
<nestedClassifier xmi:type="uml:Collaboration" xmi:id="EAID_CB000000_AF6_15CB_4a03_81A9_iW2rFZzZh2x" name="EA_Collaboration5" visibility="public">
<ownedBehavior xmi:type="uml:Interaction" xmi:id="EAID_IN000000_AF6_15CB_4a03_81A9_AXD848tDGTH" name="EA_Interaction5" visibility="public">
<lifeline xmi:type="uml:Lifeline" xmi:id="EAID_LL000000_D892_423c_850E_W5kxKYamYhtW" name="User" visibility="public" represents="EAID_AT000000_D892_423c_850E_8109476FDED0"/>
<lifeline xmi:type="uml:Lifeline" xmi:id="EAID_7183D05E_D892_423c_850E_F2xz4Y1YsCAN" name="Budget Report" visibility="public" represents="EAID_AT000000_D892_423c_850E_F2xz4Y1YsCAN"/>
<lifeline xmi:type="uml:Lifeline" xmi:id="EAID_7183D05E_D892_423c_850E_TNgTwNXqWi6v" name="Inverstment Information" visibility="public" represents="EAID_AT000000_D892_423c_850E_TNgTwNXqWi6v"/>
<fragment xmi:type="uml:OccurrenceSpecification" xmi:id="EAID_FR000002_D892_423c_850E_W5kxKYamYhtW" covered="EAID_LL000000_D892_423c_850E_W5kxKYamYhtW"/>
<fragment xmi:type="uml:OccurrenceSpecification" xmi:id="EAID_FR000003_D892_423c_850E_F2xz4Y1YsCAN" covered="EAID_7183D05E_D892_423c_850E_F2xz4Y1YsCAN"/>
<fragment xmi:type="uml:OccurrenceSpecification" xmi:id="EAID_FR000004_D892_423c_850E_F2xz4Y1YsCAN" covered="EAID_7183D05E_D892_423c_850E_F2xz4Y1YsCAN"/>
<fragment xmi:type="uml:OccurrenceSpecification" xmi:id="EAID_FR000005_D892_423c_850E_F2xz4Y1YsCAN" covered="EAID_7183D05E_D892_423c_850E_F2xz4Y1YsCAN"/>
<fragment xmi:type="uml:OccurrenceSpecification" xmi:id="EAID_FR000006_D892_423c_850E_F2xz4Y1YsCAN" covered="EAID_7183D05E_D892_423c_850E_F2xz4Y1YsCAN"/>
<fragment xmi:type="uml:OccurrenceSpecification" xmi:id="EAID_FR000007_D892_423c_850E_F2xz4Y1YsCAN" covered="EAID_7183D05E_D892_423c_850E_F2xz4Y1YsCAN"/>
<fragment xmi:type="uml:OccurrenceSpecification" xmi:id="EAID_FR000008_D892_423c_850E_F2xz4Y1YsCAN" covered="EAID_7183D05E_D892_423c_850E_F2xz4Y1YsCAN"/>
<fragment xmi:type="uml:OccurrenceSpecification" xmi:id="EAID_FR000009_D892_423c_850E_TNgTwNXqWi6v" covered="EAID_7183D05E_D892_423c_850E_TNgTwNXqWi6v"/>
<fragment xmi:type="uml:OccurrenceSpecification" xmi:id="EAID_FR0000010_D892_423c_850E_TNgTwNXqWi6v" covered="EAID_7183D05E_D892_423c_850E_TNgTwNXqWi6v"/>
<fragment xmi:type="uml:OccurrenceSpecification" xmi:id="EAID_FR0000011_D892_423c_850E_F2xz4Y1YsCAN" covered="EAID_7183D05E_D892_423c_850E_F2xz4Y1YsCAN"/>
<fragment xmi:type="uml:OccurrenceSpecification" xmi:id="EAID_FR0000012_D892_423c_850E_F2xz4Y1YsCAN" covered="EAID_7183D05E_D892_423c_850E_F2xz4Y1YsCAN"/>
<fragment xmi:type="uml:OccurrenceSpecification" xmi:id="EAID_FR0000013_D892_423c_850E_F2xz4Y1YsCAN" covered="EAID_7183D05E_D892_423c_850E_F2xz4Y1YsCAN"/>
<fragment xmi:type="uml:OccurrenceSpecification" xmi:id="EAID_FR0000014_D892_423c_850E_W5kxKYamYhtW" covered="EAID_LL000000_D892_423c_850E_W5kxKYamYhtW"/>
<fragment xmi:type="uml:OccurrenceSpecification" xmi:id="EAID_FR0000015_D892_423c_850E_F2xz4Y1YsCAN" covered="EAID_7183D05E_D892_423c_850E_F2xz4Y1YsCAN"/>
<fragment xmi:type="uml:OccurrenceSpecification" xmi:id="EAID_FR0000016_D892_423c_850E_F2xz4Y1YsCAN" covered="EAID_7183D05E_D892_423c_850E_F2xz4Y1YsCAN"/>
<fragment xmi:type="uml:OccurrenceSpecification" xmi:id="EAID_FR0000017_D892_423c_850E_TNgTwNXqWi6v" covered="EAID_7183D05E_D892_423c_850E_TNgTwNXqWi6v"/>
<fragment xmi:type="uml:OccurrenceSpecification" xmi:id="EAID_FR0000018_D892_423c_850E_TNgTwNXqWi6v" covered="EAID_7183D05E_D892_423c_850E_TNgTwNXqWi6v"/>
<fragment xmi:type="uml:OccurrenceSpecification" xmi:id="EAID_FR0000019_D892_423c_850E_F2xz4Y1YsCAN" covered="EAID_7183D05E_D892_423c_850E_F2xz4Y1YsCAN"/>
<message xmi:type="uml:Message" xmi:id="EAID_049D1FF1_0B97_41fb_AC69_41AFpmIElhMh" name="Generatebudgetreportspage" messageKind="complete" messageSort="synchCall" sendEvent="EAID_FR0000014_D892_423c_850E_W5kxKYamYhtW" receiveEvent="EAID_FR0000019_D892_423c_850E_F2xz4Y1YsCAN"/>
<message xmi:type="uml:Message" xmi:id="EAID_049D1FF1_0B97_41fb_AC69_41AFEcxx5Uy9" name="requestsabudgetreportforanewlypopulatedmodel" messageKind="complete" messageSort="synchCall" sendEvent="EAID_FR0000019_D892_423c_850E_F2xz4Y1YsCAN" receiveEvent="EAID_FR0000019_D892_423c_850E_F2xz4Y1YsCAN"/>
<message xmi:type="uml:Message" xmi:id="EAID_049D1FF1_0B97_41fb_AC69_41AFS3cmnz0r" name="BudgetReportdb" messageKind="complete" messageSort="synchCall" sendEvent="EAID_FR0000019_D892_423c_850E_F2xz4Y1YsCAN" receiveEvent="EAID_FR0000019_D892_423c_850E_F2xz4Y1YsCAN"/>
<message xmi:type="uml:Message" xmi:id="EAID_049D1FF1_0B97_41fb_AC69_41AFfmQVc3TC" name="Showconfirmation" messageKind="complete" messageSort="synchCall" sendEvent="EAID_FR0000019_D892_423c_850E_F2xz4Y1YsCAN" receiveEvent="EAID_FR0000018_D892_423c_850E_TNgTwNXqWi6v"/>
<message xmi:type="uml:Message" xmi:id="EAID_049D1FF1_0B97_41fb_AC69_41AFlLmPSvtX" name="Generatebudgetreportspage" messageKind="complete" messageSort="synchCall" sendEvent="EAID_FR0000018_D892_423c_850E_TNgTwNXqWi6v" receiveEvent="EAID_FR0000019_D892_423c_850E_F2xz4Y1YsCAN"/>
<message xmi:type="uml:Message" xmi:id="EAID_049D1FF1_0B97_41fb_AC69_41AFfu1d5yFN" name="requestsabudgetreportforanewlypopulatedmodel" messageKind="complete" messageSort="synchCall" sendEvent="EAID_FR0000019_D892_423c_850E_F2xz4Y1YsCAN" receiveEvent="EAID_FR0000019_D892_423c_850E_F2xz4Y1YsCAN"/>
<message xmi:type="uml:Message" xmi:id="EAID_049D1FF1_0B97_41fb_AC69_41AFne4mxMkg" name="Homepage" messageKind="complete" messageSort="synchCall" sendEvent="EAID_FR0000014_D892_423c_850E_W5kxKYamYhtW" receiveEvent="EAID_FR0000019_D892_423c_850E_F2xz4Y1YsCAN"/>
<message xmi:type="uml:Message" xmi:id="EAID_049D1FF1_0B97_41fb_AC69_41AFhcyonQMo" name="Showconfirmation" messageKind="complete" messageSort="synchCall" sendEvent="EAID_FR0000019_D892_423c_850E_F2xz4Y1YsCAN" receiveEvent="EAID_FR0000018_D892_423c_850E_TNgTwNXqWi6v"/>
<message xmi:type="uml:Message" xmi:id="EAID_049D1FF1_0B97_41fb_AC69_41AFqGYN8i4w" name="Generatebudgetreportspage" messageKind="complete" messageSort="synchCall" sendEvent="EAID_FR0000018_D892_423c_850E_TNgTwNXqWi6v" receiveEvent="EAID_FR0000019_D892_423c_850E_F2xz4Y1YsCAN"/>
</ownedBehavior>
<ownedAttribute xmi:type="uml:Property" xmi:id="EAID_AT000000_D892_423c_850E_F2xz4Y1YsCAN"/>
<ownedAttribute xmi:type="uml:Property" xmi:id="EAID_AT000000_D892_423c_850E_TNgTwNXqWi6v"/>
<ownedAttribute xmi:type="uml:Property" xmi:id="EAID_AT000000_D892_423c_850E_8109476FDED0">
<type xmi:idref="EAID_9977D5D6_D839_4e85_9EF1_OKZuutO3KoTG"/>
					</ownedAttribute>
				</nestedClassifier>
			</packagedElement>
<packagedElement xmi:type="uml:Actor" xmi:id="EAID_9977D5D6_D839_4e85_9EF1_OKZuutO3KoTG" name="User" visibility="public"/>

<packagedElement xmi:type="uml:UseCase" xmi:id="EAID_586BCAF6_15CB_4a03_81A9_T9KarqccLbt6" name="Add Users6" visibility="public">
<nestedClassifier xmi:type="uml:Collaboration" xmi:id="EAID_CB000000_AF6_15CB_4a03_81A9_4BX9yadnj3C" name="EA_Collaboration6" visibility="public">
<ownedBehavior xmi:type="uml:Interaction" xmi:id="EAID_IN000000_AF6_15CB_4a03_81A9_KXcjiRAKfqN" name="EA_Interaction6" visibility="public">
<lifeline xmi:type="uml:Lifeline" xmi:id="EAID_LL000000_D892_423c_850E_TNgTwNXqWi6v" name="User" visibility="public" represents="EAID_AT000000_D892_423c_850E_8109476FDED0"/>
<lifeline xmi:type="uml:Lifeline" xmi:id="EAID_7183D05E_D892_423c_850E_omlX1tvqUBTm" name="Budget Report" visibility="public" represents="EAID_AT000000_D892_423c_850E_omlX1tvqUBTm"/>
<lifeline xmi:type="uml:Lifeline" xmi:id="EAID_7183D05E_D892_423c_850E_pgjEJWpSX1I9" name="AdjusttheCostsDistributionpage" visibility="public" represents="EAID_AT000000_D892_423c_850E_pgjEJWpSX1I9"/>
<lifeline xmi:type="uml:Lifeline" xmi:id="EAID_7183D05E_D892_423c_850E_6VbubgAlD2d1" name="Inverstment Information" visibility="public" represents="EAID_AT000000_D892_423c_850E_6VbubgAlD2d1"/>
<fragment xmi:type="uml:OccurrenceSpecification" xmi:id="EAID_FR000002_D892_423c_850E_TNgTwNXqWi6v" covered="EAID_LL000000_D892_423c_850E_TNgTwNXqWi6v"/>
<fragment xmi:type="uml:OccurrenceSpecification" xmi:id="EAID_FR000003_D892_423c_850E_omlX1tvqUBTm" covered="EAID_7183D05E_D892_423c_850E_omlX1tvqUBTm"/>
<fragment xmi:type="uml:OccurrenceSpecification" xmi:id="EAID_FR000004_D892_423c_850E_omlX1tvqUBTm" covered="EAID_7183D05E_D892_423c_850E_omlX1tvqUBTm"/>
<fragment xmi:type="uml:OccurrenceSpecification" xmi:id="EAID_FR000005_D892_423c_850E_6VbubgAlD2d1" covered="EAID_7183D05E_D892_423c_850E_6VbubgAlD2d1"/>
<fragment xmi:type="uml:OccurrenceSpecification" xmi:id="EAID_FR000006_D892_423c_850E_6VbubgAlD2d1" covered="EAID_7183D05E_D892_423c_850E_6VbubgAlD2d1"/>
<fragment xmi:type="uml:OccurrenceSpecification" xmi:id="EAID_FR000007_D892_423c_850E_pgjEJWpSX1I9" covered="EAID_7183D05E_D892_423c_850E_pgjEJWpSX1I9"/>
<fragment xmi:type="uml:OccurrenceSpecification" xmi:id="EAID_FR000008_D892_423c_850E_pgjEJWpSX1I9" covered="EAID_7183D05E_D892_423c_850E_pgjEJWpSX1I9"/>
<fragment xmi:type="uml:OccurrenceSpecification" xmi:id="EAID_FR000009_D892_423c_850E_6VbubgAlD2d1" covered="EAID_7183D05E_D892_423c_850E_6VbubgAlD2d1"/>
<fragment xmi:type="uml:OccurrenceSpecification" xmi:id="EAID_FR0000010_D892_423c_850E_6VbubgAlD2d1" covered="EAID_7183D05E_D892_423c_850E_6VbubgAlD2d1"/>
<fragment xmi:type="uml:OccurrenceSpecification" xmi:id="EAID_FR0000011_D892_423c_850E_pgjEJWpSX1I9" covered="EAID_7183D05E_D892_423c_850E_pgjEJWpSX1I9"/>
<fragment xmi:type="uml:OccurrenceSpecification" xmi:id="EAID_FR0000012_D892_423c_850E_6VbubgAlD2d1" covered="EAID_7183D05E_D892_423c_850E_6VbubgAlD2d1"/>
<fragment xmi:type="uml:OccurrenceSpecification" xmi:id="EAID_FR0000013_D892_423c_850E_6VbubgAlD2d1" covered="EAID_7183D05E_D892_423c_850E_6VbubgAlD2d1"/>
<fragment xmi:type="uml:OccurrenceSpecification" xmi:id="EAID_FR0000014_D892_423c_850E_6VbubgAlD2d1" covered="EAID_7183D05E_D892_423c_850E_6VbubgAlD2d1"/>
<fragment xmi:type="uml:OccurrenceSpecification" xmi:id="EAID_FR0000015_D892_423c_850E_pgjEJWpSX1I9" covered="EAID_7183D05E_D892_423c_850E_pgjEJWpSX1I9"/>
<fragment xmi:type="uml:OccurrenceSpecification" xmi:id="EAID_FR0000016_D892_423c_850E_TNgTwNXqWi6v" covered="EAID_LL000000_D892_423c_850E_TNgTwNXqWi6v"/>
<fragment xmi:type="uml:OccurrenceSpecification" xmi:id="EAID_FR0000017_D892_423c_850E_pgjEJWpSX1I9" covered="EAID_7183D05E_D892_423c_850E_pgjEJWpSX1I9"/>
<fragment xmi:type="uml:OccurrenceSpecification" xmi:id="EAID_FR0000018_D892_423c_850E_pgjEJWpSX1I9" covered="EAID_7183D05E_D892_423c_850E_pgjEJWpSX1I9"/>
<fragment xmi:type="uml:OccurrenceSpecification" xmi:id="EAID_FR0000019_D892_423c_850E_6VbubgAlD2d1" covered="EAID_7183D05E_D892_423c_850E_6VbubgAlD2d1"/>
<message xmi:type="uml:Message" xmi:id="EAID_049D1FF1_0B97_41fb_AC69_41AFtNZ2kpwn" name="Homepage" messageKind="complete" messageSort="synchCall" sendEvent="EAID_FR0000016_D892_423c_850E_TNgTwNXqWi6v" receiveEvent="EAID_FR000004_D892_423c_850E_omlX1tvqUBTm"/>
<message xmi:type="uml:Message" xmi:id="EAID_049D1FF1_0B97_41fb_AC69_41AFKkZzs3Xa" name="Showconfirmation" messageKind="complete" messageSort="synchCall" sendEvent="EAID_FR000004_D892_423c_850E_omlX1tvqUBTm" receiveEvent="EAID_FR0000019_D892_423c_850E_6VbubgAlD2d1"/>
<message xmi:type="uml:Message" xmi:id="EAID_049D1FF1_0B97_41fb_AC69_41AF2gHJIfZs" name="AdjusttheCostsDistributionpage" messageKind="complete" messageSort="synchCall" sendEvent="EAID_FR0000019_D892_423c_850E_6VbubgAlD2d1" receiveEvent="EAID_FR0000018_D892_423c_850E_pgjEJWpSX1I9"/>
<message xmi:type="uml:Message" xmi:id="EAID_049D1FF1_0B97_41fb_AC69_41AFskyQWHZg" name="Enterstheamountofthecost" messageKind="complete" messageSort="synchCall" sendEvent="EAID_FR0000018_D892_423c_850E_pgjEJWpSX1I9" receiveEvent="EAID_FR0000019_D892_423c_850E_6VbubgAlD2d1"/>
<message xmi:type="uml:Message" xmi:id="EAID_049D1FF1_0B97_41fb_AC69_41AFO4nZaH2E" name="Costdistributionsdb" messageKind="complete" messageSort="synchCall" sendEvent="EAID_FR0000019_D892_423c_850E_6VbubgAlD2d1" receiveEvent="EAID_FR0000018_D892_423c_850E_pgjEJWpSX1I9"/>
<message xmi:type="uml:Message" xmi:id="EAID_049D1FF1_0B97_41fb_AC69_41AFiOkzaXHI" name="Showconfirmation" messageKind="complete" messageSort="synchCall" sendEvent="EAID_FR0000019_D892_423c_850E_6VbubgAlD2d1" receiveEvent="EAID_FR0000019_D892_423c_850E_6VbubgAlD2d1"/>
<message xmi:type="uml:Message" xmi:id="EAID_049D1FF1_0B97_41fb_AC69_41AF05gLXGRh" name="AdjusttheCostsDistributionpage" messageKind="complete" messageSort="synchCall" sendEvent="EAID_FR0000019_D892_423c_850E_6VbubgAlD2d1" receiveEvent="EAID_FR0000018_D892_423c_850E_pgjEJWpSX1I9"/>
<message xmi:type="uml:Message" xmi:id="EAID_049D1FF1_0B97_41fb_AC69_41AFdI9qCUMl" name="AdjusttheCostsDistributionpage" messageKind="complete" messageSort="synchCall" sendEvent="EAID_FR0000016_D892_423c_850E_TNgTwNXqWi6v" receiveEvent="EAID_FR0000018_D892_423c_850E_pgjEJWpSX1I9"/>
<message xmi:type="uml:Message" xmi:id="EAID_049D1FF1_0B97_41fb_AC69_41AFYDoNQy5v" name="Enterstheamountofthecost" messageKind="complete" messageSort="synchCall" sendEvent="EAID_FR0000018_D892_423c_850E_pgjEJWpSX1I9" receiveEvent="EAID_FR0000019_D892_423c_850E_6VbubgAlD2d1"/>
</ownedBehavior>
<ownedAttribute xmi:type="uml:Property" xmi:id="EAID_AT000000_D892_423c_850E_omlX1tvqUBTm"/>
<ownedAttribute xmi:type="uml:Property" xmi:id="EAID_AT000000_D892_423c_850E_pgjEJWpSX1I9"/>
<ownedAttribute xmi:type="uml:Property" xmi:id="EAID_AT000000_D892_423c_850E_6VbubgAlD2d1"/>
<ownedAttribute xmi:type="uml:Property" xmi:id="EAID_AT000000_D892_423c_850E_8109476FDED0">
<type xmi:idref="EAID_9977D5D6_D839_4e85_9EF1_rnUNRb1UyBT4"/>
					</ownedAttribute>
				</nestedClassifier>
			</packagedElement>
<packagedElement xmi:type="uml:Actor" xmi:id="EAID_9977D5D6_D839_4e85_9EF1_rnUNRb1UyBT4" name="User" visibility="public"/>

<packagedElement xmi:type="uml:UseCase" xmi:id="EAID_586BCAF6_15CB_4a03_81A9_kUbWVnx7fPso" name="Add Users7" visibility="public">
<nestedClassifier xmi:type="uml:Collaboration" xmi:id="EAID_CB000000_AF6_15CB_4a03_81A9_vp9JESPG40U" name="EA_Collaboration7" visibility="public">
<ownedBehavior xmi:type="uml:Interaction" xmi:id="EAID_IN000000_AF6_15CB_4a03_81A9_hdzDP7xM4L4" name="EA_Interaction7" visibility="public">
<lifeline xmi:type="uml:Lifeline" xmi:id="EAID_LL000000_D892_423c_850E_6VbubgAlD2d1" name="User" visibility="public" represents="EAID_AT000000_D892_423c_850E_8109476FDED0"/>
<lifeline xmi:type="uml:Lifeline" xmi:id="EAID_7183D05E_D892_423c_850E_oOrmdRc0uydt" name="XL2 Model" visibility="public" represents="EAID_AT000000_D892_423c_850E_oOrmdRc0uydt"/>
<lifeline xmi:type="uml:Lifeline" xmi:id="EAID_7183D05E_D892_423c_850E_b3yOVzQqKoXs" name="Budget Report" visibility="public" represents="EAID_AT000000_D892_423c_850E_b3yOVzQqKoXs"/>
<lifeline xmi:type="uml:Lifeline" xmi:id="EAID_7183D05E_D892_423c_850E_ueSHx7qNeuVy" name="Inverstment Information" visibility="public" represents="EAID_AT000000_D892_423c_850E_ueSHx7qNeuVy"/>
<lifeline xmi:type="uml:Lifeline" xmi:id="EAID_7183D05E_D892_423c_850E_V8mLOjlw18iC" name="opensthealreadyexistingfileandupdatesit" visibility="public" represents="EAID_AT000000_D892_423c_850E_V8mLOjlw18iC"/>
<fragment xmi:type="uml:OccurrenceSpecification" xmi:id="EAID_FR000002_D892_423c_850E_6VbubgAlD2d1" covered="EAID_LL000000_D892_423c_850E_6VbubgAlD2d1"/>
<fragment xmi:type="uml:OccurrenceSpecification" xmi:id="EAID_FR000003_D892_423c_850E_oOrmdRc0uydt" covered="EAID_7183D05E_D892_423c_850E_oOrmdRc0uydt"/>
<fragment xmi:type="uml:OccurrenceSpecification" xmi:id="EAID_FR000004_D892_423c_850E_oOrmdRc0uydt" covered="EAID_7183D05E_D892_423c_850E_oOrmdRc0uydt"/>
<fragment xmi:type="uml:OccurrenceSpecification" xmi:id="EAID_FR000005_D892_423c_850E_V8mLOjlw18iC" covered="EAID_7183D05E_D892_423c_850E_V8mLOjlw18iC"/>
<fragment xmi:type="uml:OccurrenceSpecification" xmi:id="EAID_FR000006_D892_423c_850E_V8mLOjlw18iC" covered="EAID_7183D05E_D892_423c_850E_V8mLOjlw18iC"/>
<fragment xmi:type="uml:OccurrenceSpecification" xmi:id="EAID_FR000007_D892_423c_850E_oOrmdRc0uydt" covered="EAID_7183D05E_D892_423c_850E_oOrmdRc0uydt"/>
<fragment xmi:type="uml:OccurrenceSpecification" xmi:id="EAID_FR000008_D892_423c_850E_V8mLOjlw18iC" covered="EAID_7183D05E_D892_423c_850E_V8mLOjlw18iC"/>
<fragment xmi:type="uml:OccurrenceSpecification" xmi:id="EAID_FR000009_D892_423c_850E_ueSHx7qNeuVy" covered="EAID_7183D05E_D892_423c_850E_ueSHx7qNeuVy"/>
<fragment xmi:type="uml:OccurrenceSpecification" xmi:id="EAID_FR0000010_D892_423c_850E_ueSHx7qNeuVy" covered="EAID_7183D05E_D892_423c_850E_ueSHx7qNeuVy"/>
<fragment xmi:type="uml:OccurrenceSpecification" xmi:id="EAID_FR0000011_D892_423c_850E_oOrmdRc0uydt" covered="EAID_7183D05E_D892_423c_850E_oOrmdRc0uydt"/>
<fragment xmi:type="uml:OccurrenceSpecification" xmi:id="EAID_FR0000012_D892_423c_850E_oOrmdRc0uydt" covered="EAID_7183D05E_D892_423c_850E_oOrmdRc0uydt"/>
<fragment xmi:type="uml:OccurrenceSpecification" xmi:id="EAID_FR0000013_D892_423c_850E_V8mLOjlw18iC" covered="EAID_7183D05E_D892_423c_850E_V8mLOjlw18iC"/>
<fragment xmi:type="uml:OccurrenceSpecification" xmi:id="EAID_FR0000014_D892_423c_850E_6VbubgAlD2d1" covered="EAID_LL000000_D892_423c_850E_6VbubgAlD2d1"/>
<fragment xmi:type="uml:OccurrenceSpecification" xmi:id="EAID_FR0000015_D892_423c_850E_b3yOVzQqKoXs" covered="EAID_7183D05E_D892_423c_850E_b3yOVzQqKoXs"/>
<fragment xmi:type="uml:OccurrenceSpecification" xmi:id="EAID_FR0000016_D892_423c_850E_b3yOVzQqKoXs" covered="EAID_7183D05E_D892_423c_850E_b3yOVzQqKoXs"/>
<fragment xmi:type="uml:OccurrenceSpecification" xmi:id="EAID_FR0000017_D892_423c_850E_ueSHx7qNeuVy" covered="EAID_7183D05E_D892_423c_850E_ueSHx7qNeuVy"/>
<fragment xmi:type="uml:OccurrenceSpecification" xmi:id="EAID_FR0000018_D892_423c_850E_ueSHx7qNeuVy" covered="EAID_7183D05E_D892_423c_850E_ueSHx7qNeuVy"/>
<fragment xmi:type="uml:OccurrenceSpecification" xmi:id="EAID_FR0000019_D892_423c_850E_oOrmdRc0uydt" covered="EAID_7183D05E_D892_423c_850E_oOrmdRc0uydt"/>
<message xmi:type="uml:Message" xmi:id="EAID_049D1FF1_0B97_41fb_AC69_41AFwExRlGZP" name="Updateamodelpage" messageKind="complete" messageSort="synchCall" sendEvent="EAID_FR0000014_D892_423c_850E_6VbubgAlD2d1" receiveEvent="EAID_FR0000019_D892_423c_850E_oOrmdRc0uydt"/>
<message xmi:type="uml:Message" xmi:id="EAID_049D1FF1_0B97_41fb_AC69_41AFyiWxkR09" name="opensthealreadyexistingfileandupdatesit" messageKind="complete" messageSort="synchCall" sendEvent="EAID_FR0000019_D892_423c_850E_oOrmdRc0uydt" receiveEvent="EAID_FR0000013_D892_423c_850E_V8mLOjlw18iC"/>
<message xmi:type="uml:Message" xmi:id="EAID_049D1FF1_0B97_41fb_AC69_41AFamV0C53v" name="Modeldb" messageKind="complete" messageSort="synchCall" sendEvent="EAID_FR0000013_D892_423c_850E_V8mLOjlw18iC" receiveEvent="EAID_FR0000019_D892_423c_850E_oOrmdRc0uydt"/>
<message xmi:type="uml:Message" xmi:id="EAID_049D1FF1_0B97_41fb_AC69_41AFuKidlmBd" name="Showconfirmation" messageKind="complete" messageSort="synchCall" sendEvent="EAID_FR0000013_D892_423c_850E_V8mLOjlw18iC" receiveEvent="EAID_FR0000018_D892_423c_850E_ueSHx7qNeuVy"/>
<message xmi:type="uml:Message" xmi:id="EAID_049D1FF1_0B97_41fb_AC69_41AF3gxIMzG6" name="Updateamodelpage" messageKind="complete" messageSort="synchCall" sendEvent="EAID_FR0000018_D892_423c_850E_ueSHx7qNeuVy" receiveEvent="EAID_FR0000019_D892_423c_850E_oOrmdRc0uydt"/>
<message xmi:type="uml:Message" xmi:id="EAID_049D1FF1_0B97_41fb_AC69_41AFAjNBpRTs" name="opensthealreadyexistingfileandupdatesit" messageKind="complete" messageSort="synchCall" sendEvent="EAID_FR0000019_D892_423c_850E_oOrmdRc0uydt" receiveEvent="EAID_FR0000013_D892_423c_850E_V8mLOjlw18iC"/>
<message xmi:type="uml:Message" xmi:id="EAID_049D1FF1_0B97_41fb_AC69_41AFeiYbPWXx" name="Homepage" messageKind="complete" messageSort="synchCall" sendEvent="EAID_FR0000014_D892_423c_850E_6VbubgAlD2d1" receiveEvent="EAID_FR0000016_D892_423c_850E_b3yOVzQqKoXs"/>
<message xmi:type="uml:Message" xmi:id="EAID_049D1FF1_0B97_41fb_AC69_41AFSfkRCJeo" name="Showconfirmation" messageKind="complete" messageSort="synchCall" sendEvent="EAID_FR0000016_D892_423c_850E_b3yOVzQqKoXs" receiveEvent="EAID_FR0000018_D892_423c_850E_ueSHx7qNeuVy"/>
<message xmi:type="uml:Message" xmi:id="EAID_049D1FF1_0B97_41fb_AC69_41AF7zCvO6Qn" name="Updateamodelpage" messageKind="complete" messageSort="synchCall" sendEvent="EAID_FR0000018_D892_423c_850E_ueSHx7qNeuVy" receiveEvent="EAID_FR0000019_D892_423c_850E_oOrmdRc0uydt"/>
</ownedBehavior>
<ownedAttribute xmi:type="uml:Property" xmi:id="EAID_AT000000_D892_423c_850E_oOrmdRc0uydt"/>
<ownedAttribute xmi:type="uml:Property" xmi:id="EAID_AT000000_D892_423c_850E_b3yOVzQqKoXs"/>
<ownedAttribute xmi:type="uml:Property" xmi:id="EAID_AT000000_D892_423c_850E_ueSHx7qNeuVy"/>
<ownedAttribute xmi:type="uml:Property" xmi:id="EAID_AT000000_D892_423c_850E_V8mLOjlw18iC"/>
<ownedAttribute xmi:type="uml:Property" xmi:id="EAID_AT000000_D892_423c_850E_8109476FDED0">
<type xmi:idref="EAID_9977D5D6_D839_4e85_9EF1_AWC9zcKWWCoE"/>
					</ownedAttribute>
				</nestedClassifier>
			</packagedElement>
<packagedElement xmi:type="uml:Actor" xmi:id="EAID_9977D5D6_D839_4e85_9EF1_AWC9zcKWWCoE" name="User" visibility="public"/>

<packagedElement xmi:type="uml:UseCase" xmi:id="EAID_586BCAF6_15CB_4a03_81A9_K7UYXJKsAVy4" name="Add Users8" visibility="public">
<nestedClassifier xmi:type="uml:Collaboration" xmi:id="EAID_CB000000_AF6_15CB_4a03_81A9_qXKUWHdrQtk" name="EA_Collaboration8" visibility="public">
<ownedBehavior xmi:type="uml:Interaction" xmi:id="EAID_IN000000_AF6_15CB_4a03_81A9_MDIXlwb722R" name="EA_Interaction8" visibility="public">
<lifeline xmi:type="uml:Lifeline" xmi:id="EAID_LL000000_D892_423c_850E_V8mLOjlw18iC" name="User" visibility="public" represents="EAID_AT000000_D892_423c_850E_8109476FDED0"/>
<lifeline xmi:type="uml:Lifeline" xmi:id="EAID_7183D05E_D892_423c_850E_dIVPnI8m6szn" name="Revenue assumptions" visibility="public" represents="EAID_AT000000_D892_423c_850E_dIVPnI8m6szn"/>
<lifeline xmi:type="uml:Lifeline" xmi:id="EAID_7183D05E_D892_423c_850E_n7q93SCBcLpV" name="Budget Report" visibility="public" represents="EAID_AT000000_D892_423c_850E_n7q93SCBcLpV"/>
<lifeline xmi:type="uml:Lifeline" xmi:id="EAID_7183D05E_D892_423c_850E_DOHJuVOhjmhK" name="User" visibility="public" represents="EAID_AT000000_D892_423c_850E_DOHJuVOhjmhK"/>
<lifeline xmi:type="uml:Lifeline" xmi:id="EAID_7183D05E_D892_423c_850E_lpf6Yq8bwOG5" name="Inverstment Information" visibility="public" represents="EAID_AT000000_D892_423c_850E_lpf6Yq8bwOG5"/>
<lifeline xmi:type="uml:Lifeline" xmi:id="EAID_7183D05E_D892_423c_850E_TzSN6Bc88pHO" name="Interaction" visibility="public" represents="EAID_AT000000_D892_423c_850E_TzSN6Bc88pHO"/>
<fragment xmi:type="uml:OccurrenceSpecification" xmi:id="EAID_FR000002_D892_423c_850E_V8mLOjlw18iC" covered="EAID_LL000000_D892_423c_850E_V8mLOjlw18iC"/>
<fragment xmi:type="uml:OccurrenceSpecification" xmi:id="EAID_FR000003_D892_423c_850E_dIVPnI8m6szn" covered="EAID_7183D05E_D892_423c_850E_dIVPnI8m6szn"/>
<fragment xmi:type="uml:OccurrenceSpecification" xmi:id="EAID_FR000004_D892_423c_850E_dIVPnI8m6szn" covered="EAID_7183D05E_D892_423c_850E_dIVPnI8m6szn"/>
<fragment xmi:type="uml:OccurrenceSpecification" xmi:id="EAID_FR000005_D892_423c_850E_TzSN6Bc88pHO" covered="EAID_7183D05E_D892_423c_850E_TzSN6Bc88pHO"/>
<fragment xmi:type="uml:OccurrenceSpecification" xmi:id="EAID_FR000006_D892_423c_850E_TzSN6Bc88pHO" covered="EAID_7183D05E_D892_423c_850E_TzSN6Bc88pHO"/>
<fragment xmi:type="uml:OccurrenceSpecification" xmi:id="EAID_FR000007_D892_423c_850E_DOHJuVOhjmhK" covered="EAID_7183D05E_D892_423c_850E_DOHJuVOhjmhK"/>
<fragment xmi:type="uml:OccurrenceSpecification" xmi:id="EAID_FR000008_D892_423c_850E_TzSN6Bc88pHO" covered="EAID_7183D05E_D892_423c_850E_TzSN6Bc88pHO"/>
<fragment xmi:type="uml:OccurrenceSpecification" xmi:id="EAID_FR000009_D892_423c_850E_lpf6Yq8bwOG5" covered="EAID_7183D05E_D892_423c_850E_lpf6Yq8bwOG5"/>
<fragment xmi:type="uml:OccurrenceSpecification" xmi:id="EAID_FR0000010_D892_423c_850E_lpf6Yq8bwOG5" covered="EAID_7183D05E_D892_423c_850E_lpf6Yq8bwOG5"/>
<fragment xmi:type="uml:OccurrenceSpecification" xmi:id="EAID_FR0000011_D892_423c_850E_dIVPnI8m6szn" covered="EAID_7183D05E_D892_423c_850E_dIVPnI8m6szn"/>
<fragment xmi:type="uml:OccurrenceSpecification" xmi:id="EAID_FR0000012_D892_423c_850E_dIVPnI8m6szn" covered="EAID_7183D05E_D892_423c_850E_dIVPnI8m6szn"/>
<fragment xmi:type="uml:OccurrenceSpecification" xmi:id="EAID_FR0000013_D892_423c_850E_TzSN6Bc88pHO" covered="EAID_7183D05E_D892_423c_850E_TzSN6Bc88pHO"/>
<fragment xmi:type="uml:OccurrenceSpecification" xmi:id="EAID_FR0000014_D892_423c_850E_V8mLOjlw18iC" covered="EAID_LL000000_D892_423c_850E_V8mLOjlw18iC"/>
<fragment xmi:type="uml:OccurrenceSpecification" xmi:id="EAID_FR0000015_D892_423c_850E_n7q93SCBcLpV" covered="EAID_7183D05E_D892_423c_850E_n7q93SCBcLpV"/>
<fragment xmi:type="uml:OccurrenceSpecification" xmi:id="EAID_FR0000016_D892_423c_850E_n7q93SCBcLpV" covered="EAID_7183D05E_D892_423c_850E_n7q93SCBcLpV"/>
<fragment xmi:type="uml:OccurrenceSpecification" xmi:id="EAID_FR0000017_D892_423c_850E_lpf6Yq8bwOG5" covered="EAID_7183D05E_D892_423c_850E_lpf6Yq8bwOG5"/>
<fragment xmi:type="uml:OccurrenceSpecification" xmi:id="EAID_FR0000018_D892_423c_850E_lpf6Yq8bwOG5" covered="EAID_7183D05E_D892_423c_850E_lpf6Yq8bwOG5"/>
<fragment xmi:type="uml:OccurrenceSpecification" xmi:id="EAID_FR0000019_D892_423c_850E_dIVPnI8m6szn" covered="EAID_7183D05E_D892_423c_850E_dIVPnI8m6szn"/>
<message xmi:type="uml:Message" xmi:id="EAID_049D1FF1_0B97_41fb_AC69_41AF3Xnn8KgA" name="Exceptionalphasespage" messageKind="complete" messageSort="synchCall" sendEvent="EAID_FR0000014_D892_423c_850E_V8mLOjlw18iC" receiveEvent="EAID_FR0000019_D892_423c_850E_dIVPnI8m6szn"/>
<message xmi:type="uml:Message" xmi:id="EAID_049D1FF1_0B97_41fb_AC69_41AFeDffPVMh" name="EntersexceptionalphasesintotheGUI" messageKind="complete" messageSort="synchCall" sendEvent="EAID_FR0000019_D892_423c_850E_dIVPnI8m6szn" receiveEvent="EAID_FR0000013_D892_423c_850E_TzSN6Bc88pHO"/>
<message xmi:type="uml:Message" xmi:id="EAID_049D1FF1_0B97_41fb_AC69_41AFqZfJg3ep" name="Phasedb" messageKind="complete" messageSort="synchCall" sendEvent="EAID_FR0000013_D892_423c_850E_TzSN6Bc88pHO" receiveEvent="EAID_FR000007_D892_423c_850E_DOHJuVOhjmhK"/>
<message xmi:type="uml:Message" xmi:id="EAID_049D1FF1_0B97_41fb_AC69_41AFgqLkyNia" name="Showconfirmation" messageKind="complete" messageSort="synchCall" sendEvent="EAID_FR0000013_D892_423c_850E_TzSN6Bc88pHO" receiveEvent="EAID_FR0000018_D892_423c_850E_lpf6Yq8bwOG5"/>
<message xmi:type="uml:Message" xmi:id="EAID_049D1FF1_0B97_41fb_AC69_41AFtdpP91ee" name="Exceptionalphasespage" messageKind="complete" messageSort="synchCall" sendEvent="EAID_FR0000018_D892_423c_850E_lpf6Yq8bwOG5" receiveEvent="EAID_FR0000019_D892_423c_850E_dIVPnI8m6szn"/>
<message xmi:type="uml:Message" xmi:id="EAID_049D1FF1_0B97_41fb_AC69_41AFUbB8Zgi7" name="EntersexceptionalphasesintotheGUI" messageKind="complete" messageSort="synchCall" sendEvent="EAID_FR0000019_D892_423c_850E_dIVPnI8m6szn" receiveEvent="EAID_FR0000013_D892_423c_850E_TzSN6Bc88pHO"/>
<message xmi:type="uml:Message" xmi:id="EAID_049D1FF1_0B97_41fb_AC69_41AFvbmPA5FJ" name="Homepage" messageKind="complete" messageSort="synchCall" sendEvent="EAID_FR0000014_D892_423c_850E_V8mLOjlw18iC" receiveEvent="EAID_FR0000016_D892_423c_850E_n7q93SCBcLpV"/>
<message xmi:type="uml:Message" xmi:id="EAID_049D1FF1_0B97_41fb_AC69_41AFmi93NNUC" name="Showconfirmation" messageKind="complete" messageSort="synchCall" sendEvent="EAID_FR0000016_D892_423c_850E_n7q93SCBcLpV" receiveEvent="EAID_FR0000018_D892_423c_850E_lpf6Yq8bwOG5"/>
<message xmi:type="uml:Message" xmi:id="EAID_049D1FF1_0B97_41fb_AC69_41AFGvKWeNjL" name="Exceptionalphasespage" messageKind="complete" messageSort="synchCall" sendEvent="EAID_FR0000018_D892_423c_850E_lpf6Yq8bwOG5" receiveEvent="EAID_FR0000019_D892_423c_850E_dIVPnI8m6szn"/>
</ownedBehavior>
<ownedAttribute xmi:type="uml:Property" xmi:id="EAID_AT000000_D892_423c_850E_dIVPnI8m6szn"/>
<ownedAttribute xmi:type="uml:Property" xmi:id="EAID_AT000000_D892_423c_850E_n7q93SCBcLpV"/>
<ownedAttribute xmi:type="uml:Property" xmi:id="EAID_AT000000_D892_423c_850E_DOHJuVOhjmhK"/>
<ownedAttribute xmi:type="uml:Property" xmi:id="EAID_AT000000_D892_423c_850E_lpf6Yq8bwOG5"/>
<ownedAttribute xmi:type="uml:Property" xmi:id="EAID_AT000000_D892_423c_850E_TzSN6Bc88pHO"/>
<ownedAttribute xmi:type="uml:Property" xmi:id="EAID_AT000000_D892_423c_850E_8109476FDED0">
<type xmi:idref="EAID_9977D5D6_D839_4e85_9EF1_YJ7BG7CFFPXr"/>
					</ownedAttribute>
				</nestedClassifier>
			</packagedElement>
<packagedElement xmi:type="uml:Actor" xmi:id="EAID_9977D5D6_D839_4e85_9EF1_YJ7BG7CFFPXr" name="User" visibility="public"/>

</packagedElement>
</uml:Model>
<xmi:Extension extender="Enterprise Architect" extenderID="6.5">
<primitivetypes>
			<packagedElement xmi:type="uml:Package" xmi:id="EAPrimitiveTypesPackage" name="EA_PrimitiveTypes_Package" visibility="public"/>
		</primitivetypes>
<profiles/><diagrams>

<diagram xmi:id="EAID_3E9162E8_3B10_4fb1_9A31_54pXzJY8HeTk">
<model package="EAPK_0D4BE3DE_DBA4_430b_9F5D_2D1DC1F19C54" localID="25" owner="EAPK_0D4BE3DE_DBA4_430b_9F5D_2D1DC1F19C54" parent="EAID_586BCAF6_15CB_4a03_81A9_EF34AE4B312B"/>
<properties name="use cases" type="Sequence"/>
<project author="HOME" version="1.0" created="2018-11-27 16:22:38" modified="2018-11-27 16:23:00"/>
				<style1 value="ShowPrivate=1;ShowProtected=1;ShowPublic=1;HideRelationships=0;Locked=0;Border=1;HighlightForeign=1;PackageContents=1;SequenceNotes=0;ScalePrintImage=0;PPgs.cx=0;PPgs.cy=0;DocSize.cx=850;DocSize.cy=1098;ShowDetails=0;Orientation=P;Zoom=100;ShowTags=0;OpParams=1;VisibleAttributeDetail=0;ShowOpRetType=1;ShowIcons=1;CollabNums=0;HideProps=0;ShowReqs=0;ShowCons=0;PaperSize=1;HideParents=0;UseAlias=0;HideAtts=0;HideOps=0;HideStereo=0;HideElemStereo=0;ShowTests=0;ShowMaint=0;ConnectorNotation=UML 2.1;ExplicitNavigability=0;ShowShape=1;AllDockable=0;AdvancedElementProps=1;AdvancedFeatureProps=1;AdvancedConnectorProps=1;m_bElementClassifier=1;SPT=1;ShowNotes=0;SuppressBrackets=0;SuppConnectorLabels=0;PrintPageHeadFoot=0;ShowAsList=0;"/>
				<style2 value="ExcludeRTF=0;DocAll=0;HideQuals=0;AttPkg=1;ShowTests=0;ShowMaint=0;SuppressFOC=0;INT_ARGS=;INT_RET=;INT_ATT=;SeqTopMargin=50;MatrixActive=0;SwimlanesActive=1;KanbanActive=0;MatrixLineWidth=1;MatrixLineClr=0;MatrixLocked=0;TConnectorNotation=UML 2.1;TExplicitNavigability=0;AdvancedElementProps=1;AdvancedFeatureProps=1;AdvancedConnectorProps=1;m_bElementClassifier=1;SPT=1;MDGDgm=;STBLDgm=;ShowNotes=0;VisibleAttributeDetail=0;ShowOpRetType=1;SuppressBrackets=0;SuppConnectorLabels=0;PrintPageHeadFoot=0;ShowAsList=0;SuppressedCompartments=;Theme=:119;SaveTag=56D01039;"/>
				<swimlanes value="locked=false;orientation=0;width=0;inbar=false;names=false;color=-1;bold=false;fcol=0;tcol=-1;ofCol=-1;ufCol=-1;hl=0;ufh=0;hh=0;cls=0;bw=0;hli=0;SwimlaneFont=lfh:-10,lfw:0,lfi:0,lfu:0,lfs:0,lfface:Calibri,lfe:0,lfo:0,lfchar:1,lfop:0,lfcp:0,lfq:0,lfpf=0,lfWidth=0;"/>
				<matrixitems value="locked=false;matrixactive=false;swimlanesactive=true;kanbanactive=false;width=1;clrLine=0;"/>
				<extendedProperties/>
<elements>
<element geometry="Left=99;Top=50;Right=189;Bottom=390;" subject="EAID_9977D5D6_D839_4e85_9EF1_38844704F245" seqno="1" style="DUID=D5409A04;NSL=0;BCol=-1;BFol=-1;LCol=-1;LWth=-1;fontsz=0;bold=0;black=0;italic=0;ul=0;charset=0;pitch=0;"/>
<element geometry="Left=299;Top=50;Right=389;;Bottom=390;" subject="EAID_7183D05E_D892_423c_850E_ZaAXDVeutZ8W" seqno="2" style="DUID=D5409A04;NSL=0;BCol=-1;BFol=-1;LCol=-1;LWth=-1;fontsz=0;bold=0;black=0;italic=0;ul=0;charset=0;pitch=0;"/>
<element geometry="Left=499;Top=50;Right=589;;Bottom=390;" subject="EAID_7183D05E_D892_423c_850E_MjMAaupOwgRU" seqno="3" style="DUID=D5409A04;NSL=0;BCol=-1;BFol=-1;LCol=-1;LWth=-1;fontsz=0;bold=0;black=0;italic=0;ul=0;charset=0;pitch=0;"/>
<element geometry="Left=699;Top=50;Right=789;;Bottom=390;" subject="EAID_7183D05E_D892_423c_850E_ltnhHqLKY2Fa" seqno="4" style="DUID=D5409A04;NSL=0;BCol=-1;BFol=-1;LCol=-1;LWth=-1;fontsz=0;bold=0;black=0;italic=0;ul=0;charset=0;pitch=0;"/>
<element geometry="Left=899;Top=50;Right=989;;Bottom=390;" subject="EAID_7183D05E_D892_423c_850E_e6kBwf5THvqo" seqno="5" style="DUID=D5409A04;NSL=0;BCol=-1;BFol=-1;LCol=-1;LWth=-1;fontsz=0;bold=0;black=0;italic=0;ul=0;charset=0;pitch=0;"/>
<element geometry="Left=1099;Top=50;Right=1189;;Bottom=390;" subject="EAID_7183D05E_D892_423c_850E_4CLb2OK4nw2v" seqno="6" style="DUID=D5409A04;NSL=0;BCol=-1;BFol=-1;LCol=-1;LWth=-1;fontsz=0;bold=0;black=0;italic=0;ul=0;charset=0;pitch=0;"/>
<element geometry="SX=0;SY=0;EX=0;EY=0;Path=;" subject="EAID_049D1FF1_0B97_41fb_AC69_41AF4vfFhOfX" style=";Hidden=0;"/>
<element geometry="SX=0;SY=0;EX=0;EY=0;Path=;" subject="EAID_049D1FF1_0B97_41fb_AC69_41AFbu8BkdHn" style=";Hidden=0;"/>
<element geometry="SX=0;SY=0;EX=0;EY=0;Path=;" subject="EAID_049D1FF1_0B97_41fb_AC69_41AFdZNt9jNz" style=";Hidden=0;"/>
<element geometry="SX=0;SY=0;EX=0;EY=0;Path=;" subject="EAID_049D1FF1_0B97_41fb_AC69_41AF49V8pz6K" style=";Hidden=0;"/>
<element geometry="SX=0;SY=0;EX=0;EY=0;Path=;" subject="EAID_049D1FF1_0B97_41fb_AC69_41AFeDtLCXr4" style=";Hidden=0;"/>
<element geometry="SX=0;SY=0;EX=0;EY=0;Path=;" subject="EAID_049D1FF1_0B97_41fb_AC69_41AFdZNt9jNz" style=";Hidden=0;"/>
<element geometry="SX=0;SY=0;EX=0;EY=0;Path=;" subject="EAID_049D1FF1_0B97_41fb_AC69_41AFIOzKpZ1n" style=";Hidden=0;"/>
<element geometry="SX=0;SY=0;EX=0;EY=0;Path=;" subject="EAID_049D1FF1_0B97_41fb_AC69_41AFwayWTkWa" style=";Hidden=0;"/>
<element geometry="SX=0;SY=0;EX=0;EY=0;Path=;" subject="EAID_049D1FF1_0B97_41fb_AC69_41AF49V8pz6K" style=";Hidden=0;"/>
<element geometry="SX=0;SY=0;EX=0;EY=0;Path=;" subject="EAID_049D1FF1_0B97_41fb_AC69_41AFv7PZ1XT1" style=";Hidden=0;"/>
<element geometry="SX=0;SY=0;EX=0;EY=0;Path=;" subject="EAID_049D1FF1_0B97_41fb_AC69_41AFYOQFPshu" style=";Hidden=0;"/>
<element geometry="SX=0;SY=0;EX=0;EY=0;Path=;" subject="EAID_049D1FF1_0B97_41fb_AC69_41AFA03kGnnU" style=";Hidden=0;"/>
<element geometry="SX=0;SY=0;EX=0;EY=0;Path=;" subject="EAID_049D1FF1_0B97_41fb_AC69_41AFAGlTl33H" style=";Hidden=0;"/>
<element geometry="SX=0;SY=0;EX=0;EY=0;Path=;" subject="EAID_049D1FF1_0B97_41fb_AC69_41AFYOQFPshu" style=";Hidden=0;"/>
<element geometry="SX=0;SY=0;EX=0;EY=0;Path=;" subject="EAID_049D1FF1_0B97_41fb_AC69_41AF4vfFhOfX" style=";Hidden=0;"/>
<element geometry="SX=0;SY=0;EX=0;EY=0;Path=;" subject="EAID_049D1FF1_0B97_41fb_AC69_41AFbu8BkdHn" style=";Hidden=0;"/>
<element geometry="SX=0;SY=0;EX=0;EY=0;Path=;" subject="EAID_049D1FF1_0B97_41fb_AC69_41AFAGlTl33H" style=";Hidden=0;"/>
</elements>
</diagram>

<diagram xmi:id="EAID_3E9162E8_3B10_4fb1_9A31_zuB7HJuqG0wq">
<model package="EAPK_0D4BE3DE_DBA4_430b_9F5D_2D1DC1F19C54" localID="26" owner="EAPK_0D4BE3DE_DBA4_430b_9F5D_2D1DC1F19C54" parent="EAID_586BCAF6_15CB_4a03_81A9_djGemU0xcCCA"/>
<properties name="use cases" type="Sequence"/>
<project author="HOME" version="1.0" created="2018-11-27 16:22:38" modified="2018-11-27 16:23:00"/>
				<style1 value="ShowPrivate=1;ShowProtected=1;ShowPublic=1;HideRelationships=0;Locked=0;Border=1;HighlightForeign=1;PackageContents=1;SequenceNotes=0;ScalePrintImage=0;PPgs.cx=0;PPgs.cy=0;DocSize.cx=850;DocSize.cy=1098;ShowDetails=0;Orientation=P;Zoom=100;ShowTags=0;OpParams=1;VisibleAttributeDetail=0;ShowOpRetType=1;ShowIcons=1;CollabNums=0;HideProps=0;ShowReqs=0;ShowCons=0;PaperSize=1;HideParents=0;UseAlias=0;HideAtts=0;HideOps=0;HideStereo=0;HideElemStereo=0;ShowTests=0;ShowMaint=0;ConnectorNotation=UML 2.1;ExplicitNavigability=0;ShowShape=1;AllDockable=0;AdvancedElementProps=1;AdvancedFeatureProps=1;AdvancedConnectorProps=1;m_bElementClassifier=1;SPT=1;ShowNotes=0;SuppressBrackets=0;SuppConnectorLabels=0;PrintPageHeadFoot=0;ShowAsList=0;"/>
				<style2 value="ExcludeRTF=0;DocAll=0;HideQuals=0;AttPkg=1;ShowTests=0;ShowMaint=0;SuppressFOC=0;INT_ARGS=;INT_RET=;INT_ATT=;SeqTopMargin=50;MatrixActive=0;SwimlanesActive=1;KanbanActive=0;MatrixLineWidth=1;MatrixLineClr=0;MatrixLocked=0;TConnectorNotation=UML 2.1;TExplicitNavigability=0;AdvancedElementProps=1;AdvancedFeatureProps=1;AdvancedConnectorProps=1;m_bElementClassifier=1;SPT=1;MDGDgm=;STBLDgm=;ShowNotes=0;VisibleAttributeDetail=0;ShowOpRetType=1;SuppressBrackets=0;SuppConnectorLabels=0;PrintPageHeadFoot=0;ShowAsList=0;SuppressedCompartments=;Theme=:119;SaveTag=56D01039;"/>
				<swimlanes value="locked=false;orientation=0;width=0;inbar=false;names=false;color=-1;bold=false;fcol=0;tcol=-1;ofCol=-1;ufCol=-1;hl=0;ufh=0;hh=0;cls=0;bw=0;hli=0;SwimlaneFont=lfh:-10,lfw:0,lfi:0,lfu:0,lfs:0,lfface:Calibri,lfe:0,lfo:0,lfchar:1,lfop:0,lfcp:0,lfq:0,lfpf=0,lfWidth=0;"/>
				<matrixitems value="locked=false;matrixactive=false;swimlanesactive=true;kanbanactive=false;width=1;clrLine=0;"/>
				<extendedProperties/>
<elements>
<element geometry="Left=99;Top=50;Right=189;Bottom=390;" subject="EAID_9977D5D6_D839_4e85_9EF1_OPW40lEniLK8" seqno="1" style="DUID=D5409A04;NSL=0;BCol=-1;BFol=-1;LCol=-1;LWth=-1;fontsz=0;bold=0;black=0;italic=0;ul=0;charset=0;pitch=0;"/>
<element geometry="Left=299;Top=50;Right=389;;Bottom=390;" subject="EAID_7183D05E_D892_423c_850E_so6qdLaw2QX1" seqno="2" style="DUID=D5409A04;NSL=0;BCol=-1;BFol=-1;LCol=-1;LWth=-1;fontsz=0;bold=0;black=0;italic=0;ul=0;charset=0;pitch=0;"/>
<element geometry="Left=499;Top=50;Right=589;;Bottom=390;" subject="EAID_7183D05E_D892_423c_850E_jrmudRnIRbrB" seqno="3" style="DUID=D5409A04;NSL=0;BCol=-1;BFol=-1;LCol=-1;LWth=-1;fontsz=0;bold=0;black=0;italic=0;ul=0;charset=0;pitch=0;"/>
<element geometry="Left=699;Top=50;Right=789;;Bottom=390;" subject="EAID_7183D05E_D892_423c_850E_tvcfomlTb4RL" seqno="4" style="DUID=D5409A04;NSL=0;BCol=-1;BFol=-1;LCol=-1;LWth=-1;fontsz=0;bold=0;black=0;italic=0;ul=0;charset=0;pitch=0;"/>
<element geometry="SX=0;SY=0;EX=0;EY=0;Path=;" subject="EAID_049D1FF1_0B97_41fb_AC69_41AFlU1j0Is8" style=";Hidden=0;"/>
<element geometry="SX=0;SY=0;EX=0;EY=0;Path=;" subject="EAID_049D1FF1_0B97_41fb_AC69_41AFPGW5Ya2M" style=";Hidden=0;"/>
<element geometry="SX=0;SY=0;EX=0;EY=0;Path=;" subject="EAID_049D1FF1_0B97_41fb_AC69_41AFhrii46iV" style=";Hidden=0;"/>
<element geometry="SX=0;SY=0;EX=0;EY=0;Path=;" subject="EAID_049D1FF1_0B97_41fb_AC69_41AFgUkkfglH" style=";Hidden=0;"/>
<element geometry="SX=0;SY=0;EX=0;EY=0;Path=;" subject="EAID_049D1FF1_0B97_41fb_AC69_41AFIDX9ccGQ" style=";Hidden=0;"/>
<element geometry="SX=0;SY=0;EX=0;EY=0;Path=;" subject="EAID_049D1FF1_0B97_41fb_AC69_41AFP8tiO0jR" style=";Hidden=0;"/>
<element geometry="SX=0;SY=0;EX=0;EY=0;Path=;" subject="EAID_049D1FF1_0B97_41fb_AC69_41AFhrii46iV" style=";Hidden=0;"/>
<element geometry="SX=0;SY=0;EX=0;EY=0;Path=;" subject="EAID_049D1FF1_0B97_41fb_AC69_41AFEgeB7WhV" style=";Hidden=0;"/>
<element geometry="SX=0;SY=0;EX=0;EY=0;Path=;" subject="EAID_049D1FF1_0B97_41fb_AC69_41AFgUkkfglH" style=";Hidden=0;"/>
</elements>
</diagram>

<diagram xmi:id="EAID_3E9162E8_3B10_4fb1_9A31_fVKRxOE3VZ8H">
<model package="EAPK_0D4BE3DE_DBA4_430b_9F5D_2D1DC1F19C54" localID="27" owner="EAPK_0D4BE3DE_DBA4_430b_9F5D_2D1DC1F19C54" parent="EAID_586BCAF6_15CB_4a03_81A9_pqdGIq2tfgp4"/>
<properties name="use cases" type="Sequence"/>
<project author="HOME" version="1.0" created="2018-11-27 16:22:38" modified="2018-11-27 16:23:00"/>
				<style1 value="ShowPrivate=1;ShowProtected=1;ShowPublic=1;HideRelationships=0;Locked=0;Border=1;HighlightForeign=1;PackageContents=1;SequenceNotes=0;ScalePrintImage=0;PPgs.cx=0;PPgs.cy=0;DocSize.cx=850;DocSize.cy=1098;ShowDetails=0;Orientation=P;Zoom=100;ShowTags=0;OpParams=1;VisibleAttributeDetail=0;ShowOpRetType=1;ShowIcons=1;CollabNums=0;HideProps=0;ShowReqs=0;ShowCons=0;PaperSize=1;HideParents=0;UseAlias=0;HideAtts=0;HideOps=0;HideStereo=0;HideElemStereo=0;ShowTests=0;ShowMaint=0;ConnectorNotation=UML 2.1;ExplicitNavigability=0;ShowShape=1;AllDockable=0;AdvancedElementProps=1;AdvancedFeatureProps=1;AdvancedConnectorProps=1;m_bElementClassifier=1;SPT=1;ShowNotes=0;SuppressBrackets=0;SuppConnectorLabels=0;PrintPageHeadFoot=0;ShowAsList=0;"/>
				<style2 value="ExcludeRTF=0;DocAll=0;HideQuals=0;AttPkg=1;ShowTests=0;ShowMaint=0;SuppressFOC=0;INT_ARGS=;INT_RET=;INT_ATT=;SeqTopMargin=50;MatrixActive=0;SwimlanesActive=1;KanbanActive=0;MatrixLineWidth=1;MatrixLineClr=0;MatrixLocked=0;TConnectorNotation=UML 2.1;TExplicitNavigability=0;AdvancedElementProps=1;AdvancedFeatureProps=1;AdvancedConnectorProps=1;m_bElementClassifier=1;SPT=1;MDGDgm=;STBLDgm=;ShowNotes=0;VisibleAttributeDetail=0;ShowOpRetType=1;SuppressBrackets=0;SuppConnectorLabels=0;PrintPageHeadFoot=0;ShowAsList=0;SuppressedCompartments=;Theme=:119;SaveTag=56D01039;"/>
				<swimlanes value="locked=false;orientation=0;width=0;inbar=false;names=false;color=-1;bold=false;fcol=0;tcol=-1;ofCol=-1;ufCol=-1;hl=0;ufh=0;hh=0;cls=0;bw=0;hli=0;SwimlaneFont=lfh:-10,lfw:0,lfi:0,lfu:0,lfs:0,lfface:Calibri,lfe:0,lfo:0,lfchar:1,lfop:0,lfcp:0,lfq:0,lfpf=0,lfWidth=0;"/>
				<matrixitems value="locked=false;matrixactive=false;swimlanesactive=true;kanbanactive=false;width=1;clrLine=0;"/>
				<extendedProperties/>
<elements>
<element geometry="Left=99;Top=50;Right=189;Bottom=390;" subject="EAID_9977D5D6_D839_4e85_9EF1_zZeq1HuptAfl" seqno="1" style="DUID=D5409A04;NSL=0;BCol=-1;BFol=-1;LCol=-1;LWth=-1;fontsz=0;bold=0;black=0;italic=0;ul=0;charset=0;pitch=0;"/>
<element geometry="Left=299;Top=50;Right=389;;Bottom=390;" subject="EAID_7183D05E_D892_423c_850E_letsfsZa0ZfZ" seqno="2" style="DUID=D5409A04;NSL=0;BCol=-1;BFol=-1;LCol=-1;LWth=-1;fontsz=0;bold=0;black=0;italic=0;ul=0;charset=0;pitch=0;"/>
<element geometry="Left=499;Top=50;Right=589;;Bottom=390;" subject="EAID_7183D05E_D892_423c_850E_yVxfz4SL8eQg" seqno="3" style="DUID=D5409A04;NSL=0;BCol=-1;BFol=-1;LCol=-1;LWth=-1;fontsz=0;bold=0;black=0;italic=0;ul=0;charset=0;pitch=0;"/>
<element geometry="Left=699;Top=50;Right=789;;Bottom=390;" subject="EAID_7183D05E_D892_423c_850E_ghwmBickiNRH" seqno="4" style="DUID=D5409A04;NSL=0;BCol=-1;BFol=-1;LCol=-1;LWth=-1;fontsz=0;bold=0;black=0;italic=0;ul=0;charset=0;pitch=0;"/>
<element geometry="SX=0;SY=0;EX=0;EY=0;Path=;" subject="EAID_049D1FF1_0B97_41fb_AC69_41AFBgr2OsSK" style=";Hidden=0;"/>
<element geometry="SX=0;SY=0;EX=0;EY=0;Path=;" subject="EAID_049D1FF1_0B97_41fb_AC69_41AFrdlSlzAs" style=";Hidden=0;"/>
<element geometry="SX=0;SY=0;EX=0;EY=0;Path=;" subject="EAID_049D1FF1_0B97_41fb_AC69_41AF8uOaElCm" style=";Hidden=0;"/>
<element geometry="SX=0;SY=0;EX=0;EY=0;Path=;" subject="EAID_049D1FF1_0B97_41fb_AC69_41AFLRf9LOos" style=";Hidden=0;"/>
<element geometry="SX=0;SY=0;EX=0;EY=0;Path=;" subject="EAID_049D1FF1_0B97_41fb_AC69_41AFFd3CxrqM" style=";Hidden=0;"/>
<element geometry="SX=0;SY=0;EX=0;EY=0;Path=;" subject="EAID_049D1FF1_0B97_41fb_AC69_41AF8uOaElCm" style=";Hidden=0;"/>
<element geometry="SX=0;SY=0;EX=0;EY=0;Path=;" subject="EAID_049D1FF1_0B97_41fb_AC69_41AF3OTFE5Sx" style=";Hidden=0;"/>
<element geometry="SX=0;SY=0;EX=0;EY=0;Path=;" subject="EAID_049D1FF1_0B97_41fb_AC69_41AFblKeTp3p" style=";Hidden=0;"/>
<element geometry="SX=0;SY=0;EX=0;EY=0;Path=;" subject="EAID_049D1FF1_0B97_41fb_AC69_41AFLRf9LOos" style=";Hidden=0;"/>
</elements>
</diagram>

<diagram xmi:id="EAID_3E9162E8_3B10_4fb1_9A31_vxargoZP7pTr">
<model package="EAPK_0D4BE3DE_DBA4_430b_9F5D_2D1DC1F19C54" localID="28" owner="EAPK_0D4BE3DE_DBA4_430b_9F5D_2D1DC1F19C54" parent="EAID_586BCAF6_15CB_4a03_81A9_fn3hrpRtBm3o"/>
<properties name="use cases" type="Sequence"/>
<project author="HOME" version="1.0" created="2018-11-27 16:22:38" modified="2018-11-27 16:23:00"/>
				<style1 value="ShowPrivate=1;ShowProtected=1;ShowPublic=1;HideRelationships=0;Locked=0;Border=1;HighlightForeign=1;PackageContents=1;SequenceNotes=0;ScalePrintImage=0;PPgs.cx=0;PPgs.cy=0;DocSize.cx=850;DocSize.cy=1098;ShowDetails=0;Orientation=P;Zoom=100;ShowTags=0;OpParams=1;VisibleAttributeDetail=0;ShowOpRetType=1;ShowIcons=1;CollabNums=0;HideProps=0;ShowReqs=0;ShowCons=0;PaperSize=1;HideParents=0;UseAlias=0;HideAtts=0;HideOps=0;HideStereo=0;HideElemStereo=0;ShowTests=0;ShowMaint=0;ConnectorNotation=UML 2.1;ExplicitNavigability=0;ShowShape=1;AllDockable=0;AdvancedElementProps=1;AdvancedFeatureProps=1;AdvancedConnectorProps=1;m_bElementClassifier=1;SPT=1;ShowNotes=0;SuppressBrackets=0;SuppConnectorLabels=0;PrintPageHeadFoot=0;ShowAsList=0;"/>
				<style2 value="ExcludeRTF=0;DocAll=0;HideQuals=0;AttPkg=1;ShowTests=0;ShowMaint=0;SuppressFOC=0;INT_ARGS=;INT_RET=;INT_ATT=;SeqTopMargin=50;MatrixActive=0;SwimlanesActive=1;KanbanActive=0;MatrixLineWidth=1;MatrixLineClr=0;MatrixLocked=0;TConnectorNotation=UML 2.1;TExplicitNavigability=0;AdvancedElementProps=1;AdvancedFeatureProps=1;AdvancedConnectorProps=1;m_bElementClassifier=1;SPT=1;MDGDgm=;STBLDgm=;ShowNotes=0;VisibleAttributeDetail=0;ShowOpRetType=1;SuppressBrackets=0;SuppConnectorLabels=0;PrintPageHeadFoot=0;ShowAsList=0;SuppressedCompartments=;Theme=:119;SaveTag=56D01039;"/>
				<swimlanes value="locked=false;orientation=0;width=0;inbar=false;names=false;color=-1;bold=false;fcol=0;tcol=-1;ofCol=-1;ufCol=-1;hl=0;ufh=0;hh=0;cls=0;bw=0;hli=0;SwimlaneFont=lfh:-10,lfw:0,lfi:0,lfu:0,lfs:0,lfface:Calibri,lfe:0,lfo:0,lfchar:1,lfop:0,lfcp:0,lfq:0,lfpf=0,lfWidth=0;"/>
				<matrixitems value="locked=false;matrixactive=false;swimlanesactive=true;kanbanactive=false;width=1;clrLine=0;"/>
				<extendedProperties/>
<elements>
<element geometry="Left=99;Top=50;Right=189;Bottom=390;" subject="EAID_9977D5D6_D839_4e85_9EF1_LEElRJZoFTcp" seqno="1" style="DUID=D5409A04;NSL=0;BCol=-1;BFol=-1;LCol=-1;LWth=-1;fontsz=0;bold=0;black=0;italic=0;ul=0;charset=0;pitch=0;"/>
<element geometry="Left=299;Top=50;Right=389;;Bottom=390;" subject="EAID_7183D05E_D892_423c_850E_6cDhJWGFYfGv" seqno="2" style="DUID=D5409A04;NSL=0;BCol=-1;BFol=-1;LCol=-1;LWth=-1;fontsz=0;bold=0;black=0;italic=0;ul=0;charset=0;pitch=0;"/>
<element geometry="Left=499;Top=50;Right=589;;Bottom=390;" subject="EAID_7183D05E_D892_423c_850E_LfyKGYwM3TEz" seqno="3" style="DUID=D5409A04;NSL=0;BCol=-1;BFol=-1;LCol=-1;LWth=-1;fontsz=0;bold=0;black=0;italic=0;ul=0;charset=0;pitch=0;"/>
<element geometry="Left=699;Top=50;Right=789;;Bottom=390;" subject="EAID_7183D05E_D892_423c_850E_W5kxKYamYhtW" seqno="4" style="DUID=D5409A04;NSL=0;BCol=-1;BFol=-1;LCol=-1;LWth=-1;fontsz=0;bold=0;black=0;italic=0;ul=0;charset=0;pitch=0;"/>
<element geometry="SX=0;SY=0;EX=0;EY=0;Path=;" subject="EAID_049D1FF1_0B97_41fb_AC69_41AFtYYfDF4Z" style=";Hidden=0;"/>
<element geometry="SX=0;SY=0;EX=0;EY=0;Path=;" subject="EAID_049D1FF1_0B97_41fb_AC69_41AF17eVmdPz" style=";Hidden=0;"/>
<element geometry="SX=0;SY=0;EX=0;EY=0;Path=;" subject="EAID_049D1FF1_0B97_41fb_AC69_41AFBuseNfp0" style=";Hidden=0;"/>
<element geometry="SX=0;SY=0;EX=0;EY=0;Path=;" subject="EAID_049D1FF1_0B97_41fb_AC69_41AFvx4o2YHn" style=";Hidden=0;"/>
<element geometry="SX=0;SY=0;EX=0;EY=0;Path=;" subject="EAID_049D1FF1_0B97_41fb_AC69_41AF17eVmdPz" style=";Hidden=0;"/>
<element geometry="SX=0;SY=0;EX=0;EY=0;Path=;" subject="EAID_049D1FF1_0B97_41fb_AC69_41AFKtHDI34i" style=";Hidden=0;"/>
<element geometry="SX=0;SY=0;EX=0;EY=0;Path=;" subject="EAID_049D1FF1_0B97_41fb_AC69_41AF4FjhXp0N" style=";Hidden=0;"/>
<element geometry="SX=0;SY=0;EX=0;EY=0;Path=;" subject="EAID_049D1FF1_0B97_41fb_AC69_41AFvx4o2YHn" style=";Hidden=0;"/>
</elements>
</diagram>

<diagram xmi:id="EAID_3E9162E8_3B10_4fb1_9A31_ttecGTAUlb6d">
<model package="EAPK_0D4BE3DE_DBA4_430b_9F5D_2D1DC1F19C54" localID="29" owner="EAPK_0D4BE3DE_DBA4_430b_9F5D_2D1DC1F19C54" parent="EAID_586BCAF6_15CB_4a03_81A9_X2kh3zadcbWp"/>
<properties name="use cases" type="Sequence"/>
<project author="HOME" version="1.0" created="2018-11-27 16:22:38" modified="2018-11-27 16:23:00"/>
				<style1 value="ShowPrivate=1;ShowProtected=1;ShowPublic=1;HideRelationships=0;Locked=0;Border=1;HighlightForeign=1;PackageContents=1;SequenceNotes=0;ScalePrintImage=0;PPgs.cx=0;PPgs.cy=0;DocSize.cx=850;DocSize.cy=1098;ShowDetails=0;Orientation=P;Zoom=100;ShowTags=0;OpParams=1;VisibleAttributeDetail=0;ShowOpRetType=1;ShowIcons=1;CollabNums=0;HideProps=0;ShowReqs=0;ShowCons=0;PaperSize=1;HideParents=0;UseAlias=0;HideAtts=0;HideOps=0;HideStereo=0;HideElemStereo=0;ShowTests=0;ShowMaint=0;ConnectorNotation=UML 2.1;ExplicitNavigability=0;ShowShape=1;AllDockable=0;AdvancedElementProps=1;AdvancedFeatureProps=1;AdvancedConnectorProps=1;m_bElementClassifier=1;SPT=1;ShowNotes=0;SuppressBrackets=0;SuppConnectorLabels=0;PrintPageHeadFoot=0;ShowAsList=0;"/>
				<style2 value="ExcludeRTF=0;DocAll=0;HideQuals=0;AttPkg=1;ShowTests=0;ShowMaint=0;SuppressFOC=0;INT_ARGS=;INT_RET=;INT_ATT=;SeqTopMargin=50;MatrixActive=0;SwimlanesActive=1;KanbanActive=0;MatrixLineWidth=1;MatrixLineClr=0;MatrixLocked=0;TConnectorNotation=UML 2.1;TExplicitNavigability=0;AdvancedElementProps=1;AdvancedFeatureProps=1;AdvancedConnectorProps=1;m_bElementClassifier=1;SPT=1;MDGDgm=;STBLDgm=;ShowNotes=0;VisibleAttributeDetail=0;ShowOpRetType=1;SuppressBrackets=0;SuppConnectorLabels=0;PrintPageHeadFoot=0;ShowAsList=0;SuppressedCompartments=;Theme=:119;SaveTag=56D01039;"/>
				<swimlanes value="locked=false;orientation=0;width=0;inbar=false;names=false;color=-1;bold=false;fcol=0;tcol=-1;ofCol=-1;ufCol=-1;hl=0;ufh=0;hh=0;cls=0;bw=0;hli=0;SwimlaneFont=lfh:-10,lfw:0,lfi:0,lfu:0,lfs:0,lfface:Calibri,lfe:0,lfo:0,lfchar:1,lfop:0,lfcp:0,lfq:0,lfpf=0,lfWidth=0;"/>
				<matrixitems value="locked=false;matrixactive=false;swimlanesactive=true;kanbanactive=false;width=1;clrLine=0;"/>
				<extendedProperties/>
<elements>
<element geometry="Left=99;Top=50;Right=189;Bottom=390;" subject="EAID_9977D5D6_D839_4e85_9EF1_OKZuutO3KoTG" seqno="1" style="DUID=D5409A04;NSL=0;BCol=-1;BFol=-1;LCol=-1;LWth=-1;fontsz=0;bold=0;black=0;italic=0;ul=0;charset=0;pitch=0;"/>
<element geometry="Left=299;Top=50;Right=389;;Bottom=390;" subject="EAID_7183D05E_D892_423c_850E_F2xz4Y1YsCAN" seqno="2" style="DUID=D5409A04;NSL=0;BCol=-1;BFol=-1;LCol=-1;LWth=-1;fontsz=0;bold=0;black=0;italic=0;ul=0;charset=0;pitch=0;"/>
<element geometry="Left=499;Top=50;Right=589;;Bottom=390;" subject="EAID_7183D05E_D892_423c_850E_TNgTwNXqWi6v" seqno="3" style="DUID=D5409A04;NSL=0;BCol=-1;BFol=-1;LCol=-1;LWth=-1;fontsz=0;bold=0;black=0;italic=0;ul=0;charset=0;pitch=0;"/>
<element geometry="SX=0;SY=0;EX=0;EY=0;Path=;" subject="EAID_049D1FF1_0B97_41fb_AC69_41AFpmIElhMh" style=";Hidden=0;"/>
<element geometry="SX=0;SY=0;EX=0;EY=0;Path=;" subject="EAID_049D1FF1_0B97_41fb_AC69_41AFfu1d5yFN" style=";Hidden=0;"/>
<element geometry="SX=0;SY=0;EX=0;EY=0;Path=;" subject="EAID_049D1FF1_0B97_41fb_AC69_41AFS3cmnz0r" style=";Hidden=0;"/>
<element geometry="SX=0;SY=0;EX=0;EY=0;Path=;" subject="EAID_049D1FF1_0B97_41fb_AC69_41AFhcyonQMo" style=";Hidden=0;"/>
<element geometry="SX=0;SY=0;EX=0;EY=0;Path=;" subject="EAID_049D1FF1_0B97_41fb_AC69_41AFqGYN8i4w" style=";Hidden=0;"/>
<element geometry="SX=0;SY=0;EX=0;EY=0;Path=;" subject="EAID_049D1FF1_0B97_41fb_AC69_41AFfu1d5yFN" style=";Hidden=0;"/>
<element geometry="SX=0;SY=0;EX=0;EY=0;Path=;" subject="EAID_049D1FF1_0B97_41fb_AC69_41AFne4mxMkg" style=";Hidden=0;"/>
<element geometry="SX=0;SY=0;EX=0;EY=0;Path=;" subject="EAID_049D1FF1_0B97_41fb_AC69_41AFhcyonQMo" style=";Hidden=0;"/>
<element geometry="SX=0;SY=0;EX=0;EY=0;Path=;" subject="EAID_049D1FF1_0B97_41fb_AC69_41AFqGYN8i4w" style=";Hidden=0;"/>
</elements>
</diagram>

<diagram xmi:id="EAID_3E9162E8_3B10_4fb1_9A31_2wbFWj6HA5J0">
<model package="EAPK_0D4BE3DE_DBA4_430b_9F5D_2D1DC1F19C54" localID="30" owner="EAPK_0D4BE3DE_DBA4_430b_9F5D_2D1DC1F19C54" parent="EAID_586BCAF6_15CB_4a03_81A9_T9KarqccLbt6"/>
<properties name="use cases" type="Sequence"/>
<project author="HOME" version="1.0" created="2018-11-27 16:22:38" modified="2018-11-27 16:23:00"/>
				<style1 value="ShowPrivate=1;ShowProtected=1;ShowPublic=1;HideRelationships=0;Locked=0;Border=1;HighlightForeign=1;PackageContents=1;SequenceNotes=0;ScalePrintImage=0;PPgs.cx=0;PPgs.cy=0;DocSize.cx=850;DocSize.cy=1098;ShowDetails=0;Orientation=P;Zoom=100;ShowTags=0;OpParams=1;VisibleAttributeDetail=0;ShowOpRetType=1;ShowIcons=1;CollabNums=0;HideProps=0;ShowReqs=0;ShowCons=0;PaperSize=1;HideParents=0;UseAlias=0;HideAtts=0;HideOps=0;HideStereo=0;HideElemStereo=0;ShowTests=0;ShowMaint=0;ConnectorNotation=UML 2.1;ExplicitNavigability=0;ShowShape=1;AllDockable=0;AdvancedElementProps=1;AdvancedFeatureProps=1;AdvancedConnectorProps=1;m_bElementClassifier=1;SPT=1;ShowNotes=0;SuppressBrackets=0;SuppConnectorLabels=0;PrintPageHeadFoot=0;ShowAsList=0;"/>
				<style2 value="ExcludeRTF=0;DocAll=0;HideQuals=0;AttPkg=1;ShowTests=0;ShowMaint=0;SuppressFOC=0;INT_ARGS=;INT_RET=;INT_ATT=;SeqTopMargin=50;MatrixActive=0;SwimlanesActive=1;KanbanActive=0;MatrixLineWidth=1;MatrixLineClr=0;MatrixLocked=0;TConnectorNotation=UML 2.1;TExplicitNavigability=0;AdvancedElementProps=1;AdvancedFeatureProps=1;AdvancedConnectorProps=1;m_bElementClassifier=1;SPT=1;MDGDgm=;STBLDgm=;ShowNotes=0;VisibleAttributeDetail=0;ShowOpRetType=1;SuppressBrackets=0;SuppConnectorLabels=0;PrintPageHeadFoot=0;ShowAsList=0;SuppressedCompartments=;Theme=:119;SaveTag=56D01039;"/>
				<swimlanes value="locked=false;orientation=0;width=0;inbar=false;names=false;color=-1;bold=false;fcol=0;tcol=-1;ofCol=-1;ufCol=-1;hl=0;ufh=0;hh=0;cls=0;bw=0;hli=0;SwimlaneFont=lfh:-10,lfw:0,lfi:0,lfu:0,lfs:0,lfface:Calibri,lfe:0,lfo:0,lfchar:1,lfop:0,lfcp:0,lfq:0,lfpf=0,lfWidth=0;"/>
				<matrixitems value="locked=false;matrixactive=false;swimlanesactive=true;kanbanactive=false;width=1;clrLine=0;"/>
				<extendedProperties/>
<elements>
<element geometry="Left=99;Top=50;Right=189;Bottom=390;" subject="EAID_9977D5D6_D839_4e85_9EF1_rnUNRb1UyBT4" seqno="1" style="DUID=D5409A04;NSL=0;BCol=-1;BFol=-1;LCol=-1;LWth=-1;fontsz=0;bold=0;black=0;italic=0;ul=0;charset=0;pitch=0;"/>
<element geometry="Left=299;Top=50;Right=389;;Bottom=390;" subject="EAID_7183D05E_D892_423c_850E_omlX1tvqUBTm" seqno="2" style="DUID=D5409A04;NSL=0;BCol=-1;BFol=-1;LCol=-1;LWth=-1;fontsz=0;bold=0;black=0;italic=0;ul=0;charset=0;pitch=0;"/>
<element geometry="Left=499;Top=50;Right=589;;Bottom=390;" subject="EAID_7183D05E_D892_423c_850E_pgjEJWpSX1I9" seqno="3" style="DUID=D5409A04;NSL=0;BCol=-1;BFol=-1;LCol=-1;LWth=-1;fontsz=0;bold=0;black=0;italic=0;ul=0;charset=0;pitch=0;"/>
<element geometry="Left=699;Top=50;Right=789;;Bottom=390;" subject="EAID_7183D05E_D892_423c_850E_6VbubgAlD2d1" seqno="4" style="DUID=D5409A04;NSL=0;BCol=-1;BFol=-1;LCol=-1;LWth=-1;fontsz=0;bold=0;black=0;italic=0;ul=0;charset=0;pitch=0;"/>
<element geometry="SX=0;SY=0;EX=0;EY=0;Path=;" subject="EAID_049D1FF1_0B97_41fb_AC69_41AFtNZ2kpwn" style=";Hidden=0;"/>
<element geometry="SX=0;SY=0;EX=0;EY=0;Path=;" subject="EAID_049D1FF1_0B97_41fb_AC69_41AFKkZzs3Xa" style=";Hidden=0;"/>
<element geometry="SX=0;SY=0;EX=0;EY=0;Path=;" subject="EAID_049D1FF1_0B97_41fb_AC69_41AF05gLXGRh" style=";Hidden=0;"/>
<element geometry="SX=0;SY=0;EX=0;EY=0;Path=;" subject="EAID_049D1FF1_0B97_41fb_AC69_41AFYDoNQy5v" style=";Hidden=0;"/>
<element geometry="SX=0;SY=0;EX=0;EY=0;Path=;" subject="EAID_049D1FF1_0B97_41fb_AC69_41AFO4nZaH2E" style=";Hidden=0;"/>
<element geometry="SX=0;SY=0;EX=0;EY=0;Path=;" subject="EAID_049D1FF1_0B97_41fb_AC69_41AFiOkzaXHI" style=";Hidden=0;"/>
<element geometry="SX=0;SY=0;EX=0;EY=0;Path=;" subject="EAID_049D1FF1_0B97_41fb_AC69_41AF05gLXGRh" style=";Hidden=0;"/>
<element geometry="SX=0;SY=0;EX=0;EY=0;Path=;" subject="EAID_049D1FF1_0B97_41fb_AC69_41AFdI9qCUMl" style=";Hidden=0;"/>
<element geometry="SX=0;SY=0;EX=0;EY=0;Path=;" subject="EAID_049D1FF1_0B97_41fb_AC69_41AFYDoNQy5v" style=";Hidden=0;"/>
</elements>
</diagram>

<diagram xmi:id="EAID_3E9162E8_3B10_4fb1_9A31_Okf5ogXCRSpZ">
<model package="EAPK_0D4BE3DE_DBA4_430b_9F5D_2D1DC1F19C54" localID="31" owner="EAPK_0D4BE3DE_DBA4_430b_9F5D_2D1DC1F19C54" parent="EAID_586BCAF6_15CB_4a03_81A9_kUbWVnx7fPso"/>
<properties name="use cases" type="Sequence"/>
<project author="HOME" version="1.0" created="2018-11-27 16:22:38" modified="2018-11-27 16:23:00"/>
				<style1 value="ShowPrivate=1;ShowProtected=1;ShowPublic=1;HideRelationships=0;Locked=0;Border=1;HighlightForeign=1;PackageContents=1;SequenceNotes=0;ScalePrintImage=0;PPgs.cx=0;PPgs.cy=0;DocSize.cx=850;DocSize.cy=1098;ShowDetails=0;Orientation=P;Zoom=100;ShowTags=0;OpParams=1;VisibleAttributeDetail=0;ShowOpRetType=1;ShowIcons=1;CollabNums=0;HideProps=0;ShowReqs=0;ShowCons=0;PaperSize=1;HideParents=0;UseAlias=0;HideAtts=0;HideOps=0;HideStereo=0;HideElemStereo=0;ShowTests=0;ShowMaint=0;ConnectorNotation=UML 2.1;ExplicitNavigability=0;ShowShape=1;AllDockable=0;AdvancedElementProps=1;AdvancedFeatureProps=1;AdvancedConnectorProps=1;m_bElementClassifier=1;SPT=1;ShowNotes=0;SuppressBrackets=0;SuppConnectorLabels=0;PrintPageHeadFoot=0;ShowAsList=0;"/>
				<style2 value="ExcludeRTF=0;DocAll=0;HideQuals=0;AttPkg=1;ShowTests=0;ShowMaint=0;SuppressFOC=0;INT_ARGS=;INT_RET=;INT_ATT=;SeqTopMargin=50;MatrixActive=0;SwimlanesActive=1;KanbanActive=0;MatrixLineWidth=1;MatrixLineClr=0;MatrixLocked=0;TConnectorNotation=UML 2.1;TExplicitNavigability=0;AdvancedElementProps=1;AdvancedFeatureProps=1;AdvancedConnectorProps=1;m_bElementClassifier=1;SPT=1;MDGDgm=;STBLDgm=;ShowNotes=0;VisibleAttributeDetail=0;ShowOpRetType=1;SuppressBrackets=0;SuppConnectorLabels=0;PrintPageHeadFoot=0;ShowAsList=0;SuppressedCompartments=;Theme=:119;SaveTag=56D01039;"/>
				<swimlanes value="locked=false;orientation=0;width=0;inbar=false;names=false;color=-1;bold=false;fcol=0;tcol=-1;ofCol=-1;ufCol=-1;hl=0;ufh=0;hh=0;cls=0;bw=0;hli=0;SwimlaneFont=lfh:-10,lfw:0,lfi:0,lfu:0,lfs:0,lfface:Calibri,lfe:0,lfo:0,lfchar:1,lfop:0,lfcp:0,lfq:0,lfpf=0,lfWidth=0;"/>
				<matrixitems value="locked=false;matrixactive=false;swimlanesactive=true;kanbanactive=false;width=1;clrLine=0;"/>
				<extendedProperties/>
<elements>
<element geometry="Left=99;Top=50;Right=189;Bottom=390;" subject="EAID_9977D5D6_D839_4e85_9EF1_AWC9zcKWWCoE" seqno="1" style="DUID=D5409A04;NSL=0;BCol=-1;BFol=-1;LCol=-1;LWth=-1;fontsz=0;bold=0;black=0;italic=0;ul=0;charset=0;pitch=0;"/>
<element geometry="Left=299;Top=50;Right=389;;Bottom=390;" subject="EAID_7183D05E_D892_423c_850E_oOrmdRc0uydt" seqno="2" style="DUID=D5409A04;NSL=0;BCol=-1;BFol=-1;LCol=-1;LWth=-1;fontsz=0;bold=0;black=0;italic=0;ul=0;charset=0;pitch=0;"/>
<element geometry="Left=499;Top=50;Right=589;;Bottom=390;" subject="EAID_7183D05E_D892_423c_850E_b3yOVzQqKoXs" seqno="3" style="DUID=D5409A04;NSL=0;BCol=-1;BFol=-1;LCol=-1;LWth=-1;fontsz=0;bold=0;black=0;italic=0;ul=0;charset=0;pitch=0;"/>
<element geometry="Left=699;Top=50;Right=789;;Bottom=390;" subject="EAID_7183D05E_D892_423c_850E_ueSHx7qNeuVy" seqno="4" style="DUID=D5409A04;NSL=0;BCol=-1;BFol=-1;LCol=-1;LWth=-1;fontsz=0;bold=0;black=0;italic=0;ul=0;charset=0;pitch=0;"/>
<element geometry="Left=899;Top=50;Right=989;;Bottom=390;" subject="EAID_7183D05E_D892_423c_850E_V8mLOjlw18iC" seqno="5" style="DUID=D5409A04;NSL=0;BCol=-1;BFol=-1;LCol=-1;LWth=-1;fontsz=0;bold=0;black=0;italic=0;ul=0;charset=0;pitch=0;"/>
<element geometry="SX=0;SY=0;EX=0;EY=0;Path=;" subject="EAID_049D1FF1_0B97_41fb_AC69_41AFwExRlGZP" style=";Hidden=0;"/>
<element geometry="SX=0;SY=0;EX=0;EY=0;Path=;" subject="EAID_049D1FF1_0B97_41fb_AC69_41AFAjNBpRTs" style=";Hidden=0;"/>
<element geometry="SX=0;SY=0;EX=0;EY=0;Path=;" subject="EAID_049D1FF1_0B97_41fb_AC69_41AFamV0C53v" style=";Hidden=0;"/>
<element geometry="SX=0;SY=0;EX=0;EY=0;Path=;" subject="EAID_049D1FF1_0B97_41fb_AC69_41AFuKidlmBd" style=";Hidden=0;"/>
<element geometry="SX=0;SY=0;EX=0;EY=0;Path=;" subject="EAID_049D1FF1_0B97_41fb_AC69_41AF7zCvO6Qn" style=";Hidden=0;"/>
<element geometry="SX=0;SY=0;EX=0;EY=0;Path=;" subject="EAID_049D1FF1_0B97_41fb_AC69_41AFAjNBpRTs" style=";Hidden=0;"/>
<element geometry="SX=0;SY=0;EX=0;EY=0;Path=;" subject="EAID_049D1FF1_0B97_41fb_AC69_41AFeiYbPWXx" style=";Hidden=0;"/>
<element geometry="SX=0;SY=0;EX=0;EY=0;Path=;" subject="EAID_049D1FF1_0B97_41fb_AC69_41AFSfkRCJeo" style=";Hidden=0;"/>
<element geometry="SX=0;SY=0;EX=0;EY=0;Path=;" subject="EAID_049D1FF1_0B97_41fb_AC69_41AF7zCvO6Qn" style=";Hidden=0;"/>
</elements>
</diagram>

<diagram xmi:id="EAID_3E9162E8_3B10_4fb1_9A31_unB6O4Khk7Aa">
<model package="EAPK_0D4BE3DE_DBA4_430b_9F5D_2D1DC1F19C54" localID="32" owner="EAPK_0D4BE3DE_DBA4_430b_9F5D_2D1DC1F19C54" parent="EAID_586BCAF6_15CB_4a03_81A9_K7UYXJKsAVy4"/>
<properties name="use cases" type="Sequence"/>
<project author="HOME" version="1.0" created="2018-11-27 16:22:38" modified="2018-11-27 16:23:00"/>
				<style1 value="ShowPrivate=1;ShowProtected=1;ShowPublic=1;HideRelationships=0;Locked=0;Border=1;HighlightForeign=1;PackageContents=1;SequenceNotes=0;ScalePrintImage=0;PPgs.cx=0;PPgs.cy=0;DocSize.cx=850;DocSize.cy=1098;ShowDetails=0;Orientation=P;Zoom=100;ShowTags=0;OpParams=1;VisibleAttributeDetail=0;ShowOpRetType=1;ShowIcons=1;CollabNums=0;HideProps=0;ShowReqs=0;ShowCons=0;PaperSize=1;HideParents=0;UseAlias=0;HideAtts=0;HideOps=0;HideStereo=0;HideElemStereo=0;ShowTests=0;ShowMaint=0;ConnectorNotation=UML 2.1;ExplicitNavigability=0;ShowShape=1;AllDockable=0;AdvancedElementProps=1;AdvancedFeatureProps=1;AdvancedConnectorProps=1;m_bElementClassifier=1;SPT=1;ShowNotes=0;SuppressBrackets=0;SuppConnectorLabels=0;PrintPageHeadFoot=0;ShowAsList=0;"/>
				<style2 value="ExcludeRTF=0;DocAll=0;HideQuals=0;AttPkg=1;ShowTests=0;ShowMaint=0;SuppressFOC=0;INT_ARGS=;INT_RET=;INT_ATT=;SeqTopMargin=50;MatrixActive=0;SwimlanesActive=1;KanbanActive=0;MatrixLineWidth=1;MatrixLineClr=0;MatrixLocked=0;TConnectorNotation=UML 2.1;TExplicitNavigability=0;AdvancedElementProps=1;AdvancedFeatureProps=1;AdvancedConnectorProps=1;m_bElementClassifier=1;SPT=1;MDGDgm=;STBLDgm=;ShowNotes=0;VisibleAttributeDetail=0;ShowOpRetType=1;SuppressBrackets=0;SuppConnectorLabels=0;PrintPageHeadFoot=0;ShowAsList=0;SuppressedCompartments=;Theme=:119;SaveTag=56D01039;"/>
				<swimlanes value="locked=false;orientation=0;width=0;inbar=false;names=false;color=-1;bold=false;fcol=0;tcol=-1;ofCol=-1;ufCol=-1;hl=0;ufh=0;hh=0;cls=0;bw=0;hli=0;SwimlaneFont=lfh:-10,lfw:0,lfi:0,lfu:0,lfs:0,lfface:Calibri,lfe:0,lfo:0,lfchar:1,lfop:0,lfcp:0,lfq:0,lfpf=0,lfWidth=0;"/>
				<matrixitems value="locked=false;matrixactive=false;swimlanesactive=true;kanbanactive=false;width=1;clrLine=0;"/>
				<extendedProperties/>
<elements>
<element geometry="Left=99;Top=50;Right=189;Bottom=390;" subject="EAID_9977D5D6_D839_4e85_9EF1_YJ7BG7CFFPXr" seqno="1" style="DUID=D5409A04;NSL=0;BCol=-1;BFol=-1;LCol=-1;LWth=-1;fontsz=0;bold=0;black=0;italic=0;ul=0;charset=0;pitch=0;"/>
<element geometry="Left=299;Top=50;Right=389;;Bottom=390;" subject="EAID_7183D05E_D892_423c_850E_dIVPnI8m6szn" seqno="2" style="DUID=D5409A04;NSL=0;BCol=-1;BFol=-1;LCol=-1;LWth=-1;fontsz=0;bold=0;black=0;italic=0;ul=0;charset=0;pitch=0;"/>
<element geometry="Left=499;Top=50;Right=589;;Bottom=390;" subject="EAID_7183D05E_D892_423c_850E_n7q93SCBcLpV" seqno="3" style="DUID=D5409A04;NSL=0;BCol=-1;BFol=-1;LCol=-1;LWth=-1;fontsz=0;bold=0;black=0;italic=0;ul=0;charset=0;pitch=0;"/>
<element geometry="Left=699;Top=50;Right=789;;Bottom=390;" subject="EAID_7183D05E_D892_423c_850E_DOHJuVOhjmhK" seqno="4" style="DUID=D5409A04;NSL=0;BCol=-1;BFol=-1;LCol=-1;LWth=-1;fontsz=0;bold=0;black=0;italic=0;ul=0;charset=0;pitch=0;"/>
<element geometry="Left=899;Top=50;Right=989;;Bottom=390;" subject="EAID_7183D05E_D892_423c_850E_lpf6Yq8bwOG5" seqno="5" style="DUID=D5409A04;NSL=0;BCol=-1;BFol=-1;LCol=-1;LWth=-1;fontsz=0;bold=0;black=0;italic=0;ul=0;charset=0;pitch=0;"/>
<element geometry="Left=1099;Top=50;Right=1189;;Bottom=390;" subject="EAID_7183D05E_D892_423c_850E_TzSN6Bc88pHO" seqno="6" style="DUID=D5409A04;NSL=0;BCol=-1;BFol=-1;LCol=-1;LWth=-1;fontsz=0;bold=0;black=0;italic=0;ul=0;charset=0;pitch=0;"/>
<element geometry="SX=0;SY=0;EX=0;EY=0;Path=;" subject="EAID_049D1FF1_0B97_41fb_AC69_41AF3Xnn8KgA" style=";Hidden=0;"/>
<element geometry="SX=0;SY=0;EX=0;EY=0;Path=;" subject="EAID_049D1FF1_0B97_41fb_AC69_41AFUbB8Zgi7" style=";Hidden=0;"/>
<element geometry="SX=0;SY=0;EX=0;EY=0;Path=;" subject="EAID_049D1FF1_0B97_41fb_AC69_41AFqZfJg3ep" style=";Hidden=0;"/>
<element geometry="SX=0;SY=0;EX=0;EY=0;Path=;" subject="EAID_049D1FF1_0B97_41fb_AC69_41AFgqLkyNia" style=";Hidden=0;"/>
<element geometry="SX=0;SY=0;EX=0;EY=0;Path=;" subject="EAID_049D1FF1_0B97_41fb_AC69_41AFGvKWeNjL" style=";Hidden=0;"/>
<element geometry="SX=0;SY=0;EX=0;EY=0;Path=;" subject="EAID_049D1FF1_0B97_41fb_AC69_41AFUbB8Zgi7" style=";Hidden=0;"/>
<element geometry="SX=0;SY=0;EX=0;EY=0;Path=;" subject="EAID_049D1FF1_0B97_41fb_AC69_41AFvbmPA5FJ" style=";Hidden=0;"/>
<element geometry="SX=0;SY=0;EX=0;EY=0;Path=;" subject="EAID_049D1FF1_0B97_41fb_AC69_41AFmi93NNUC" style=";Hidden=0;"/>
<element geometry="SX=0;SY=0;EX=0;EY=0;Path=;" subject="EAID_049D1FF1_0B97_41fb_AC69_41AFGvKWeNjL" style=";Hidden=0;"/>
</elements>
</diagram>
</diagrams>
	</xmi:Extension></xmi:XMI>