Team. NO.,Semester,PROJ,Type,PREC,FLEX,RESL,TEAM,PMAT,RELY,DATA,CPLX,RUSE,DOCU,TIME,STOR,PVOL,ACAP,PCAP,PCON,APEX,PLEX,LTEX,TOOL,SITE,SCED
3,Spring 2015,f15a_linggo,Java app,H,H,L,H,L,,,,,,,,,,,,,,,,,
,,,Module 1,,,,,,N,H,N,VH,N,N,N,L,H,H,H,L,VL,L,VH,XH,N
,,,Module 2,,,,,,N,L,N,VH,VL,N,N,L,H,H,H,L,VL,L,VH,XH,N
,,,Module 3,,,,,,L,N,N,VH,N,N,N,L,H,H,H,L,VL,L,VH,XH,N
,,,Module 4,,,,,,H,N,N,VH,L,N,N,L,H,H,H,L,VL,L,VH,XH,N
,,,Module 5,,,,,,N,H,N,VH,N,H,N,L,H,H,H,L,L,L,VH,XH,N
,,,Module 6,,,,,,N,N,N,VH,N,N,N,L,H,H,H,N,N,N,VH,XH,N
4,Spring 2015,s16b_flower_seeker,Web,L,N,L,VH,N,,,,,,,,,,,,,,,,,
,,,User management system,,,,,,H,H,N,L,N,N,N,N,N,L,VH,L,VL,L,N,H,
,,,Flower management system,,,,,,H,H,N,L,N,N,H,N,N,L,VH,L,VL,L,N,H,
,,,Payment system,,,,,,H,N,VH,L,N,N,N,N,N,L,VH,L,VL,L,N,H,
,,,Order management system,,,,,,H,N,N,L,N,N,N,N,N,L,VH,L,VL,L,N,H,
,,,Search system,,,,,,H,L,N,L,N,N,N,N,N,L,VH,L,VL,L,N,H,
,,,Tracking system,,,,,,N,L,N,L,N,N,N,N,N,L,VH,L,VL,L,N,H,
,,,Review and rating system,,,,,,L,N,N,L,N,N,N,N,N,L,VH,L,VL,L,N,H,
12,Spring 2015,lcp_asbuilt_s15b_t12_v4.0,Web,N,N,H,H,N,,,,,,,,,,,,,,,,,
,,,search module,,,,,,N,H,N,L,N,N,N,H,H,H,VH,N,N,N,N,VH,N
,,,share module,,,,,,H,VH,N,L,N,N,N,H,H,H,VH,N,N,N,N,VH,N
,,,networking module,,,,,,N,H,H,L,N,N,N,H,H,H,VH,N,N,N,N,VH,N
5,Fall 2014,f14a_snapp_voice_communication_system,Web,N,N,H,H,N,,,,,,,,,,,,,,,,,
,,,Call listening,,,,,,N,L,N,N,N,N,N,L,N,H,H,L,N,VL,N,H,
,,,Call logger,,,,,,VH,VH,N,N,N,N,VH,L,N,H,H,L,N,VL,N,H,
,,,Call recording,,,,,,H,N,N,N,N,N,N,L,N,H,H,L,N,VL,N,H,
,,,Call handling module,,,,,,N,N,H,N,N,N,N,L,N,H,H,L,N,VL,N,H,
,,,Dialer,,,,,,H,L,N,N,N,N,N,L,N,H,H,L,VL,VL,N,H,
6,Fall 2014,f14a_black_professionals_net,Web,H,H,H,VH,N,,,,,,,,,,,,,,,,,
,,,Module 1,,,,,,H,H,N,L,N,N,H,L,H,L,L,H,L,L,N,VH,
,,,Module 2,,,,,,L,H,N,L,N,N,N,L,H,L,L,H,L,L,N,VH,
,,,Module 3,,,,,,L,N,H,L,H,N,N,L,H,L,L,H,L,L,N,VH,
,,,Module 4,,,,,,L,N,N,L,N,N,N,L,H,L,L,H,L,L,N,VH,
,,,Module 5,,,,,,H,H,N,L,N,N,N,L,H,L,L,H,L,L,N,VH,
,,,Module 6,,,,,,L,L,N,L,N,N,N,L,H,L,L,H,L,L,N,VH,
,,,Module 7,,,,,,L,L,N,L,N,N,N,L,H,L,L,H,L,L,N,VH,
10,Fall 2014,f14a_REFERsy,Web,H,VH,H,VH,N,,,,,,,,,,,,,,,,,
,,,API Controller module,,,,,,N,VH,N,L,L,XH,N,H,H,VH,H,H,L,VH,VH,VH,N
,,,Result processing module,,,,,,N,H,N,L,N,VH,N,L,H,VH,H,H,L,VH,VH,VH,N
,,,User authentication module,,,,,,N,L,N,L,N,N,N,L,H,VH,H,H,L,VH,VH,VH,N
11,Fall 2014,f14a_sharethetraining_com,Java,H,H,N,H,N,,,,,,,,,,,,,,,,,
,,,Course management,,,,,,N,L,L,N,N,N,H,N,N,L,VH,L,N,N,N,H,N
,,,User management,,,,,,N,L,L,N,L,N,H,N,N,L,VH,L,N,N,N,H,N
,,,Review management,,,,,,N,L,L,N,N,N,H,N,N,L,VH,L,N,N,N,H,N
,,,Order management,,,,,,N,L,L,N,N,N,H,N,N,L,VH,L,N,N,N,H,N
7,Spring 2015,s15b_mission_science_irobots,C# .NET,N,VH,N,H,N,,,,,,,,,,,,,,,,,
,,,GUI module,,,,,,N,L,N,L,N,H,N,L,N,H,H,H,H,N,H,VH,N
,,,Translator module,,,,,,N,L,L,L,H,N,N,L,N,L,H,L,N,N,L,VH,N
,,,Emulator module,,,,,,H,L,N,L,N,H,N,L,L,L,H,L,N,N,L,VH,N
,,,HLProgram,,,,,,H,L,L,L,N,N,N,L,L,N,H,N,N,N,L,VH,N
2,Fall 2014,f14a_tipsure_com,Web,L,H,N,H,N,,,,,,,,,,,,,,,,,
,,,Spider management module,,,,,,VH,H,H,H,N,N,N,L,H,N,VH,L,L,N,L,H,N
,,,Data Ingestion management module,,,,,,VH,H,H,H,N,N,VH,L,H,N,VH,L,L,N,L,H,N
,,,Social media management module,,,,,,VH,H,H,H,N,N,H,L,H,N,VH,L,L,N,L,H,N
8,Fall 2014,f14a_e_lock_box,Web,N,N/H,N,N,H,,,,,,,,,,,,,,,,,
,,,Case management,,,,,,H,N,N,H,N,N,N,L,N,N,VH,L,N,L,N,H,N
,,,User management,,,,,,H,N,N,H,N,N,N,L,N,N,VH,L,N,L,N,H,N
,,,Report generation,,,,,,H,N,N,H,N,N,N,L,N,N,VH,L,N,L,N,H,N
,,,Documentation management,,,,,,H,H,N,H,N,N,N,L,N,N,VH,L,N,L,N,H,N
9,Fall 2014,f14a_women_at_work_website_redesign,Web,H,L,N,N,N,,,,,,,,,,,,,,,,,
,,,Search module,,,,,,L,L,L,L,N,N,N,L,N,N,VH,H,N,H,L,VH,
,,,Mobile application module,,,,,,L,L,L,L,N,N,N,L,N,L,VH,VL,L,N,L,VH,
,,,Add business/form module,,,,,,L,L,L,L,N,N,N,L,N,N,VH,H,L,N,L,VH,
13,Fall 2014,f14a_mobile_application,Mobile,N,H,L,N,N,N,L,L,L,L,N,N,L,VH,VH,VL,H,N,H,H,VH,N
14,Fall 2014,f14a_women_at_work_website_redesign,Web,L,H,H,H,L,,,,,,,,,,,,,,,,,
,,,Module 1,,,,,,N,L,L,L,N,N,H,L,H,H,VH,N,N,N,H,XH,N
,,,Module 2,,,,,,L,L,L,L,N,N,N,L,H,H,VH,N,N,N,H,XH,N
,,,Module 3,,,,,,H,L,L,L,L,H,N,L,H,H,VH,N,H,H,H,XH,N
,,,Module 4,,,,,,L,L,L,N,L,H,N,L,H,H,VH,L,L,L,H,XH,N
,,,Module 5,,,,,,N,N,L,N,L,N,N,L,H,H,VH,N,N,H,H,XH,N
15,Fall 2014,f14a_gotria,Mobile,N,N,N,H,N,,,,,,,,,,,,,,,,,
,,,Class management module,,,,,,N,L,N,L,N,N,H,L,N,N,VL,N,N,N,N,VH,N
,,,Girls management module,,,,,,N,L,N,L,N,N,H,L,N,N,VL,N,N,N,N,VH,N
,,,Girls attendance management module,,,,,,N,L,N,L,N,N,H,L,N,N,VL,N,N,N,N,VH,N
,,,Volunteer attendance management module,,,,,,N,L,N,L,N,N,H,L,N,N,VL,N,N,N,N,VH,N
,,,Volunteer management module,,,,,,N,L,N,L,N,N,N,L,N,N,VL,N,N,N,N,VH,N
,,,Change password module,,,,,,N,L,H,L,N,N,N,L,N,N,VL,N,N,N,N,VH,N
,,,User management,,,,,,N,L,N,L,N,N,N,L,N,N,VL,N,N,N,N,VH,N
,,,Attendance check-in module,,,,,,N,L,N,L,N,N,N,L,N,N,VL,N,N,N,N,VH,N
,,,Profile management module,,,,,,N,L,N,L,N,N,N,L,N,N,VL,N,N,N,N,VH,N
1,Spring 2015,s15b_we_are_trojans_network,Web,H,H,N,H,N,,,,,,,,,,,,,,,,,
,,,Module 1,,,,,,N,L,N,N,N,N,N,N,H,H,VH,N,N,H,N,H,N
,,,Module 2,,,,,,N,N,N,L,N,N,VH,N,H,H,VH,N,N,H,N,H,N
,,,Module 3,,,,,,N,L,L,N,N,N,N,N,H,H,VH,N,N,H,N,H,N
,,,Module 4,,,,,,L,L,L,N,N,N,N,N,H,H,VH,N,N,H,N,H,N
,,,Module 5,,,,,,L,L,N,N,N,N,N,N,H,H,VH,N,N,H,N,H,N
,,,,,,,,,,,,,,,,,,,,,,,,,
,,,,,,,,,,,,,,,,,,,,,,,,,
,,,,,,,,,,,,,,,,,,,,,,,,,
,,,,,,,,,,,,,,,,,,,,,,,,,
,,,,,,,,,,,,,,,,,,,,,,,,,
,,,,,,,,,,,,,,,,,,,,,,,,,
,,,,,,,,,,,,,,,,,,,,,,,,,
,,,,,,,,,,,,,,,,,,,,,,,,,
,,,,,,,,,,,,,,,,,,,,,,,,,
,,,,,,,,,,,,,,,,,,,,,,,,,
,,,,,,,,,,,,,,,,,,,,,,,,,
,,,,,,,,,,,,,,,,,,,,,,,,,
,,,,,,,,,,,,,,,,,,,,,,,,,
,,,,,,,,,,,,,,,,,,,,,,,,,
,,,,,,,,,,,,,,,,,,,,,,,,,
,,,,,,,,,,,,,,,,,,,,,,,,,
,,,,,,,,,,,,,,,,,,,,,,,,,
,,,,,,,,,,,,,,,,,,,,,,,,,
,,,,,,,,,,,,,,,,,,,,,,,,,
,,,,,,,,,,,,,,,,,,,,,,,,,
,,,,,,,,,,,,,,,,,,,,,,,,,
,,,,,,,,,,,,,,,,,,,,,,,,,
,,,,,,,,,,,,,,,,,,,,,,,,,
,,,,,,,,,,,,,,,,,,,,,,,,,
,,,,,,,,,,,,,,,,,,,,,,,,,
,,,,,,,,,,,,,,,,,,,,,,,,,
,,,,,,,,,,,,,,,,,,,,,,,,,
,,,,,,,,,,,,,,,,,,,,,,,,,
,,,,,,,,,,,,,,,,,,,,,,,,,
,,,,,,,,,,,,,,,,,,,,,,,,,
,,,,,,,,,,,,,,,,,,,,,,,,,
,,,,,,,,,,,,,,,,,,,,,,,,,
,,,,,,,,,,,,,,,,,,,,,,,,,
,,,,,,,,,,,,,,,,,,,,,,,,,
,,,,,,,,,,,,,,,,,,,,,,,,,
,,,,,,,,,,,,,,,,,,,,,,,,,
,,,,,,,,,,,,,,,,,,,,,,,,,
,,,,,,,,,,,,,,,,,,,,,,,,,
,,,,,,,,,,,,,,,,,,,,,,,,,
,,,,,,,,,,,,,,,,,,,,,,,,,
,,,,,,,,,,,,,,,,,,,,,,,,,
,,,,,,,,,,,,,,,,,,,,,,,,,
,,,,,,,,,,,,,,,,,,,,,,,,,
,,,,,,,,,,,,,,,,,,,,,,,,,
,,,,,,,,,,,,,,,,,,,,,,,,,
,,,,,,,,,,,,,,,,,,,,,,,,,
,,,,,,,,,,,,,,,,,,,,,,,,,
,,,,,,,,,,,,,,,,,,,,,,,,,
,,,,,,,,,,,,,,,,,,,,,,,,,
,,,,,,,,,,,,,,,,,,,,,,,,,
,,,,,,,,,,,,,,,,,,,,,,,,,
,,,,,,,,,,,,,,,,,,,,,,,,,
,,,,,,,,,,,,,,,,,,,,,,,,,
,,,,,,,,,,,,,,,,,,,,,,,,,
,,,,,,,,,,,,,,,,,,,,,,,,,
,,,,,,,,,,,,,,,,,,,,,,,,,
,,,,,,,,,,,,,,,,,,,,,,,,,
,,,,,,,,,,,,,,,,,,,,,,,,,
,,,,,,,,,,,,,,,,,,,,,,,,,
,,,,,,,,,,,,,,,,,,,,,,,,,
,,,,,,,,,,,,,,,,,,,,,,,,,
,,,,,,,,,,,,,,,,,,,,,,,,,
,,,,,,,,,,,,,,,,,,,,,,,,,
,,,,,,,,,,,,,,,,,,,,,,,,,
,,,,,,,,,,,,,,,,,,,,,,,,,
,,,,,,,,,,,,,,,,,,,,,,,,,
,,,,,,,,,,,,,,,,,,,,,,,,,
,,,,,,,,,,,,,,,,,,,,,,,,,
,,,,,,,,,,,,,,,,,,,,,,,,,
,,,,,,,,,,,,,,,,,,,,,,,,,
,,,,,,,,,,,,,,,,,,,,,,,,,
,,,,,,,,,,,,,,,,,,,,,,,,,
,,,,,,,,,,,,,,,,,,,,,,,,,
,,,,,,,,,,,,,,,,,,,,,,,,,
,,,,,,,,,,,,,,,,,,,,,,,,,
,,,,,,,,,,,,,,,,,,,,,,,,,
,,,,,,,,,,,,,,,,,,,,,,,,,
,,,,,,,,,,,,,,,,,,,,,,,,,
,,,,,,,,,,,,,,,,,,,,,,,,,
,,,,,,,,,,,,,,,,,,,,,,,,,
,,,,,,,,,,,,,,,,,,,,,,,,,
,,,,,,,,,,,,,,,,,,,,,,,,,
,,,,,,,,,,,,,,,,,,,,,,,,,
,,,,,,,,,,,,,,,,,,,,,,,,,
,,,,,,,,,,,,,,,,,,,,,,,,,
,,,,,,,,,,,,,,,,,,,,,,,,,
,,,,,,,,,,,,,,,,,,,,,,,,,
,,,,,,,,,,,,,,,,,,,,,,,,,
,,,,,,,,,,,,,,,,,,,,,,,,,
,,,,,,,,,,,,,,,,,,,,,,,,,
,,,,,,,,,,,,,,,,,,,,,,,,,
,,,,,,,,,,,,,,,,,,,,,,,,,
,,,,,,,,,,,,,,,,,,,,,,,,,
,,,,,,,,,,,,,,,,,,,,,,,,,
,,,,,,,,,,,,,,,,,,,,,,,,,
,,,,,,,,,,,,,,,,,,,,,,,,,
,,,,,,,,,,,,,,,,,,,,,,,,,
,,,,,,,,,,,,,,,,,,,,,,,,,
,,,,,,,,,,,,,,,,,,,,,,,,,
,,,,,,,,,,,,,,,,,,,,,,,,,
,,,,,,,,,,,,,,,,,,,,,,,,,
,,,,,,,,,,,,,,,,,,,,,,,,,
,,,,,,,,,,,,,,,,,,,,,,,,,
,,,,,,,,,,,,,,,,,,,,,,,,,
,,,,,,,,,,,,,,,,,,,,,,,,,
,,,,,,,,,,,,,,,,,,,,,,,,,
,,,,,,,,,,,,,,,,,,,,,,,,,
,,,,,,,,,,,,,,,,,,,,,,,,,
,,,,,,,,,,,,,,,,,,,,,,,,,
,,,,,,,,,,,,,,,,,,,,,,,,,
,,,,,,,,,,,,,,,,,,,,,,,,,
,,,,,,,,,,,,,,,,,,,,,,,,,
,,,,,,,,,,,,,,,,,,,,,,,,,
,,,,,,,,,,,,,,,,,,,,,,,,,
,,,,,,,,,,,,,,,,,,,,,,,,,
,,,,,,,,,,,,,,,,,,,,,,,,,
,,,,,,,,,,,,,,,,,,,,,,,,,
,,,,,,,,,,,,,,,,,,,,,,,,,
,,,,,,,,,,,,,,,,,,,,,,,,,
,,,,,,,,,,,,,,,,,,,,,,,,,
,,,,,,,,,,,,,,,,,,,,,,,,,
,,,,,,,,,,,,,,,,,,,,,,,,,
,,,,,,,,,,,,,,,,,,,,,,,,,
,,,,,,,,,,,,,,,,,,,,,,,,,
,,,,,,,,,,,,,,,,,,,,,,,,,